ros_timestamp,predicted_score,true_label,traversability_cost,w_slip,w_imu_rp,w_imu_gyro,w_wheel_speed,w_wheel_accel,gt_slip,gt_imu_rp,gt_imu_gyro,gt_wheel_speed,gt_wheel_accel
1770200091.4260,0.46318119764328003,0.8902277946472168,1.0,0.16779299,0.019955797,0.3522317,0.1678229,0.2921966,0.8902278,0.8902278,0.8902278,0.8902278,0.8902278
1770200091.5142,0.4873419404029846,0.8902277946472168,1.0,0.18049625,0.05849988,0.35995328,0.2716681,0.12938249,0.8902278,0.8902278,0.8902278,0.8902278,0.8902278
1770200091.6230,0.5179881453514099,0.8744152188301086,1.0,0.12376205,0.20139621,0.16450076,0.45313337,0.057207532,0.92066747,0.9011288,0.77733475,0.8262165,0.9467283
1770200091.6598,0.6080265641212463,0.8898465037345886,1.0,0.29290476,0.22712542,0.13328223,0.29481557,0.05187197,0.8898465,0.8898465,0.8898465,0.8898465,0.8898465
1770200091.8223,0.567275881767273,0.8902277946472168,0.4744962155818939,0.14579356,0.21685696,0.18568127,0.29243493,0.15923335,0.9202526,0.93495905,0.82015043,0.8291803,0.94659674
1770200091.9391,0.5326693654060364,0.8902277946472168,0.2997286021709442,0.12607011,0.18526481,0.14640282,0.41209656,0.13016568,0.9202526,0.93495905,0.82015043,0.8291803,0.94659674
1770200091.9691,0.5057259798049927,0.8902277946472168,0.26659688353538513,0.10898153,0.15870886,0.102283485,0.51809686,0.11192931,0.9202526,0.93495905,0.82015043,0.8291803,0.94659674
1770200092.0608,0.4922785460948944,0.8902277946472168,0.1967685967683792,0.086490355,0.12638412,0.087439135,0.607571,0.09211538,0.9202526,0.93495905,0.82015043,0.8291803,0.94659674
1770200092.1933,0.4628865718841553,0.9151422381401062,0.15681783854961395,0.06925697,0.15645294,0.07567983,0.67197186,0.026638404,0.91514224,0.91514224,0.91514224,0.91514224,0.91514224
1770200092.2808,0.7204617261886597,0.9151422381401062,0.1540612131357193,0.22276524,0.14185122,0.35523498,0.18017596,0.099972636,0.91514224,0.91514224,0.91514224,0.91514224,0.91514224
1770200092.3907,0.7021128535270691,0.9151422381401062,0.18604856729507446,0.24216627,0.19318601,0.33655733,0.14020899,0.08788142,0.91514224,0.91514224,0.91514224,0.91514224,0.91514224
1770200092.4975,0.7174617052078247,0.8898464441299438,0.2673746347427368,0.16114211,0.17091203,0.20290253,0.3681394,0.0969039,0.9234583,0.9825832,0.78768146,0.80642414,0.9490852
1770200092.6594,0.6347631812095642,0.9151422381401062,0.39485788345336914,0.0844865,0.10007447,0.14151062,0.58948016,0.08444817,0.91514224,0.91514224,0.91514224,0.91514224,0.91514224
1770200092.7245,0.7051692605018616,0.9151422381401062,0.41699936985969543,0.08886394,0.069906406,0.1645204,0.4656015,0.21110773,0.9557955,0.9826544,0.8082739,0.8561732,0.97281456
1770200092.8215,0.8307194709777832,0.9151422381401062,0.3775729835033417,0.15823671,0.097552344,0.2953858,0.25421026,0.19461486,0.9557955,0.9826544,0.8082739,0.8561732,0.97281456
1770200093.0065,0.8318462371826172,0.9151422381401062,0.24328111112117767,0.22174878,0.10468192,0.16837364,0.21994723,0.28524846,0.9557955,0.9826544,0.8082739,0.8561732,0.97281456
1770200093.3873,0.7481768131256104,0.9315347671508789,0.3849848806858063,0.3866929,0.17242718,0.14320861,0.09136162,0.20630966,0.93153477,0.93153477,0.93153477,0.93153477,0.93153477
1770200094.0524,0.8572957515716553,0.9151422381401062,0.18314042687416077,0.22564417,0.11933813,0.1906759,0.21964791,0.24469385,0.9557955,0.9826544,0.8082739,0.8561732,0.97281456
1770200094.3632,0.8498551845550537,0.8898464441299438,0.42001548409461975,0.22514713,0.18869753,0.18561709,0.27768755,0.122850694,0.9234583,0.9825832,0.78768146,0.80642414,0.9490852
1770200094.7789,0.8779034614562988,0.9151422381401062,0.4741247296333313,0.21747181,0.13738716,0.21383147,0.23686558,0.19444391,0.9557955,0.9826544,0.8082739,0.8561732,0.97281456
1770200095.3090,0.8865010738372803,0.9151422381401062,0.2638339102268219,0.21068032,0.14652993,0.22307074,0.24928454,0.17043455,0.9557955,0.9826544,0.8082739,0.8561732,0.97281456
1770200096.2724,0.8439443111419678,0.9315347671508789,0.25296133756637573,0.18750025,0.2151281,0.29989454,0.1645977,0.13287947,0.93153477,0.93153477,0.93153477,0.93153477,0.93153477
1770200096.7741,0.8831723928451538,0.8898464441299438,0.22354449331760406,0.21701492,0.19948748,0.14890775,0.3387689,0.095820926,0.9234583,0.9825832,0.78768146,0.80642414,0.9490852
1770200096.8398,0.9149497747421265,0.9151422381401062,0.22933000326156616,0.14394934,0.16128972,0.13149272,0.40591767,0.15735056,0.9557955,0.9826544,0.8082739,0.8561732,0.97281456
1770200096.9016,0.8645197153091431,0.9315347671508789,0.2374894917011261,0.18375844,0.22736725,0.2790651,0.18867072,0.12113851,0.93153477,0.93153477,0.93153477,0.93153477,0.93153477
1770200097.0056,0.9273203611373901,0.9151422381401062,0.24981825053691864,0.15397191,0.17864871,0.11897016,0.3863871,0.16202207,0.9557955,0.9826544,0.8082739,0.8561732,0.97281456
1770200097.0633,0.9330567717552185,0.9151422381401062,0.25658729672431946,0.162701,0.18616337,0.118197,0.36192164,0.17101708,0.9557955,0.9826544,0.8082739,0.8561732,0.97281456
1770200097.1166,0.9103199243545532,0.9151422381401062,0.26272568106651306,0.2046201,0.220592,0.20008689,0.22772114,0.14697984,0.9557955,0.9826544,0.8082739,0.8561732,0.97281456
1770200097.2090,0.9260563254356384,0.9151422381401062,0.273125559091568,0.23185779,0.18932411,0.18916625,0.239157,0.1504949,0.9557955,0.9826544,0.8082739,0.8561732,0.97281456
1770200097.3045,0.9460235238075256,0.9151422381401062,0.27531903982162476,0.15821567,0.17950542,0.11383067,0.32163677,0.22681151,0.9557955,0.9826544,0.8082739,0.8561732,0.97281456
1770200097.4247,0.9225360751152039,0.8898464441299438,0.2516731321811676,0.23462544,0.21450354,0.12884003,0.29203555,0.12999547,0.9234583,0.9825832,0.78768146,0.80642414,0.9490852
1770200097.5175,0.9251537919044495,0.8898464441299438,0.21136890351772308,0.22228013,0.21993653,0.14062239,0.27829677,0.1388642,0.9234583,0.9825832,0.78768146,0.80642414,0.9490852
1770200097.6591,0.927250862121582,0.8898464441299438,0.16485808789730072,0.23657653,0.19950114,0.12658411,0.2754314,0.16190676,0.9234583,0.9825832,0.78768146,0.80642414,0.9490852
1770200097.7066,0.9025963544845581,0.9151422381401062,0.15452668070793152,0.13677238,0.1738478,0.26235786,0.2493724,0.17764959,0.9557955,0.9826544,0.8082739,0.8561732,0.97281456
1770200097.8364,0.9546152353286743,0.9151422381401062,0.12984921038150787,0.11262287,0.17908241,0.16981694,0.23397355,0.30450422,0.9557955,0.9826544,0.8082739,0.8561732,0.97281456
1770200097.9055,0.9049834609031677,0.9315347671508789,0.11824711412191391,0.13191657,0.11328435,0.24485046,0.24985255,0.2600961,0.93153477,0.93153477,0.93153477,0.93153477,0.93153477
1770200098.0052,0.8245476484298706,0.9376883506774902,0.10021652281284332,0.06751644,0.23106192,0.52859944,0.069517426,0.10330476,0.92875415,0.8740005,0.93372333,0.9998307,0.9521329
1770200098.1204,0.9515809416770935,0.9151422381401062,0.09627465903759003,0.1202097,0.19545133,0.19586445,0.1994681,0.28900632,0.9557955,0.9826544,0.8082739,0.8561732,0.97281456
1770200098.1897,0.914080798625946,0.9315347671508789,0.11254645138978958,0.15328903,0.11972629,0.22627679,0.23684208,0.2638658,0.93153477,0.93153477,0.93153477,0.93153477,0.93153477
1770200098.2957,0.8717727065086365,0.9145151972770691,0.1633114367723465,0.0954522,0.24173294,0.34691566,0.18727493,0.1286243,0.9145152,0.9145152,0.9145152,0.9145152,0.9145152
1770200098.3971,0.8252902030944824,0.9238479733467102,0.2116418182849884,0.1873793,0.26743108,0.31437674,0.07368521,0.15712771,0.9321047,0.8712249,0.8839956,0.9771081,0.9548067
1770200098.4950,0.860119640827179,0.9145151376724243,0.24011468887329102,0.2959913,0.20002763,0.31401202,0.040957563,0.14901151,0.943952,0.87727535,0.81113344,0.9756467,0.96456814
1770200098.6056,0.8630173206329346,0.9070141911506653,0.24710334837436676,0.2742029,0.35132095,0.14207749,0.12925495,0.10314363,0.9070142,0.9070142,0.9070142,0.9070142,0.9070142
1770200098.6920,0.8301067352294922,0.9238479733467102,0.251249760389328,0.21760026,0.26073968,0.289734,0.080103576,0.1518225,0.9321047,0.8712249,0.8839956,0.9771081,0.9548067
1770200098.8110,0.8024120330810547,0.9070141911506653,0.26984718441963196,0.17615825,0.28278488,0.19421206,0.16241026,0.18443455,0.93617,0.84724456,0.8308563,0.95187145,0.96892864
1770200098.8976,0.9158039093017578,0.9315347671508789,0.3048383593559265,0.19025396,0.13771245,0.21272078,0.27947775,0.17983507,0.93153477,0.93153477,0.93153477,0.93153477,0.93153477
1770200099.0133,0.8214581608772278,0.9145151376724243,0.36831265687942505,0.20025787,0.2534601,0.3138786,0.09124696,0.14115646,0.943952,0.87727535,0.81113344,0.9756467,0.96456814
1770200099.1105,0.7966213226318359,0.9070141911506653,0.43493735790252686,0.17093444,0.2831665,0.20313385,0.16623561,0.1765296,0.93617,0.84724456,0.8308563,0.95187145,0.96892864
1770200099.2436,0.8251563310623169,0.8688028454780579,0.4673408269882202,0.16766346,0.29675254,0.17232145,0.17197865,0.19128391,0.8835399,0.79321253,0.7762631,0.93308896,0.95790964
1770200099.3000,0.8523299694061279,0.9151422381401062,0.4613855481147766,0.13911863,0.2199171,0.35776982,0.1970283,0.08616618,0.9557955,0.9826544,0.8082739,0.8561732,0.97281456
1770200099.4258,0.7754334211349487,0.8629425168037415,0.4188358783721924,0.17095135,0.31610873,0.21171644,0.1110825,0.19014095,0.8135209,0.8228289,0.8221074,0.90516233,0.9510933
1770200099.5084,0.7814996242523193,0.8629425168037415,0.3975614905357361,0.17138965,0.31238645,0.19242086,0.14261511,0.1811879,0.8135209,0.8228289,0.8221074,0.90516233,0.9510933
1770200099.6223,0.8161656856536865,0.8629425168037415,0.36291855573654175,0.18515913,0.28097218,0.16379637,0.16612759,0.20394476,0.8135209,0.8228289,0.8221074,0.90516233,0.9510933
1770200099.7072,0.8201313018798828,0.8686161041259766,0.32874348759651184,0.21518756,0.23106293,0.27526295,0.12738416,0.15110238,0.8686161,0.8686161,0.8686161,0.8686161,0.8686161
1770200099.8456,0.8010895252227783,0.8686161041259766,0.24986697733402252,0.18639278,0.28138998,0.1709207,0.15804622,0.20325026,0.81712365,0.81407714,0.80094755,0.9484244,0.9625075
1770200099.8893,0.9100742340087891,0.9315347671508789,0.2371564358472824,0.2026573,0.13530879,0.19197969,0.25983503,0.21021919,0.93153477,0.93153477,0.93153477,0.93153477,0.93153477
1770200100.0234,0.8218167424201965,0.8962962031364441,0.27897536754608154,0.21525331,0.33852965,0.23651472,0.10875732,0.10094501,0.8962962,0.8962962,0.8962962,0.8962962,0.8962962
1770200100.1356,0.8217686414718628,0.8962962031364441,0.36285144090652466,0.19496559,0.27341625,0.14967461,0.16328801,0.2186555,0.8648612,0.82957375,0.9143172,0.9153614,0.9573676
1770200100.2041,0.9032131433486938,0.9151422381401062,0.39415600895881653,0.18708485,0.18309826,0.21039476,0.24551359,0.17390864,0.9557955,0.9826544,0.8082739,0.8561732,0.97281456
1770200100.3045,0.8000147342681885,0.8942798972129822,0.4783543348312378,0.2096357,0.28176424,0.15580289,0.13951243,0.21328472,0.85241807,0.8342212,0.8423763,0.97943604,0.96294755
1770200100.4228,0.8032171726226807,0.8942798972129822,0.7122184634208679,0.2235946,0.27447006,0.14919378,0.1388732,0.2138684,0.85241807,0.8342212,0.8423763,0.97943604,0.96294755
1770200100.4988,0.8152151107788086,0.8686161041259766,0.9499319791793823,0.29451978,0.20203088,0.12950097,0.120123886,0.25382447,0.81712365,0.81407714,0.80094755,0.9484244,0.9625075
1770200100.6266,0.9286591410636902,0.9151422381401062,1.0,0.24901494,0.17191015,0.19905517,0.21338415,0.16663559,0.9557955,0.9826544,0.8082739,0.8561732,0.97281456
1770200100.7205,0.8533000946044922,0.9151422381401062,1.0,0.16537052,0.1816081,0.3695096,0.18680039,0.096711405,0.9557955,0.9826544,0.8082739,0.8561732,0.97281456
1770200100.8269,0.8614258766174316,0.8942798972129822,0.9905903935432434,0.180035,0.17431608,0.30773488,0.15008354,0.18783055,0.85241807,0.8342212,0.8423763,0.97943604,0.96294755
1770200100.9141,0.9074313044548035,0.8898464441299438,0.6327991485595703,0.2287754,0.18656155,0.21856783,0.21033359,0.15576166,0.9234583,0.9825832,0.78768146,0.80642414,0.9490852
1770200101.0302,0.9271441102027893,0.9151422381401062,0.3680180311203003,0.24072355,0.18015668,0.21987171,0.20533623,0.1539118,0.9557955,0.9826544,0.8082739,0.8561732,0.97281456
1770200101.1013,0.8543776273727417,0.9104164242744446,0.32125744223594666,0.14213417,0.2789784,0.18279286,0.22292389,0.17317066,0.885321,0.8097763,0.9132284,0.98659813,0.9571582
1770200101.2294,0.8425217270851135,0.8933698534965515,0.3547566831111908,0.2690404,0.2794736,0.2186072,0.10515465,0.12772413,0.8698983,0.7866151,0.8978576,0.9592409,0.95323706
1770200101.3055,0.8737573027610779,0.9198161959648132,0.41209590435028076,0.28977945,0.21752886,0.16119942,0.15328327,0.17820899,0.92179424,0.82584774,0.90586454,0.98866093,0.9569134
1770200101.4304,0.9070619940757751,0.8898464441299438,0.5523897409439087,0.2305106,0.24406697,0.23059337,0.17174874,0.12308025,0.9234583,0.9825832,0.78768146,0.80642414,0.9490852
1770200101.5107,0.8490820527076721,0.9198161959648132,0.591356098651886,0.14089617,0.317148,0.17243095,0.21941152,0.15011337,0.92179424,0.82584774,0.90586454,0.98866093,0.9569134
1770200101.6600,0.8036909699440002,0.8713669180870056,0.5291716456413269,0.24138975,0.31610936,0.1501577,0.13149923,0.16084398,0.8434389,0.8315466,0.835402,0.8991759,0.94727117
1770200101.7363,0.8244522213935852,0.8933698534965515,0.44940441846847534,0.23166938,0.28493333,0.26256478,0.09473097,0.1261016,0.8698983,0.7866151,0.8978576,0.9592409,0.95323706
1770200101.8256,0.8767762184143066,0.8713669180870056,0.3831692337989807,0.16218928,0.2303075,0.22922881,0.22010191,0.1581725,0.8434389,0.8315466,0.835402,0.8991759,0.94727117
1770200101.9148,0.884989321231842,0.8713669180870056,0.38400840759277344,0.25181565,0.22733545,0.15529627,0.19152138,0.17403127,0.8434389,0.8315466,0.835402,0.8991759,0.94727117
1770200102.0367,0.802386462688446,0.8718656897544861,0.4066013991832733,0.22040705,0.32936734,0.15187353,0.15817884,0.1401732,0.8377098,0.82200646,0.80467236,0.94469625,0.9502433
1770200102.0975,0.8143236637115479,0.8718656897544861,0.4068164825439453,0.22270457,0.30139983,0.15246668,0.17908289,0.14434597,0.8377098,0.82200646,0.80467236,0.94469625,0.9502433
1770200102.2385,0.8589353561401367,0.8718656897544861,0.40329426527023315,0.21721587,0.25783148,0.20452745,0.17449488,0.1459303,0.8377098,0.82200646,0.80467236,0.94469625,0.9502433
1770200102.3101,0.8007271885871887,0.8861358761787415,0.4123763144016266,0.19811738,0.3179133,0.17544766,0.16629967,0.14222202,0.88075244,0.78441596,0.8291898,0.9912861,0.9450348
1770200102.4096,0.8473069667816162,0.8861358761787415,0.4227258563041687,0.19881533,0.2712177,0.23919514,0.15349646,0.13727537,0.88075244,0.78441596,0.8291898,0.9912861,0.9450348
1770200102.5171,0.8146331310272217,0.8861358761787415,0.4213625192642212,0.23002972,0.24923506,0.17436117,0.16000277,0.18637128,0.88075244,0.78441596,0.8291898,0.9912861,0.9450348
1770200102.6700,0.8699087500572205,0.8861358761787415,0.4334343373775482,0.26453704,0.14783677,0.16475724,0.1942692,0.22859973,0.88075244,0.78441596,0.8291898,0.9912861,0.9450348
1770200102.7780,0.8427848219871521,0.9079538583755493,0.4981170892715454,0.26452455,0.22335298,0.18107511,0.15479463,0.17625272,0.9461286,0.827771,0.84690976,0.9541885,0.9647709
1770200102.8233,0.7817059755325317,0.8827409148216248,0.5554171800613403,0.18936615,0.28911668,0.27520332,0.111669466,0.1346444,0.85259277,0.8164183,0.8370297,0.9583905,0.9492731
1770200102.9251,0.8813793063163757,0.8898464441299438,0.6637388467788696,0.19636455,0.22675271,0.23807622,0.19731146,0.14149499,0.9234583,0.9825832,0.78768146,0.80642414,0.9490852
1770200103.0104,0.891516923904419,0.9315347671508789,0.7438528537750244,0.23894188,0.15996279,0.21522905,0.21467254,0.17119378,0.93153477,0.93153477,0.93153477,0.93153477,0.93153477
1770200103.1748,0.9080395698547363,0.9151422381401062,0.8230680823326111,0.20060457,0.2215192,0.25039142,0.18797627,0.13950853,0.9557955,0.9826544,0.8082739,0.8561732,0.97281456
1770200103.2426,0.8087048530578613,0.8848945498466492,0.7907277345657349,0.26068738,0.23344134,0.17259584,0.12750797,0.20576744,0.82499087,0.82744044,0.95972556,0.866421,0.94589466
1770200103.3324,0.8476852178573608,0.8942798972129822,0.6857785582542419,0.2013022,0.19415791,0.27743337,0.13048328,0.19662328,0.85241807,0.8342212,0.8423763,0.97943604,0.96294755
1770200103.4302,0.8272531628608704,0.8688028454780579,0.5534316897392273,0.18685709,0.25056708,0.28263187,0.09542099,0.184523,0.8835399,0.79321253,0.7762631,0.93308896,0.95790964
1770200103.5469,0.8408601880073547,0.9227310419082642,0.5013730525970459,0.2739438,0.2514844,0.20789762,0.112935744,0.1537384,0.912084,0.8072031,0.966881,0.9869092,0.9405777
1770200103.6616,0.8517890572547913,0.929314136505127,0.5547955632209778,0.24391377,0.19712016,0.23191549,0.19191404,0.13513665,0.9371955,0.8959636,0.8591175,0.9959337,0.9583602
1770200103.7743,0.9168362617492676,0.9151422381401062,0.6496971249580383,0.19157153,0.19346555,0.272665,0.19669557,0.14560239,0.9557955,0.9826544,0.8082739,0.8561732,0.97281456
1770200103.8844,0.8923085927963257,0.9151422381401062,0.6802805662155151,0.18308216,0.20325272,0.23279221,0.23387046,0.1470024,0.9557955,0.9826544,0.8082739,0.8561732,0.97281456
1770200103.9978,0.8244918584823608,0.9104164242744446,0.6864299178123474,0.22996543,0.22579671,0.24774678,0.15107003,0.14542103,0.885321,0.8097763,0.9132284,0.98659813,0.9571582
1770200104.1032,0.8285768628120422,0.8718656897544861,0.7350257635116577,0.21966603,0.27866405,0.18175244,0.16645789,0.15345961,0.8377098,0.82200646,0.80467236,0.94469625,0.9502433
1770200104.1923,0.8190745115280151,0.8713669180870056,0.8466576337814331,0.1954388,0.28370845,0.20624848,0.15862565,0.15597865,0.8434389,0.8315466,0.835402,0.8991759,0.94727117
1770200104.3291,0.8302820324897766,0.8749598860740662,0.9188466668128967,0.27154282,0.181188,0.18839265,0.17996247,0.1789141,0.8749599,0.8749599,0.8749599,0.8749599,0.8749599
1770200104.4175,0.8088502883911133,0.9034386873245239,0.9188466668128967,0.291881,0.23214465,0.1541216,0.15511028,0.16674252,0.9197003,0.83202565,0.8663157,0.95290136,0.94624996
1770200104.5378,0.8828891515731812,0.9151422381401062,0.9752041697502136,0.14389426,0.2347615,0.266898,0.23894256,0.11550366,0.9557955,0.9826544,0.8082739,0.8561732,0.97281456
1770200104.5946,0.8813610076904297,0.9151422381401062,0.9991122484207153,0.14495642,0.23781897,0.26348484,0.23713304,0.116606764,0.9557955,0.9826544,0.8082739,0.8561732,0.97281456
1770200104.6512,0.8070079684257507,0.8749598860740662,0.9937243461608887,0.29320636,0.24383774,0.1501209,0.14850676,0.16432822,0.90365696,0.828416,0.7833671,0.9254518,0.9339073
1770200104.7041,0.8181063532829285,0.8848945498466492,0.9680995345115662,0.22357504,0.26268798,0.1832948,0.15709758,0.17334458,0.82499087,0.82744044,0.95972556,0.866421,0.94589466
1770200104.8085,0.8076057434082031,0.8933698534965515,0.8015598654747009,0.21938944,0.29245427,0.2557161,0.10309647,0.12934373,0.8698983,0.7866151,0.8978576,0.9592409,0.95323706
1770200104.9629,0.9069294929504395,0.9151422381401062,0.5250003933906555,0.15980591,0.23028931,0.27221942,0.20483999,0.13284537,0.9557955,0.9826544,0.8082739,0.8561732,0.97281456
1770200105.0655,0.801711916923523,0.8933698534965515,0.3720809519290924,0.21261227,0.29791847,0.2557598,0.10319408,0.13051544,0.8698983,0.7866151,0.8978576,0.9592409,0.95323706
1770200105.1150,0.8232399225234985,0.9034386873245239,0.3239113688468933,0.14953698,0.32495645,0.20865764,0.20720826,0.10964063,0.9197003,0.83202565,0.8663157,0.95290136,0.94624996
1770200105.2718,0.8689745664596558,0.9315347671508789,0.1832360476255417,0.2150952,0.2024622,0.19937897,0.19877934,0.18428425,0.93153477,0.93153477,0.93153477,0.93153477,0.93153477
1770200105.3463,0.8646997213363647,0.8898464441299438,0.18064390122890472,0.1732815,0.26894197,0.2345361,0.20017251,0.12306791,0.9234583,0.9825832,0.78768146,0.80642414,0.9490852
1770200105.4383,0.8670288324356079,0.9151422381401062,0.21899792551994324,0.1587871,0.26835406,0.24733779,0.19391386,0.13160725,0.9557955,0.9826544,0.8082739,0.8561732,0.97281456
1770200105.5334,0.8334892988204956,0.8766456842422485,0.2883036732673645,0.20176737,0.24837531,0.18012196,0.20342138,0.16631392,0.9055423,0.770692,0.87908006,0.88935405,0.9385598
1770200105.6588,0.8240418434143066,0.9034386873245239,0.3894928991794586,0.1460317,0.2849034,0.2264591,0.21658327,0.12602255,0.9197003,0.83202565,0.8663157,0.95290136,0.94624996
1770200105.8283,0.7971640825271606,0.8713669180870056,0.6117730736732483,0.15871781,0.2805857,0.24386367,0.1700245,0.14680834,0.8434389,0.8315466,0.835402,0.8991759,0.94727117
1770200105.9494,0.8284224271774292,0.9151422381401062,0.651099443435669,0.15250283,0.15247756,0.33516166,0.23869234,0.12116561,0.9557955,0.9826544,0.8082739,0.8561732,0.97281456
1770200106.0298,0.8418692350387573,0.8437976837158203,0.6291996240615845,0.23162772,0.2315291,0.17877254,0.18278858,0.17528209,0.77736646,0.7626866,0.80379,0.93959075,0.93555427
1770200106.1649,0.8287513256072998,0.9034386873245239,0.5362577438354492,0.15386605,0.27584815,0.23077814,0.20332356,0.1361841,0.9197003,0.83202565,0.8663157,0.95290136,0.94624996
1770200106.2151,0.7974198460578918,0.9104164242744446,0.5200093388557434,0.17427507,0.25477445,0.28935102,0.14454535,0.13705418,0.885321,0.8097763,0.9132284,0.98659813,0.9571582
1770200106.3243,0.8956630825996399,0.9151422381401062,0.5277510285377502,0.16757679,0.23182516,0.27534944,0.20411325,0.12113543,0.9557955,0.9826544,0.8082739,0.8561732,0.97281456
1770200106.7990,0.8382194638252258,0.9151422381401062,0.5583995580673218,0.15860872,0.14474267,0.34253198,0.2321024,0.12201421,0.9557955,0.9826544,0.8082739,0.8561732,0.97281456
1770200106.9076,0.830638587474823,0.8437976837158203,0.5101608037948608,0.17312993,0.26499707,0.27775657,0.13977169,0.14434472,0.77736646,0.7626866,0.80379,0.93959075,0.93555427
1770200107.0415,0.7854416370391846,0.8827409148216248,0.4681856632232666,0.16848974,0.31247115,0.25240856,0.121640526,0.14499009,0.85259277,0.8164183,0.8370297,0.9583905,0.9492731
1770200107.1347,0.8753070831298828,0.8898464441299438,0.4744678735733032,0.19242106,0.24000902,0.24091956,0.1915996,0.13505077,0.9234583,0.9825832,0.78768146,0.80642414,0.9490852
1770200107.2041,0.7896273136138916,0.8713669180870056,0.4924442172050476,0.19701225,0.2948721,0.2267014,0.10770162,0.17371261,0.8434389,0.8315466,0.835402,0.8991759,0.94727117
1770200107.2820,0.7945389747619629,0.8718656897544861,0.5070264339447021,0.18713912,0.31146336,0.23285414,0.12179099,0.14675243,0.8377098,0.82200646,0.80467236,0.94469625,0.9502433
1770200107.4855,0.8747214078903198,0.8898464441299438,0.41439011693000793,0.20197904,0.24715737,0.23200196,0.19276567,0.12609607,0.9234583,0.9825832,0.78768146,0.80642414,0.9490852
1770200108.1924,0.7734713554382324,0.8827409148216248,0.33837640285491943,0.17573752,0.33185637,0.24561867,0.1126539,0.13413355,0.85259277,0.8164183,0.8370297,0.9583905,0.9492731
1770200108.5180,0.809350311756134,0.8708953857421875,0.2733917534351349,0.24181075,0.2749563,0.21037899,0.13266213,0.14019178,0.90812624,0.80110824,0.76578206,0.9414953,0.9379653
1770200108.5642,0.8160803318023682,0.8437976837158203,0.2796088755130768,0.18995287,0.28744704,0.27031958,0.13414104,0.11813955,0.77736646,0.7626866,0.80379,0.93959075,0.93555427
1770200108.7105,0.8510968685150146,0.929314136505127,0.32134053111076355,0.20771313,0.22633901,0.24063358,0.20562544,0.11968889,0.9371955,0.8959636,0.8591175,0.9959337,0.9583602
1770200108.9368,0.7962658405303955,0.8696537017822266,0.38895994424819946,0.17820375,0.27923012,0.22215731,0.16958143,0.1508274,0.85043067,0.7686109,0.7873547,0.9997688,0.9421038
1770200109.2372,0.8308526873588562,0.9227310419082642,0.3124336302280426,0.2010584,0.2667995,0.19467093,0.17206031,0.16541085,0.912084,0.8072031,0.966881,0.9869092,0.9405777
1770200109.5055,0.7884626388549805,0.8713669180870056,0.192531019449234,0.20667957,0.28138673,0.2277268,0.123923704,0.16028322,0.8434389,0.8315466,0.835402,0.8991759,0.94727117
1770200109.9219,0.8158993721008301,0.881825864315033,0.3147439658641815,0.22950509,0.20699586,0.2380244,0.16658536,0.15888934,0.92558515,0.8305952,0.77184385,0.9311718,0.9499332
1770200110.0983,0.8188893795013428,0.9034386873245239,0.4445459842681885,0.19221532,0.27282253,0.2779284,0.13501127,0.12202245,0.9197003,0.83202565,0.8663157,0.95290136,0.94624996
1770200110.3286,0.8304176330566406,0.9227310419082642,0.48766422271728516,0.23031156,0.27573928,0.22510688,0.1326331,0.13620915,0.912084,0.8072031,0.966881,0.9869092,0.9405777
1770200110.5465,0.8237221240997314,0.881825864315033,0.6803766489028931,0.23341426,0.22833149,0.2254321,0.17850228,0.1343199,0.92558515,0.8305952,0.77184385,0.9311718,0.9499332
1770200110.6730,0.8286540508270264,0.8933698534965515,0.6960436105728149,0.2617944,0.25325784,0.20858364,0.11483834,0.1615258,0.8698983,0.7866151,0.8978576,0.9592409,0.95323706
1770200110.9434,0.8116735816001892,0.8696537017822266,0.6892130374908447,0.17154929,0.2614492,0.2175297,0.16825412,0.18121773,0.85043067,0.7686109,0.7873547,0.9997688,0.9421038
1770200111.3314,0.8616793155670166,0.8437976837158203,0.5408052206039429,0.21305424,0.19151141,0.21587305,0.17687644,0.20268486,0.77736646,0.7626866,0.80379,0.93959075,0.93555427
1770200111.5709,0.8054448366165161,0.8708953857421875,0.5191920399665833,0.20107138,0.2646872,0.25186667,0.15051551,0.13185929,0.90812624,0.80110824,0.76578206,0.9414953,0.9379653
1770200111.9333,0.8530430197715759,0.929314136505127,0.6379149556159973,0.19127417,0.21757747,0.25508174,0.18585669,0.15020993,0.9371955,0.8959636,0.8591175,0.9959337,0.9583602
1770200111.9933,0.8458308577537537,0.8942798972129822,0.7228078842163086,0.16788498,0.24513228,0.27593762,0.13727592,0.17376918,0.85241807,0.8342212,0.8423763,0.97943604,0.96294755
1770200112.3328,0.8628286123275757,0.8955337405204773,1.0,0.1384581,0.24585941,0.310467,0.178722,0.12649347,0.8955338,0.8955338,0.8955338,0.8955338,0.8955338
1770200112.5881,0.8438858389854431,0.8749598860740662,0.5618487000465393,0.16824834,0.2542695,0.26248163,0.15072149,0.16427895,0.90365696,0.828416,0.7833671,0.9254518,0.9339073
1770200112.9914,0.8572807908058167,0.902757465839386,0.8208826184272766,0.20309654,0.22186247,0.2564694,0.16591573,0.15265587,0.90275747,0.90275747,0.90275747,0.90275747,0.90275747
1770200113.1002,0.804184079170227,0.8827409148216248,0.6334713697433472,0.17771578,0.2866381,0.24785075,0.13037309,0.15742229,0.85259277,0.8164183,0.8370297,0.9583905,0.9492731
1770200113.2490,0.8371241092681885,0.881825864315033,0.5175148248672485,0.23675603,0.23799253,0.22153614,0.16251324,0.14120212,0.92558515,0.8305952,0.77184385,0.9311718,0.9499332
1770200113.5221,0.8321126699447632,0.8861358761787415,0.5510656833648682,0.21400213,0.27906743,0.19951689,0.14221749,0.16519602,0.88075244,0.78441596,0.8291898,0.9912861,0.9450348
1770200113.6244,0.8233634829521179,0.8708953857421875,0.4551474452018738,0.24552186,0.2686102,0.2006869,0.12576516,0.1594159,0.90812624,0.80110824,0.76578206,0.9414953,0.9379653
1770200113.7119,0.8426905274391174,0.881825864315033,0.38353797793388367,0.20672196,0.24921794,0.24249335,0.16339497,0.13817179,0.92558515,0.8305952,0.77184385,0.9311718,0.9499332
1770200113.8114,0.8813305497169495,0.9151422381401062,0.38801097869873047,0.18552361,0.21943484,0.22802326,0.213938,0.15308027,0.9557955,0.9826544,0.8082739,0.8561732,0.97281456
1770200114.0106,0.8114045262336731,0.8718656897544861,0.6404764652252197,0.18806927,0.27183184,0.22501847,0.15086253,0.16421787,0.8377098,0.82200646,0.80467236,0.94469625,0.9502433
1770200114.1213,0.8150879740715027,0.8698598742485046,0.7785053253173828,0.11350289,0.24389865,0.33811057,0.17415376,0.13033411,0.8698598,0.8698598,0.8698598,0.8698598,0.8698598
1770200114.1578,0.8574262857437134,0.9151422381401062,0.8160043358802795,0.13844468,0.21264662,0.26758775,0.24190123,0.13941978,0.9557955,0.9826544,0.8082739,0.8561732,0.97281456
1770200114.2822,0.8226048946380615,0.8437976837158203,0.8770614862442017,0.12472104,0.24532767,0.3003939,0.1829869,0.1465705,0.77736646,0.7626866,0.80379,0.93959075,0.93555427
1770200114.5555,0.813840389251709,0.8861358761787415,0.8050770163536072,0.1923704,0.2958303,0.21583462,0.14783078,0.14813386,0.88075244,0.78441596,0.8291898,0.9912861,0.9450348
1770200114.6509,0.7952344417572021,0.8708953857421875,0.7552783489227295,0.19756459,0.28163823,0.25603008,0.14359936,0.1211677,0.90812624,0.80110824,0.76578206,0.9414953,0.9379653
1770200114.7522,0.8061192631721497,0.8713669180870056,0.7277252674102783,0.1834197,0.26833656,0.2332039,0.15334782,0.16169202,0.8434389,0.8315466,0.835402,0.8991759,0.94727117
1770200114.9068,0.8209367990493774,0.8688028454780579,0.8448595404624939,0.17934772,0.2791766,0.2508663,0.12924154,0.16136788,0.8835399,0.79321253,0.7762631,0.93308896,0.95790964
1770200115.1617,0.8394545316696167,0.881825864315033,0.8608980178833008,0.19920272,0.2177377,0.23602423,0.17345928,0.17357607,0.8818258,0.8818258,0.8818258,0.8818258,0.8818258
1770200115.2112,0.8154460191726685,0.8713669180870056,0.7790664434432983,0.21348286,0.25270292,0.21360844,0.13947949,0.18072625,0.8434389,0.8315466,0.835402,0.8991759,0.94727117
1770200115.3034,0.8788946270942688,0.9151422381401062,0.5902827978134155,0.18764701,0.15888372,0.29348657,0.19756776,0.16241494,0.9557955,0.9826544,0.8082739,0.8561732,0.97281456
1770200116.6809,0.8255867958068848,0.902757465839386,0.38700219988822937,0.18355797,0.20618016,0.28392768,0.14835413,0.17798007,0.83559054,0.7898576,0.9552336,0.9991115,0.93399405
1770200117.8212,0.8021169900894165,0.881825864315033,0.35547685623168945,0.17327677,0.21494219,0.30093405,0.16074145,0.15010557,0.92558515,0.8305952,0.77184385,0.9311718,0.9499332
1770200118.0366,0.8151712417602539,0.8708953857421875,0.34965553879737854,0.2380834,0.26631528,0.22392672,0.12340407,0.14827052,0.90812624,0.80110824,0.76578206,0.9414953,0.9379653
1770200118.0967,0.8397752642631531,0.9227310419082642,0.3553829789161682,0.231383,0.24940436,0.22976658,0.13698557,0.15246047,0.912084,0.8072031,0.966881,0.9869092,0.9405777
1770200118.2259,0.8615981340408325,0.8621187210083008,0.37076371908187866,0.20762432,0.21474056,0.26177433,0.18379588,0.13206494,0.8980231,0.907372,0.68291306,0.8913319,0.9309535
1770200118.3145,0.8433492183685303,0.8621187210083008,0.37224382162094116,0.17321602,0.24609318,0.28115302,0.15614174,0.14339606,0.8980231,0.907372,0.68291306,0.8913319,0.9309535
1770200118.3900,0.8170455694198608,0.8718656897544861,0.3741772174835205,0.1912961,0.25468156,0.2424067,0.15360853,0.15800712,0.8377098,0.82200646,0.80467236,0.94469625,0.9502433
1770200118.4399,0.7854441404342651,0.881825864315033,0.3699183166027069,0.14866006,0.22466919,0.33321616,0.15837501,0.13507958,0.92558515,0.8305952,0.77184385,0.9311718,0.9499332
1770200118.5627,0.7922528982162476,0.8827409148216248,0.3481709659099579,0.17034969,0.2677583,0.269208,0.1482842,0.14439982,0.85259277,0.8164183,0.8370297,0.9583905,0.9492731
1770200118.6374,0.7892516851425171,0.881825864315033,0.3349897861480713,0.16532232,0.26445928,0.2982639,0.16165707,0.11029745,0.92558515,0.8305952,0.77184385,0.9311718,0.9499332
1770200118.8079,0.80252605676651,0.8718656897544861,0.3355247676372528,0.1865512,0.2602546,0.24419457,0.15357397,0.15542574,0.8377098,0.82200646,0.80467236,0.94469625,0.9502433
1770200118.8594,0.805036187171936,0.8718656897544861,0.35272279381752014,0.19473502,0.25834155,0.23548423,0.15312752,0.15831167,0.8377098,0.82200646,0.80467236,0.94469625,0.9502433
1770200119.0848,0.8131957054138184,0.8437976837158203,0.3963804543018341,0.14457865,0.2336015,0.29945433,0.17999572,0.14236976,0.77736646,0.7626866,0.80379,0.93959075,0.93555427
1770200119.1632,0.845250129699707,0.902757465839386,0.40509384870529175,0.23121513,0.20770139,0.23757295,0.18425512,0.13925546,0.90275747,0.90275747,0.90275747,0.90275747,0.90275747
1770200119.2308,0.8173540830612183,0.8437976837158203,0.433010071516037,0.15655774,0.22732873,0.28899112,0.17784867,0.14927378,0.77736646,0.7626866,0.80379,0.93959075,0.93555427
1770200119.7005,0.826816737651825,0.8621187210083008,0.70834881067276,0.18551467,0.18764189,0.29702267,0.20213109,0.12768963,0.8980231,0.907372,0.68291306,0.8913319,0.9309535
1770200119.7751,0.8248950242996216,0.881825864315033,0.7316014170646667,0.23340398,0.22485699,0.23470767,0.16848415,0.13854718,0.92558515,0.8305952,0.77184385,0.9311718,0.9499332
1770200119.8895,0.7956362962722778,0.881825864315033,0.7876251935958862,0.19391541,0.24492426,0.27629077,0.16040114,0.12446842,0.92558515,0.8305952,0.77184385,0.9311718,0.9499332
1770200120.6255,0.8120728731155396,0.8713669180870056,0.32454073429107666,0.20293887,0.23316357,0.23734324,0.15609887,0.1704554,0.8434389,0.8315466,0.835402,0.8991759,0.94727117
1770200120.9536,0.815339207649231,0.8718656897544861,0.4415821433067322,0.20843986,0.24304345,0.23301004,0.14827503,0.16723154,0.8377098,0.82200646,0.80467236,0.94469625,0.9502433
1770200121.0573,0.8310290575027466,0.8955077528953552,0.37122270464897156,0.16485693,0.1712272,0.28227833,0.23682697,0.14481059,0.91683763,0.84513557,0.85045385,0.9185347,0.94657665
1770200121.1220,0.8560003042221069,0.8955077528953552,0.33349454402923584,0.1542673,0.17453417,0.30229074,0.23266968,0.13623808,0.91683763,0.84513557,0.85045385,0.9185347,0.94657665
1770200121.2134,0.876774787902832,0.9151422381401062,0.31167587637901306,0.16906928,0.19881442,0.3015907,0.20994462,0.120581016,0.9557955,0.9826544,0.8082739,0.8561732,0.97281456
1770200121.4756,0.8271986246109009,0.8621187210083008,0.4153883755207062,0.11634412,0.18809417,0.35586542,0.20867585,0.13102044,0.8980231,0.907372,0.68291306,0.8913319,0.9309535
1770200121.7127,0.8098594546318054,0.8708953857421875,0.6532830595970154,0.18785386,0.2439355,0.2745158,0.14312537,0.15056948,0.90812624,0.80110824,0.76578206,0.9414953,0.9379653
1770200122.0134,0.8332478404045105,0.9104164242744446,0.8656527996063232,0.21299914,0.23346622,0.25148466,0.14750972,0.15454026,0.885321,0.8097763,0.9132284,0.98659813,0.9571582
1770200122.3039,0.8175331354141235,0.8827409148216248,0.654491126537323,0.20412706,0.25791866,0.23038866,0.14116873,0.16639692,0.85259277,0.8164183,0.8370297,0.9583905,0.9492731
1770200122.5588,0.820096492767334,0.9230558276176453,0.5295778512954712,0.15868415,0.19512828,0.27904677,0.24952675,0.11761406,0.9230558,0.9230558,0.9230558,0.9230558,0.9230558
1770200122.8929,0.8094909191131592,0.8696537017822266,0.42438018321990967,0.19505815,0.23383975,0.21578082,0.1666676,0.18865375,0.85043067,0.7686109,0.7873547,0.9997688,0.9421038
1770200123.0471,0.8327836990356445,0.8621187210083008,0.4025677740573883,0.16222383,0.20042516,0.31331232,0.20237581,0.12166284,0.8980231,0.907372,0.68291306,0.8913319,0.9309535
1770200123.1920,0.8148791790008545,0.8708953857421875,0.354393869638443,0.19016989,0.23600574,0.27015352,0.16637908,0.13729183,0.90812624,0.80110824,0.76578206,0.9414953,0.9379653
1770200123.4771,0.8577813506126404,0.8621187210083008,0.3729334771633148,0.19179094,0.22307314,0.2691269,0.18869182,0.12731722,0.8980231,0.907372,0.68291306,0.8913319,0.9309535
1770200123.6248,0.8175353407859802,0.8718656897544861,0.48769086599349976,0.19801788,0.26115578,0.22774465,0.1512567,0.16182499,0.8377098,0.82200646,0.80467236,0.94469625,0.9502433
1770200124.0751,0.8201882839202881,0.8437976837158203,0.473147988319397,0.18173724,0.26056832,0.27144432,0.14996803,0.13628206,0.77736646,0.7626866,0.80379,0.93959075,0.93555427
1770200124.3563,0.8434990644454956,0.9151422381401062,0.5832123756408691,0.13818364,0.15348478,0.362783,0.2074322,0.13811639,0.9557955,0.9826544,0.8082739,0.8561732,0.97281456
1770200124.4979,0.7969115972518921,0.8688028454780579,0.6818541884422302,0.15201749,0.2661662,0.3027843,0.14301954,0.13601243,0.8835399,0.79321253,0.7762631,0.93308896,0.95790964
1770200124.8131,0.8243372440338135,0.881825864315033,0.8006203174591064,0.18384674,0.25374335,0.26553753,0.16285045,0.13402198,0.92558515,0.8305952,0.77184385,0.9311718,0.9499332
1770200125.2198,0.8000220060348511,0.9151422381401062,0.653691291809082,0.16096811,0.14372294,0.33507067,0.22306585,0.1371724,0.9557955,0.9826544,0.8082739,0.8561732,0.97281456
1770200125.8503,0.8063871264457703,0.8713669180870056,0.8979193568229675,0.19738597,0.24833444,0.23058963,0.1581407,0.16554928,0.8434389,0.8315466,0.835402,0.8991759,0.94727117
1770200126.0883,0.7957308292388916,0.8696537017822266,0.504967987537384,0.17855375,0.25226983,0.23435007,0.16731553,0.16751085,0.85043067,0.7686109,0.7873547,0.9997688,0.9421038
1770200127.2811,0.8047536611557007,0.881825864315033,0.5246897339820862,0.20169485,0.2524305,0.2544105,0.15333824,0.13812587,0.92558515,0.8305952,0.77184385,0.9311718,0.9499332
1770200129.0175,0.7711079120635986,0.8696537017822266,0.6149683594703674,0.2251752,0.2544959,0.22286284,0.12762007,0.16984603,0.85043067,0.7686109,0.7873547,0.9997688,0.9421038
1770200129.7658,0.8017910718917847,0.8696537017822266,0.40816932916641235,0.20271313,0.23190776,0.21829608,0.16231604,0.18476708,0.85043067,0.7686109,0.7873547,0.9997688,0.9421038
1770200129.9937,0.8676264882087708,0.8955337405204773,0.48301491141319275,0.18589588,0.22006011,0.2674056,0.18170755,0.14493085,0.8955338,0.8955338,0.8955338,0.8955338,0.8955338
1770200130.3789,0.8020045757293701,0.881825864315033,0.8610430359840393,0.17940156,0.21905987,0.2924115,0.15285075,0.15627629,0.92558515,0.8305952,0.77184385,0.9311718,0.9499332
1770200131.6905,0.8184493780136108,0.8713669180870056,0.6622970700263977,0.2061391,0.23207302,0.23288722,0.15559714,0.17330351,0.8434389,0.8315466,0.835402,0.8991759,0.94727117
1770200132.5927,0.8633283376693726,0.929314136505127,0.6392565369606018,0.21686064,0.22284321,0.22440363,0.17101397,0.1648786,0.9371955,0.8959636,0.8591175,0.9959337,0.9583602
1770200133.4347,0.8345086574554443,0.8437976837158203,0.8005826473236084,0.14990793,0.22449315,0.29745904,0.17628397,0.1518559,0.77736646,0.7626866,0.80379,0.93959075,0.93555427
1770200134.0787,0.8421449661254883,0.902757465839386,0.5240997076034546,0.1771764,0.22392659,0.28701162,0.15174152,0.16014384,0.83559054,0.7898576,0.9552336,0.9991115,0.93399405
1770200134.6181,0.8040629625320435,0.8708953857421875,0.5200272798538208,0.18662447,0.24309495,0.28819993,0.1487711,0.13330954,0.90812624,0.80110824,0.76578206,0.9414953,0.9379653
1770200135.5613,0.8303502202033997,0.902757465839386,1.0,0.16534242,0.22735998,0.29934105,0.15208036,0.15587625,0.83559054,0.7898576,0.9552336,0.9991115,0.93399405
1770200136.5856,0.8358341455459595,0.8621187210083008,0.5889368057250977,0.15912871,0.21362019,0.3139694,0.18921904,0.12406266,0.8980231,0.907372,0.68291306,0.8913319,0.9309535
1770200137.1011,0.8697758316993713,0.9230558276176453,0.7838231325149536,0.15711129,0.23048626,0.3172747,0.17369458,0.121433206,0.9230559,0.9230559,0.9230559,0.9230559,0.9230559
1770200137.7662,0.8449084758758545,0.8898464441299438,0.575424313545227,0.18365662,0.22318393,0.2546491,0.19469413,0.14381626,0.9234583,0.9825832,0.78768146,0.80642414,0.9490852
1770200138.0454,0.8127224445343018,0.9151422381401062,0.559119462966919,0.1595277,0.14878617,0.31937402,0.22655484,0.1457573,0.9557955,0.9826544,0.8082739,0.8561732,0.97281456
1770200138.1021,0.8136595487594604,0.8713669180870056,0.5552289485931396,0.21859244,0.24435034,0.21537083,0.14621733,0.17546903,0.8434389,0.8315466,0.835402,0.8991759,0.94727117
1770200138.2072,0.8116211891174316,0.8827409148216248,0.4738779664039612,0.2161891,0.24927677,0.21928401,0.1475565,0.16769363,0.85259277,0.8164183,0.8370297,0.9583905,0.9492731
1770200138.3638,0.8454297780990601,0.8942798972129822,0.3543996214866638,0.21911742,0.24194068,0.22329126,0.15239419,0.16325648,0.85241807,0.8342212,0.8423763,0.97943604,0.96294755
1770200138.6579,0.8191331624984741,0.8713669180870056,0.4742651879787445,0.23205435,0.23341094,0.20834884,0.14646639,0.17971955,0.8434389,0.8315466,0.835402,0.8991759,0.94727117
1770200138.8662,0.8698575496673584,0.929314136505127,0.4351995289325714,0.23887292,0.2153678,0.20382302,0.17316338,0.1687729,0.9371955,0.8959636,0.8591175,0.9959337,0.9583602
1770200139.0302,0.8105340003967285,0.881825864315033,0.3753066956996918,0.20237102,0.22163494,0.25803247,0.15307216,0.16488943,0.92558515,0.8305952,0.77184385,0.9311718,0.9499332
1770200139.1487,0.8276108503341675,0.8933698534965515,0.3835345208644867,0.23881997,0.2436578,0.21115212,0.13521959,0.17115054,0.8698983,0.7866151,0.8978576,0.9592409,0.95323706
1770200139.6060,0.8286303281784058,0.881825864315033,0.72125643491745,0.19927974,0.21538958,0.24743567,0.17089494,0.16699998,0.8818258,0.8818258,0.8818258,0.8818258,0.8818258
1770200139.9897,0.880639374256134,0.9230558276176453,0.5269315838813782,0.18412293,0.21971212,0.29125607,0.16966806,0.13524087,0.9230559,0.9230559,0.9230559,0.9230559,0.9230559
1770200140.0693,0.8197781443595886,0.8437976837158203,0.5583594441413879,0.15486881,0.22757448,0.29036912,0.16994084,0.1572467,0.77736646,0.7626866,0.80379,0.93959075,0.93555427
1770200140.5980,0.833303689956665,0.9034386873245239,0.761947751045227,0.19654892,0.23776066,0.24866985,0.15230805,0.16471249,0.9197003,0.83202565,0.8663157,0.95290136,0.94624996
1770200140.9388,0.8780415654182434,0.9151422381401062,0.3395669162273407,0.17630559,0.20212924,0.27294767,0.20896511,0.13965234,0.9557955,0.9826544,0.8082739,0.8561732,0.97281456
1770200141.3149,0.8450870513916016,0.9230558276176453,0.3812391757965088,0.17292272,0.19832622,0.2481417,0.23934029,0.14126906,0.9230558,0.9230558,0.9230558,0.9230558,0.9230558
1770200141.7817,0.8158001899719238,0.8544493913650513,1.0,0.13729358,0.25484833,0.3099368,0.15142813,0.14649318,0.79265547,0.8221187,0.7376161,0.98449546,0.93536115
1770200142.0246,0.8389121294021606,0.9227310419082642,1.0,0.19778404,0.24042869,0.20647514,0.17225236,0.18305974,0.912084,0.8072031,0.966881,0.9869092,0.9405777
1770200142.3101,0.8358901739120483,0.881825864315033,0.7547709941864014,0.19199595,0.24107385,0.2527641,0.16181013,0.15235595,0.92558515,0.8305952,0.77184385,0.9311718,0.9499332
1770200142.5383,0.8351128101348877,0.9034386873245239,0.6435450911521912,0.19988152,0.24208564,0.23861301,0.15436894,0.16505092,0.9197003,0.83202565,0.8663157,0.95290136,0.94624996
1770200143.0443,0.8655984997749329,0.8898464441299438,0.30203649401664734,0.19705252,0.18765135,0.26185393,0.20101152,0.1524307,0.9234583,0.9825832,0.78768146,0.80642414,0.9490852
1770200143.3640,0.8018354773521423,0.8621187210083008,0.266876220703125,0.146935,0.19197406,0.33571705,0.20198157,0.12339235,0.8980231,0.907372,0.68291306,0.8913319,0.9309535
1770200143.6909,0.8175432682037354,0.8713669180870056,0.1635209023952484,0.21639578,0.23098613,0.22137518,0.15554094,0.17570196,0.8434389,0.8315466,0.835402,0.8991759,0.94727117
1770200143.8473,0.776707649230957,0.8696537017822266,0.15786144137382507,0.21840085,0.25278178,0.23497653,0.13231285,0.16152802,0.85043067,0.7686109,0.7873547,0.9997688,0.9421038
1770200143.9183,0.8310587406158447,0.8621187210083008,0.18388329446315765,0.18191835,0.20410234,0.2946663,0.18787293,0.13144013,0.8980231,0.907372,0.68291306,0.8913319,0.9309535
1770200144.2565,0.821784496307373,0.881825864315033,0.4082542657852173,0.19218425,0.21141598,0.27174574,0.16382404,0.16082996,0.92558515,0.8305952,0.77184385,0.9311718,0.9499332
1770200144.4120,0.8238053321838379,0.8437976837158203,0.314065158367157,0.19551247,0.2131415,0.26134545,0.17552736,0.15447323,0.77736646,0.7626866,0.80379,0.93959075,0.93555427
1770200144.5058,0.7976493835449219,0.8696537017822266,0.28450465202331543,0.19359039,0.23999397,0.24330315,0.16165742,0.1614551,0.85043067,0.7686109,0.7873547,0.9997688,0.9421038
1770200144.6957,0.8087180256843567,0.8708953857421875,0.3272414803504944,0.22828528,0.2586893,0.24156936,0.12831898,0.14313705,0.90812624,0.80110824,0.76578206,0.9414953,0.9379653
1770200144.7993,0.8156957030296326,0.8544493913650513,0.36371734738349915,0.1593406,0.24320166,0.3061775,0.15188889,0.1393913,0.79265547,0.8221187,0.7376161,0.98449546,0.93536115
1770200144.9319,0.8384369611740112,0.9034386873245239,0.34869372844696045,0.21384688,0.2371517,0.2393158,0.15456484,0.15512086,0.9197003,0.83202565,0.8663157,0.95290136,0.94624996
1770200145.1006,0.808692216873169,0.8688028454780579,0.27153223752975464,0.1717087,0.24918132,0.29103637,0.14204194,0.14603174,0.8835399,0.79321253,0.7762631,0.93308896,0.95790964
1770200145.5819,0.8612272143363953,0.9151422381401062,0.14904606342315674,0.196509,0.19357371,0.24113677,0.206489,0.16229147,0.9557955,0.9826544,0.8082739,0.8561732,0.97281456
1770200146.2100,0.8067857623100281,0.8696537017822266,0.13318166136741638,0.18558213,0.24225242,0.24392176,0.16435675,0.16388687,0.85043067,0.7686109,0.7873547,0.9997688,0.9421038
1770200146.5605,0.8430715799331665,0.881825864315033,0.22705525159835815,0.19533017,0.23694639,0.2574517,0.16128711,0.14898458,0.92558515,0.8305952,0.77184385,0.9311718,0.9499332
1770200146.6881,0.8689336180686951,0.9079538583755493,0.23126906156539917,0.22363769,0.22904834,0.20839792,0.17043494,0.16848107,0.9461286,0.827771,0.84690976,0.9541885,0.9647709
1770200146.8187,0.8376034498214722,0.881825864315033,0.19320327043533325,0.18848272,0.22830628,0.24552152,0.17412344,0.16356596,0.8818258,0.8818258,0.8818258,0.8818258,0.8818258
1770200147.1615,0.7834070920944214,0.8696537017822266,0.17882737517356873,0.19845337,0.25607637,0.24525627,0.13942033,0.16079366,0.85043067,0.7686109,0.7873547,0.9997688,0.9421038
1770200147.7518,0.8409135937690735,0.8621187210083008,0.5059349536895752,0.16474494,0.23989178,0.2828849,0.17360543,0.13887295,0.8980231,0.907372,0.68291306,0.8913319,0.9309535
1770200147.8419,0.8150510191917419,0.8713669180870056,0.5199236273765564,0.18520842,0.23711787,0.24171467,0.16994748,0.16601151,0.8434389,0.8315466,0.835402,0.8991759,0.94727117
1770200148.1326,0.8675166368484497,0.9151422381401062,0.36053264141082764,0.16707969,0.20391764,0.27994782,0.20980968,0.13924517,0.9557955,0.9826544,0.8082739,0.8561732,0.97281456
1770200148.2416,0.8352395296096802,0.9151422381401062,0.40409648418426514,0.14058805,0.16291009,0.32072547,0.21853486,0.15724154,0.9557955,0.9826544,0.8082739,0.8561732,0.97281456
1770200148.2837,0.8313176035881042,0.9151422381401062,0.4487539529800415,0.16409011,0.19615537,0.25847483,0.2190737,0.162206,0.9557955,0.9826544,0.8082739,0.8561732,0.97281456
1770200148.5126,0.8112144470214844,0.8713669180870056,0.6340542435646057,0.19326952,0.23594731,0.23647211,0.1673027,0.16700841,0.8434389,0.8315466,0.835402,0.8991759,0.94727117
1770200148.8913,0.8024454116821289,0.881825864315033,0.3982689678668976,0.18479218,0.2316393,0.27343583,0.1529241,0.15720858,0.92558515,0.8305952,0.77184385,0.9311718,0.9499332
1770200148.9801,0.8293727040290833,0.881825864315033,0.37932756543159485,0.19882251,0.22252394,0.24234767,0.17074019,0.16556568,0.8818258,0.8818258,0.8818258,0.8818258,0.8818258
1770200149.2692,0.8203985095024109,0.8713669180870056,0.22578327357769012,0.20910855,0.2275021,0.23052831,0.16298641,0.16987455,0.8434389,0.8315466,0.835402,0.8991759,0.94727117
1770200149.8927,0.813862144947052,0.8708953857421875,0.4594646990299225,0.19926001,0.22135969,0.2764715,0.15294676,0.14996202,0.90812624,0.80110824,0.76578206,0.9414953,0.9379653
1770200149.9513,0.8425419330596924,0.8621187210083008,0.46752190589904785,0.19578776,0.22254592,0.27128834,0.16554019,0.14483778,0.8980231,0.907372,0.68291306,0.8913319,0.9309535
1770200150.2594,0.8059086799621582,0.8621187210083008,0.521416962146759,0.14848441,0.19048373,0.33585313,0.18440115,0.14077751,0.8980231,0.907372,0.68291306,0.8913319,0.9309535
1770200150.4916,0.8380350470542908,0.8898464441299438,0.43768250942230225,0.19770731,0.19052652,0.26917183,0.18486746,0.15772685,0.9234583,0.9825832,0.78768146,0.80642414,0.9490852
1770200150.5622,0.8166817426681519,0.8708953857421875,0.39123034477233887,0.22312073,0.2328519,0.25483575,0.13447788,0.15471378,0.90812624,0.80110824,0.76578206,0.9414953,0.9379653
1770200151.8029,0.8342933654785156,0.8749598860740662,0.6414694786071777,0.20130338,0.21233219,0.26753464,0.16465153,0.15417826,0.90365696,0.828416,0.7833671,0.9254518,0.9339073
1770200152.6928,0.8561218976974487,0.902757465839386,0.7626981139183044,0.20196833,0.18892133,0.276334,0.18736607,0.14541024,0.90275747,0.90275747,0.90275747,0.90275747,0.90275747
1770200152.8190,0.8204833269119263,0.8713669180870056,0.4166759252548218,0.21102135,0.21652977,0.24363944,0.15566394,0.17314552,0.8434389,0.8315466,0.835402,0.8991759,0.94727117
1770200153.3030,0.8056204319000244,0.881825864315033,1.0,0.18138413,0.21277006,0.29305324,0.15604745,0.15674508,0.92558515,0.8305952,0.77184385,0.9311718,0.9499332
1770200153.5323,0.8017362356185913,0.8708953857421875,1.0,0.20066018,0.22159883,0.2549659,0.15142183,0.17135325,0.90812624,0.80110824,0.76578206,0.9414953,0.9379653
1770200153.9278,0.8352208137512207,0.902757465839386,0.35207638144493103,0.18833984,0.21289857,0.26850143,0.17076279,0.15949741,0.83559054,0.7898576,0.9552336,0.9991115,0.93399405
1770200154.0300,0.8248893022537231,0.881825864315033,0.3221973776817322,0.17137365,0.2302666,0.30150896,0.15895148,0.13789935,0.92558515,0.8305952,0.77184385,0.9311718,0.9499332
1770200154.6343,0.8192973136901855,0.8437976837158203,0.28961196541786194,0.19705866,0.23970489,0.25138658,0.15790063,0.15394923,0.77736646,0.7626866,0.80379,0.93959075,0.93555427
1770200154.7830,0.8312230706214905,0.8861358761787415,0.26061123609542847,0.21265836,0.24065655,0.2104312,0.16343723,0.1728167,0.88075244,0.78441596,0.8291898,0.9912861,0.9450348
1770200154.9762,0.8585535287857056,0.9079538583755493,0.31316670775413513,0.2157766,0.2375146,0.20391864,0.1701257,0.17266446,0.9461286,0.827771,0.84690976,0.9541885,0.9647709
1770200155.3444,0.8301218748092651,0.902757465839386,0.43653804063796997,0.18592577,0.22854406,0.25302047,0.17104475,0.16146491,0.83559054,0.7898576,0.9552336,0.9991115,0.93399405
1770200155.6345,0.7883421778678894,0.8696537017822266,0.7949527502059937,0.213248,0.25400212,0.21614966,0.14686173,0.16973847,0.85043067,0.7686109,0.7873547,0.9997688,0.9421038
1770200156.0826,0.8568236827850342,0.9230558276176453,0.6094088554382324,0.18995495,0.21355622,0.22461013,0.22286023,0.1490185,0.9230558,0.9230558,0.9230558,0.9230558,0.9230558
1770200156.1929,0.8494492173194885,0.8955337405204773,0.6400807499885559,0.17226766,0.23887576,0.26690975,0.17419404,0.14775278,0.8955338,0.8955338,0.8955338,0.8955338,0.8955338
1770200156.2547,0.8236702084541321,0.8713669180870056,0.6424102187156677,0.20726377,0.24494053,0.21371703,0.16218157,0.17189719,0.8434389,0.8315466,0.835402,0.8991759,0.94727117
1770200156.4938,0.8021173477172852,0.8696537017822266,0.5007275938987732,0.18469217,0.24907187,0.23522164,0.16569874,0.16531558,0.85043067,0.7686109,0.7873547,0.9997688,0.9421038
1770200156.8616,0.8325024843215942,0.881825864315033,0.3678751289844513,0.19178556,0.2305227,0.25741982,0.16811173,0.15216018,0.92558515,0.8305952,0.77184385,0.9311718,0.9499332
1770200157.3078,0.8182281255722046,0.8827409148216248,0.42984849214553833,0.19766237,0.2354254,0.23941322,0.16289732,0.16460168,0.85259277,0.8164183,0.8370297,0.9583905,0.9492731
1770200157.5054,0.8393235802650452,0.9227310419082642,0.4242071509361267,0.21487539,0.23632501,0.23813224,0.15520437,0.15546305,0.912084,0.8072031,0.966881,0.9869092,0.9405777
1770200157.6470,0.8416464328765869,0.877128541469574,0.3352198898792267,0.17527708,0.21798187,0.2916015,0.16558948,0.14955008,0.90732974,0.8538746,0.80516654,0.87839675,0.940875
1770200157.7763,0.8140770196914673,0.8708953857421875,0.25364211201667786,0.20767638,0.23670985,0.2613375,0.14064169,0.15363456,0.90812624,0.80110824,0.76578206,0.9414953,0.9379653
1770200157.8175,0.8027819991111755,0.8696537017822266,0.2509213984012604,0.18940417,0.22527142,0.25830784,0.16166854,0.16534802,0.85043067,0.7686109,0.7873547,0.9997688,0.9421038
1770200157.9689,0.8480871915817261,0.8955077528953552,0.28715741634368896,0.18283683,0.18567283,0.27242532,0.20393477,0.15513025,0.91683763,0.84513557,0.85045385,0.9185347,0.94657665
1770200158.0465,0.823549747467041,0.8713669180870056,0.2874079644680023,0.20296085,0.21500787,0.24796318,0.1643594,0.16970862,0.8434389,0.8315466,0.835402,0.8991759,0.94727117
1770200158.0993,0.8131182193756104,0.900844395160675,0.2722982168197632,0.20274471,0.21821769,0.25519425,0.16277167,0.16107163,0.9008444,0.9008444,0.9008444,0.9008444,0.9008444
1770200158.2565,0.8480954766273499,0.9034386873245239,0.19610367715358734,0.20650925,0.22714423,0.23212987,0.1647715,0.16944514,0.9197003,0.83202565,0.8663157,0.95290136,0.94624996
1770200158.3040,0.8475053310394287,0.9104164242744446,0.1801484227180481,0.21445057,0.22840732,0.22851449,0.15942237,0.16920523,0.885321,0.8097763,0.9132284,0.98659813,0.9571582
1770200158.4292,0.8500156402587891,0.9227310419082642,0.15133221447467804,0.22305752,0.234769,0.21667969,0.15314534,0.17234844,0.912084,0.8072031,0.966881,0.9869092,0.9405777
1770200158.7457,0.863525927066803,0.9151422381401062,0.173346608877182,0.1968522,0.19935428,0.23224466,0.19682729,0.17472157,0.9557955,0.9826544,0.8082739,0.8561732,0.97281456
1770200158.8269,0.843605101108551,0.9151422381401062,0.16521655023097992,0.17984259,0.17501213,0.26742172,0.2165815,0.16114208,0.9557955,0.9826544,0.8082739,0.8561732,0.97281456
1770200159.0667,0.8837391138076782,0.9230558276176453,0.16046835482120514,0.17957029,0.23351572,0.26132154,0.17134675,0.15424575,0.9230559,0.9230559,0.9230559,0.9230559,0.9230559
1770200159.1499,0.841911792755127,0.9151422381401062,0.19718502461910248,0.17759025,0.17904288,0.26211226,0.21855682,0.16269776,0.9557955,0.9826544,0.8082739,0.8561732,0.97281456
1770200159.4682,0.858224093914032,0.877128541469574,0.2808544635772705,0.18827383,0.24168238,0.22964978,0.16873406,0.17165992,0.90732974,0.8538746,0.80516654,0.87839675,0.940875
1770200159.5835,0.846900999546051,0.8920493125915527,0.23664449155330658,0.19875754,0.2405534,0.23355988,0.16331482,0.16381438,0.92125064,0.9078633,0.73639894,0.9470587,0.94767493
1770200159.7185,0.841399073600769,0.8690040707588196,0.1883346289396286,0.17729554,0.22577904,0.24929449,0.19001119,0.15761968,0.8690041,0.8690041,0.8690041,0.8690041,0.8690041
1770200160.2431,0.8580384850502014,0.8955337405204773,0.46830758452415466,0.18309794,0.22860855,0.24645768,0.17773487,0.16410094,0.8955338,0.8955338,0.8955338,0.8955338,0.8955338
1770200160.4744,0.8024323582649231,0.8696537017822266,0.6703522801399231,0.20105581,0.22897497,0.21242006,0.1714655,0.18608369,0.85043067,0.7686109,0.7873547,0.9997688,0.9421038
1770200160.5765,0.8403306603431702,0.8621187210083008,0.7768808007240295,0.18280256,0.2201238,0.25932068,0.17792057,0.1598324,0.8980231,0.907372,0.68291306,0.8913319,0.9309535
1770200160.7153,0.8054267168045044,0.8708953857421875,0.9187742471694946,0.20163834,0.23528147,0.24628907,0.15091397,0.16587713,0.90812624,0.80110824,0.76578206,0.9414953,0.9379653
1770200160.8047,0.8253124952316284,0.8920493125915527,0.977919340133667,0.19372441,0.21569832,0.2743896,0.15986647,0.15632124,0.92125064,0.9078633,0.73639894,0.9470587,0.94767493
1770200161.0051,0.7878358364105225,0.8621187210083008,1.0,0.15156741,0.18763706,0.33140925,0.18218611,0.14720014,0.8980231,0.907372,0.68291306,0.8913319,0.9309535
1770200161.3009,0.8327058553695679,0.8621187210083008,0.7379939556121826,0.1824603,0.20690776,0.29140034,0.16893478,0.15029678,0.8980231,0.907372,0.68291306,0.8913319,0.9309535
1770200161.6649,0.8268918991088867,0.8933698534965515,0.2135794758796692,0.21085052,0.22036982,0.2505806,0.14981075,0.16838834,0.8698983,0.7866151,0.8978576,0.9592409,0.95323706
1770200161.9255,0.8495215177536011,0.9034386873245239,0.16952961683273315,0.20932944,0.2123885,0.25067598,0.16280025,0.16480581,0.9197003,0.83202565,0.8663157,0.95290136,0.94624996
1770200162.3090,0.8285728693008423,0.8898464441299438,0.08061417192220688,0.18765426,0.17797385,0.29368863,0.18237288,0.15831038,0.9234583,0.9825832,0.78768146,0.80642414,0.9490852
1770200162.6104,0.8964992165565491,0.9315347671508789,0.14142917096614838,0.20273283,0.182513,0.27918732,0.1867085,0.14885832,0.93153477,0.93153477,0.93153477,0.93153477,0.93153477
1770200163.5744,0.8623159527778625,0.9151422381401062,0.2540132999420166,0.17666394,0.16028936,0.319208,0.19237861,0.15146005,0.9557955,0.9826544,0.8082739,0.8561732,0.97281456
1770200164.2749,0.8233159780502319,0.8437976837158203,0.15842925012111664,0.19936971,0.22287633,0.26974958,0.15066628,0.15733811,0.77736646,0.7626866,0.80379,0.93959075,0.93555427
1770200164.8737,0.8223434090614319,0.8544493913650513,0.07806325703859329,0.18047594,0.22318606,0.2853132,0.15521125,0.15581356,0.79265547,0.8221187,0.7376161,0.98449546,0.93536115
1770200165.8023,0.8681924939155579,0.877128541469574,0.10115107148885727,0.18541594,0.2062148,0.27262986,0.18135567,0.1543838,0.90732974,0.8538746,0.80516654,0.87839675,0.940875
1770200165.9021,0.8649329543113708,0.929314136505127,0.08025924116373062,0.19904362,0.22825876,0.24145159,0.16881333,0.16243263,0.9371955,0.8959636,0.8591175,0.9959337,0.9583602
1770200166.8066,0.858795702457428,0.8955337405204773,0.3574090003967285,0.1805653,0.22794393,0.26224834,0.17430858,0.15493384,0.8955338,0.8955338,0.8955338,0.8955338,0.8955338
1770200166.9016,0.8340280652046204,0.9034386873245239,0.35119110345840454,0.19346163,0.24575646,0.23130468,0.16672687,0.16275042,0.9197003,0.83202565,0.8663157,0.95290136,0.94624996
1770200167.1923,0.8384807109832764,0.8621187210083008,0.46364471316337585,0.17635258,0.2369046,0.2559139,0.17708999,0.15373886,0.8980231,0.907372,0.68291306,0.8913319,0.9309535
1770200167.5353,0.8147116899490356,0.8749598860740662,0.4500672519207001,0.18458387,0.242764,0.23911431,0.17286603,0.16067186,0.90365696,0.828416,0.7833671,0.9254518,0.9339073
1770200168.4790,0.7973036766052246,0.8696537017822266,0.15475207567214966,0.18770872,0.24262977,0.23007621,0.17163315,0.1679521,0.85043067,0.7686109,0.7873547,0.9997688,0.9421038
1770200169.7676,0.8338499069213867,0.8898464441299438,0.32454434037208557,0.17987323,0.20459826,0.2583702,0.19667715,0.1604812,0.9234583,0.9825832,0.78768146,0.80642414,0.9490852
1770200170.8749,0.7962222695350647,0.8696537017822266,0.4666133522987366,0.19048595,0.23772465,0.23778026,0.16914095,0.16486819,0.85043067,0.7686109,0.7873547,0.9997688,0.9421038
1770200171.8919,0.8537659645080566,0.9151422381401062,0.17415080964565277,0.19035001,0.19736834,0.25090015,0.19732372,0.16405778,0.9557955,0.9826544,0.8082739,0.8561732,0.97281456
1770200173.2056,0.8452588319778442,0.877128541469574,0.37357109785079956,0.18580176,0.21936741,0.2723992,0.16927081,0.15316083,0.90732974,0.8538746,0.80516654,0.87839675,0.940875
1770200175.4933,0.848952054977417,0.9151422381401062,0.33208420872688293,0.19032231,0.18502161,0.26031238,0.20012935,0.1642144,0.9557955,0.9826544,0.8082739,0.8561732,0.97281456
1770200175.7684,0.821831226348877,0.881825864315033,0.311834454536438,0.19487393,0.21426325,0.2770634,0.15940808,0.15439133,0.92558515,0.8305952,0.77184385,0.9311718,0.9499332
1770200176.2040,0.8221534490585327,0.881825864315033,0.20633284747600555,0.19836394,0.20996888,0.26985237,0.15858942,0.16322534,0.92558515,0.8305952,0.77184385,0.9311718,0.9499332
1770200176.4751,0.8504753112792969,0.902757465839386,0.3263092041015625,0.19254327,0.20204636,0.2759552,0.16954176,0.15991339,0.83559054,0.7898576,0.9552336,0.9991115,0.93399405
1770200176.8286,0.8443650007247925,0.881825864315033,0.4977145195007324,0.20010822,0.20510784,0.26913822,0.16298771,0.16265796,0.92558515,0.8305952,0.77184385,0.9311718,0.9499332
1770200177.1711,0.85218346118927,0.9227310419082642,1.0,0.20897625,0.21524736,0.25086826,0.15863806,0.16627003,0.912084,0.8072031,0.966881,0.9869092,0.9405777
1770200177.4159,0.8235251903533936,0.881825864315033,1.0,0.19467369,0.21745795,0.2588897,0.15886961,0.17010906,0.92558515,0.8305952,0.77184385,0.9311718,0.9499332
1770200177.7256,0.8629578948020935,0.9230558276176453,0.4871995747089386,0.1871582,0.20595264,0.25263965,0.18902883,0.16522068,0.9230558,0.9230558,0.9230558,0.9230558,0.9230558
1770200178.1631,0.8627157211303711,0.929314136505127,0.7243419289588928,0.19173734,0.22687054,0.24317135,0.16885108,0.1693697,0.9371955,0.8959636,0.8591175,0.9959337,0.9583602
1770200178.4307,0.8359289765357971,0.8621187210083008,0.4762536287307739,0.17854905,0.22611135,0.25920197,0.17204979,0.16408783,0.8980231,0.907372,0.68291306,0.8913319,0.9309535
1770200178.4822,0.8250383734703064,0.8848945498466492,0.4715445339679718,0.19359018,0.23860566,0.22085562,0.17076439,0.17618409,0.82499087,0.82744044,0.95972556,0.866421,0.94589466
1770200179.0703,0.8212781548500061,0.900844395160675,0.2879939675331116,0.18330829,0.22146374,0.24480775,0.1792636,0.17115664,0.9008444,0.9008444,0.9008444,0.9008444,0.9008444
1770200179.2023,0.8789389133453369,0.9151422381401062,0.31833353638648987,0.17726156,0.21729118,0.25442964,0.19241738,0.15860024,0.9557955,0.9826544,0.8082739,0.8561732,0.97281456
1770200179.7189,0.8172774314880371,0.8708953857421875,0.2279924899339676,0.18555172,0.24285851,0.24171534,0.16583242,0.16404197,0.90812624,0.80110824,0.76578206,0.9414953,0.9379653
1770200179.7696,0.8397618532180786,0.9230558276176453,0.2400740385055542,0.18038565,0.22466558,0.2518528,0.18722954,0.1558664,0.9230558,0.9230558,0.9230558,0.9230558,0.9230558
1770200179.9582,0.8337429761886597,0.8955077528953552,0.33676907420158386,0.17999008,0.2208366,0.26071817,0.18389231,0.15456283,0.91683763,0.84513557,0.85045385,0.9185347,0.94657665
1770200180.0623,0.8315159678459167,0.881825864315033,0.3851638734340668,0.18151313,0.22444613,0.28286365,0.16305675,0.14812042,0.92558515,0.8305952,0.77184385,0.9311718,0.9499332
1770200180.2472,0.8331048488616943,0.881825864315033,0.3846113085746765,0.18386562,0.2166821,0.28874165,0.16263074,0.14807993,0.92558515,0.8305952,0.77184385,0.9311718,0.9499332
1770200180.7238,0.817976713180542,0.8688028454780579,0.5896954536437988,0.19395645,0.21715853,0.2754639,0.15836248,0.15505864,0.8835399,0.79321253,0.7762631,0.93308896,0.95790964
1770200180.9508,0.8317692875862122,0.881825864315033,0.6628117561340332,0.18599766,0.2021314,0.2997408,0.16224411,0.14988601,0.92558515,0.8305952,0.77184385,0.9311718,0.9499332
1770200181.1495,0.8380695581436157,0.9034386873245239,0.7009802460670471,0.20043413,0.2097875,0.26624066,0.16320144,0.16033633,0.9197003,0.83202565,0.8663157,0.95290136,0.94624996
1770200181.6835,0.8264989256858826,0.8749598860740662,0.3484298586845398,0.19633229,0.20801994,0.2684448,0.16634052,0.16086246,0.90365696,0.828416,0.7833671,0.9254518,0.9339073
1770200181.8367,0.8685648441314697,0.9315347671508789,0.5236345529556274,0.19265468,0.19456393,0.2678946,0.18311419,0.1617726,0.93153477,0.93153477,0.93153477,0.93153477,0.93153477
1770200181.9311,0.8174147605895996,0.8718656897544861,0.5855436325073242,0.19593002,0.21148457,0.25001737,0.17128927,0.17127879,0.8377098,0.82200646,0.80467236,0.94469625,0.9502433
1770200182.1825,0.8281227946281433,0.8621187210083008,0.5671378374099731,0.1807675,0.20315875,0.27896783,0.17720069,0.15990517,0.8980231,0.907372,0.68291306,0.8913319,0.9309535
1770200182.2457,0.8432124257087708,0.877128541469574,0.5646429061889648,0.18458505,0.21940443,0.2588376,0.17213903,0.16503389,0.90732974,0.8538746,0.80516654,0.87839675,0.940875
1770200182.4140,0.8112589120864868,0.8544493913650513,0.6415290236473083,0.18353456,0.23056,0.25231016,0.1684324,0.16516285,0.79265547,0.8221187,0.7376161,0.98449546,0.93536115
1770200182.5355,0.8167973756790161,0.8718656897544861,0.6925511956214905,0.1904671,0.23576902,0.22782391,0.17410065,0.1718393,0.8377098,0.82200646,0.80467236,0.94469625,0.9502433
1770200182.6143,0.8699141144752502,0.929314136505127,0.7291654944419861,0.1879531,0.245906,0.22973906,0.17277804,0.16362384,0.9371955,0.8959636,0.8591175,0.9959337,0.9583602
1770200182.6583,0.8021860122680664,0.8696537017822266,0.7578532695770264,0.19298387,0.23916568,0.21655928,0.17666903,0.17462216,0.85043067,0.7686109,0.7873547,0.9997688,0.9421038
1770200183.0728,0.8110510110855103,0.8708953857421875,0.6998694539070129,0.19315067,0.23853283,0.22034279,0.17432466,0.17364903,0.90812624,0.80110824,0.76578206,0.9414953,0.9379653
1770200183.3320,0.8493038415908813,0.8621187210083008,0.5501782894134521,0.18795957,0.2405654,0.23496158,0.17347428,0.16303918,0.8980231,0.907372,0.68291306,0.8913319,0.9309535
1770200183.6704,0.8575663566589355,0.9034386873245239,0.6824858784675598,0.19960852,0.23573947,0.22047855,0.1750256,0.16914782,0.9197003,0.83202565,0.8663157,0.95290136,0.94624996
1770200183.8515,0.8289930820465088,0.8708953857421875,0.5697031021118164,0.19693959,0.22548154,0.23579009,0.17286105,0.16892773,0.90812624,0.80110824,0.76578206,0.9414953,0.9379653
1770200183.9274,0.8208211064338684,0.8437976837158203,0.45886194705963135,0.19839768,0.21728301,0.24211718,0.1741265,0.16807565,0.77736646,0.7626866,0.80379,0.93959075,0.93555427
1770200184.4110,0.8668406009674072,0.9151422381401062,0.6926177740097046,0.20080042,0.19997263,0.24173476,0.18464617,0.17284608,0.9557955,0.9826544,0.8082739,0.8561732,0.97281456
1770200184.7746,0.831778347492218,0.881825864315033,0.4027182459831238,0.1986395,0.20591374,0.26647124,0.16606398,0.16291152,0.92558515,0.8305952,0.77184385,0.9311718,0.9499332
1770200184.9709,0.8480926156044006,0.902757465839386,0.4403073787689209,0.19877507,0.20380887,0.261675,0.17162152,0.16411959,0.90275747,0.90275747,0.90275747,0.90275747,0.90275747
1770200185.1119,0.8474645614624023,0.8940742611885071,0.6173182129859924,0.20051259,0.20360157,0.26884398,0.16468792,0.16235395,0.9276602,0.9323365,0.81837666,0.8398495,0.9521484
1770200185.4555,0.8932997584342957,0.9315347671508789,1.0,0.19678983,0.20198816,0.27579334,0.16688892,0.15853971,0.93153477,0.93153477,0.93153477,0.93153477,0.93153477
1770200185.8893,0.8210830688476562,0.9497626423835754,0.7651875615119934,0.19761017,0.21083532,0.25753462,0.1678175,0.1662024,0.94389117,0.9960515,0.90403056,0.9394887,0.96535116
1770200186.2990,0.8299120664596558,0.881825864315033,0.44835489988327026,0.19584472,0.21557437,0.25380108,0.16801019,0.16676964,0.92558515,0.8305952,0.77184385,0.9311718,0.9499332
1770200186.6028,0.863269031047821,0.9230558276176453,0.5921730399131775,0.19128206,0.216387,0.25856248,0.16973405,0.1640344,0.9230558,0.9230558,0.9230558,0.9230558,0.9230558
1770200187.8304,0.8220260143280029,0.9034386873245239,1.0,0.19149785,0.22786796,0.25195184,0.16491306,0.16376927,0.9197003,0.83202565,0.8663157,0.95290136,0.94624996
1770200188.2924,0.8145034313201904,0.881825864315033,0.9778661131858826,0.19046117,0.22852433,0.24548593,0.16891786,0.16661073,0.92558515,0.8305952,0.77184385,0.9311718,0.9499332
1770200189.0199,0.8495324850082397,0.8955077528953552,0.5075785517692566,0.18563111,0.22410375,0.25463375,0.17120083,0.16443056,0.91683763,0.84513557,0.85045385,0.9185347,0.94657665
1770200189.1363,0.8154979348182678,0.881825864315033,0.4298301935195923,0.18762949,0.22234598,0.24594426,0.17467858,0.16940169,0.92558515,0.8305952,0.77184385,0.9311718,0.9499332
1770200189.1722,0.8170030117034912,0.881825864315033,0.418020635843277,0.18682043,0.21751855,0.24748597,0.17764312,0.17053193,0.92558515,0.8305952,0.77184385,0.9311718,0.9499332
1770200189.3026,0.8383905291557312,0.881825864315033,0.44560882449150085,0.18706371,0.21137029,0.2448348,0.18338883,0.17334229,0.8818258,0.8818258,0.8818258,0.8818258,0.8818258
1770200189.5871,0.8419151902198792,0.881825864315033,0.5719606280326843,0.18667914,0.20755018,0.25050724,0.18373795,0.17152551,0.92558515,0.8305952,0.77184385,0.9311718,0.9499332
1770200189.7213,0.8696630001068115,0.9151422381401062,0.5312503576278687,0.17990565,0.19706464,0.27173996,0.1860533,0.1652365,0.9557955,0.9826544,0.8082739,0.8561732,0.97281456
1770200189.9813,0.8489998579025269,0.9034386873245239,0.5018642544746399,0.18786745,0.20318997,0.2512459,0.18734567,0.17035104,0.9197003,0.83202565,0.8663157,0.95290136,0.94624996
1770200190.0900,0.8592066168785095,0.9151422381401062,0.5412720441818237,0.19038884,0.19827184,0.24386798,0.19338913,0.17408213,0.9557955,0.9826544,0.8082739,0.8561732,0.97281456
1770200190.6720,0.82958984375,0.8713669180870056,0.5109167098999023,0.19391039,0.20476328,0.23784573,0.18977802,0.17370261,0.8434389,0.8315466,0.835402,0.8991759,0.94727117
1770200190.8695,0.8692871332168579,0.9123326539993286,0.5947913527488708,0.19197391,0.20742129,0.24570507,0.18596986,0.16892987,0.92939883,0.97909456,0.8577879,0.8419247,0.9534571
1770200190.9699,0.8124430775642395,0.8708953857421875,0.5413677096366882,0.1954823,0.2123137,0.23031574,0.18695344,0.17493492,0.90812624,0.80110824,0.76578206,0.9414953,0.9379653
1770200191.9881,0.8680424690246582,0.9192423224449158,0.49632811546325684,0.19445974,0.2200143,0.23747735,0.1795522,0.16849646,0.85169464,0.89097077,0.9472961,0.975312,0.9309376
1770200192.5718,0.8407922387123108,0.881825864315033,0.35271671414375305,0.195326,0.22090118,0.23286659,0.18045844,0.1704478,0.92558515,0.8305952,0.77184385,0.9311718,0.9499332
1770200193.6925,0.8270918726921082,0.8718656897544861,0.8383578062057495,0.19593804,0.223136,0.23090747,0.17865086,0.17136766,0.8377098,0.82200646,0.80467236,0.94469625,0.9502433
1770200888.3006,0.4376860558986664,0.877291202545166,0.28370344638824463,0.15811945,0.020392615,0.33632645,0.19211832,0.29304317,0.8772912,0.8772912,0.8772912,0.8772912,0.8772912
1770200888.3727,0.47277384996414185,0.877291202545166,0.32246696949005127,0.15005705,0.057336066,0.37834454,0.30063292,0.11362938,0.8772912,0.8772912,0.8772912,0.8772912,0.8772912
1770200888.4526,0.48860472440719604,0.877291202545166,0.4902339577674866,0.13428251,0.20990276,0.13861851,0.47501037,0.04218582,0.92066747,0.9011288,0.7917148,0.8262165,0.9467283
1770200888.5445,0.5200607776641846,0.877291202545166,1.0,0.1255527,0.17038773,0.17803594,0.48650393,0.039519664,0.92066747,0.9011288,0.7917148,0.8262165,0.9467283
1770200888.6559,0.5363012552261353,0.877291202545166,1.0,0.13515547,0.1951964,0.14554371,0.48703572,0.037068743,0.92066747,0.9011288,0.7917148,0.8262165,0.9467283
1770200888.7380,0.6659349203109741,0.8930918574333191,1.0,0.37520245,0.27205485,0.10130003,0.17072709,0.08071562,0.89309186,0.89309186,0.89309186,0.89309186,0.89309186
1770200888.8886,0.6785558462142944,0.8930918574333191,1.0,0.35995737,0.24645388,0.11771326,0.17419446,0.101680994,0.89309186,0.89309186,0.89309186,0.89309186,0.89309186
1770200889.0251,0.5529880523681641,0.8700966238975525,1.0,0.092205666,0.21467139,0.20430025,0.37933496,0.10948776,0.9216535,0.90333253,0.78736705,0.79043424,0.9476955
1770200889.0922,0.6980639696121216,0.8930918574333191,0.7830701470375061,0.27783132,0.19792633,0.17398301,0.19342244,0.15683685,0.89309186,0.89309186,0.89309186,0.89309186,0.89309186
1770200889.1545,0.6153555512428284,0.8700966238975525,0.49973657727241516,0.09724332,0.21173756,0.1444334,0.46603772,0.08054794,0.9216535,0.90333253,0.78736705,0.79043424,0.9476955
1770200889.2659,0.6476983428001404,0.8930917978286743,0.31701359152793884,0.09748934,0.20534559,0.16452566,0.43659645,0.096042976,0.922753,0.98069936,0.7813796,0.83232886,0.94829786
1770200889.3652,0.6573717594146729,0.903925895690918,0.21993809938430786,0.18229508,0.22490647,0.31248274,0.14873864,0.13157704,0.9039259,0.9039259,0.9039259,0.9039259,0.9039259
1770200889.5031,0.5862013697624207,0.8930917978286743,0.16469569504261017,0.05958966,0.13404922,0.1617077,0.5683624,0.07629101,0.922753,0.98069936,0.7813796,0.83232886,0.94829786
1770200889.5867,0.6985747814178467,0.903925895690918,0.15418075025081635,0.16405684,0.16350825,0.30344766,0.16705783,0.20192944,0.9039259,0.9039259,0.9039259,0.9039259,0.9039259
1770200889.6495,0.7178460359573364,0.8930917978286743,0.15806593000888824,0.0725332,0.11878129,0.17748272,0.55935144,0.07185133,0.922753,0.98069936,0.7813796,0.83232886,0.94829786
1770200889.8074,0.7735540866851807,0.9268857836723328,0.2385571449995041,0.2121827,0.16051106,0.32496014,0.18153277,0.12081339,0.9268858,0.9268858,0.9268858,0.9268858,0.9268858
1770200889.8970,0.6684234738349915,0.903925895690918,0.3076728284358978,0.06392887,0.09148741,0.21078384,0.5081678,0.12563206,0.93333244,0.979705,0.8123715,0.8378957,0.9563248
1770200889.9534,0.6847807168960571,0.9268857836723328,0.3735353946685791,0.082171276,0.104993016,0.17271443,0.5426333,0.09748797,0.9268858,0.9268858,0.9268858,0.9268858,0.9268858
1770200890.0825,0.8565423488616943,0.903925895690918,0.4152608811855316,0.18769768,0.07322468,0.22846082,0.25510895,0.25550792,0.93333244,0.979705,0.8123715,0.8378957,0.9563248
1770200890.2219,0.8702363967895508,0.903925895690918,0.3242119550704956,0.20383246,0.075567104,0.21507218,0.24532476,0.2602035,0.93333244,0.979705,0.8123715,0.8378957,0.9563248
1770200890.5020,0.8558785915374756,0.9268857836723328,0.2652554512023926,0.29362392,0.16073841,0.24237983,0.1693359,0.13392198,0.93625426,0.9826544,0.8430448,0.91428494,0.9581906
1770200890.8172,0.8919316530227661,0.903925895690918,0.42212027311325073,0.22841738,0.08475476,0.20215337,0.24193417,0.24274029,0.93333244,0.979705,0.8123715,0.8378957,0.9563248
1770200890.9462,0.8873127698898315,0.9268857836723328,0.3982554078102112,0.16247544,0.17685336,0.20875633,0.18576914,0.26614577,0.93625426,0.9826544,0.8430448,0.91428494,0.9581906
1770200891.0341,0.8934907913208008,0.9268857836723328,0.3638652265071869,0.16809136,0.183769,0.20943,0.191585,0.24712463,0.93625426,0.9826544,0.8430448,0.91428494,0.9581906
1770200891.1067,0.8759337067604065,0.9318569302558899,0.2667292356491089,0.21238047,0.14696446,0.23315233,0.20126918,0.20623358,0.93185693,0.93185693,0.93185693,0.93185693,0.93185693
1770200891.1878,0.918852686882019,0.903925895690918,0.19641801714897156,0.228209,0.12155896,0.20138113,0.29237518,0.15647575,0.93333244,0.979705,0.8123715,0.8378957,0.9563248
1770200891.2907,0.9080493450164795,0.9268857836723328,0.1603984236717224,0.23803248,0.22788227,0.23937675,0.21384919,0.08085932,0.93625426,0.9826544,0.8430448,0.91428494,0.9581906
1770200891.3398,0.8396117091178894,0.9318569302558899,0.16395696997642517,0.22016703,0.13924846,0.2721669,0.21189913,0.1565184,0.94646895,0.9554162,0.8500227,0.94190705,0.9654696
1770200891.7439,0.8951082229614258,0.9318569302558899,0.4335263967514038,0.18098983,0.18858382,0.25986373,0.22437891,0.1461837,0.94646895,0.9554162,0.8500227,0.94190705,0.9654696
1770200891.8608,0.9341292977333069,0.9268857836723328,0.4538118839263916,0.22914676,0.16437781,0.19046324,0.30886486,0.107147366,0.93625426,0.9826544,0.8430448,0.91428494,0.9581906
1770200891.9565,0.9209368228912354,0.9318569302558899,0.4484618008136749,0.19566709,0.24370544,0.20313357,0.1918339,0.16566008,0.94646895,0.9554162,0.8500227,0.94190705,0.9654696
1770200892.0830,0.9217321872711182,0.9318569302558899,0.46339738368988037,0.18998948,0.24274975,0.21507518,0.18368697,0.16849867,0.94646895,0.9554162,0.8500227,0.94190705,0.9654696
1770200892.1973,0.8695793747901917,0.9318569302558899,0.47998347878456116,0.24183995,0.13293627,0.27367228,0.21356124,0.13799028,0.94646895,0.9554162,0.8500227,0.94190705,0.9654696
1770200892.2587,0.9320071935653687,0.9181081056594849,0.46678969264030457,0.20567083,0.18020473,0.22849998,0.28942204,0.09620239,0.9423597,0.98480344,0.7757258,0.9247621,0.96288943
1770200892.3657,0.9236630201339722,0.9181081056594849,0.4277195930480957,0.18447895,0.17895642,0.25577947,0.28057647,0.100208744,0.9423597,0.98480344,0.7757258,0.9247621,0.96288943
1770200892.5339,0.8642256855964661,0.9181081056594849,0.3339666724205017,0.11547813,0.15019432,0.3758062,0.15807015,0.20045118,0.9423597,0.98480344,0.7757258,0.9247621,0.96288943
1770200892.6004,0.8492909669876099,0.9181081056594849,0.2957350015640259,0.10854088,0.14303344,0.39282933,0.14728445,0.20831183,0.9423597,0.98480344,0.7757258,0.9247621,0.96288943
1770200892.6975,0.8655867576599121,0.9181081056594849,0.23696491122245789,0.25599408,0.17372108,0.23728503,0.1417676,0.19123217,0.9423597,0.98480344,0.7757258,0.9247621,0.96288943
1770200892.7579,0.8652265667915344,0.897089421749115,0.21645161509513855,0.1264219,0.15265423,0.35693094,0.23237865,0.1316143,0.923342,0.9156804,0.82606584,0.8710633,0.94929516
1770200892.9113,0.8062973618507385,0.897089421749115,0.24363240599632263,0.09449441,0.15689127,0.41064966,0.1583497,0.1796149,0.923342,0.9156804,0.82606584,0.8710633,0.94929516
1770200892.9646,0.8073150515556335,0.897089421749115,0.2659125328063965,0.09763269,0.1560878,0.40582347,0.15555671,0.18489932,0.923342,0.9156804,0.82606584,0.8710633,0.94929516
1770200893.0797,0.8757236003875732,0.897089421749115,0.31884679198265076,0.23380256,0.10832869,0.28070506,0.16125807,0.21590562,0.923342,0.9156804,0.82606584,0.8710633,0.94929516
1770200893.2203,0.8726873397827148,0.8695157170295715,0.32973676919937134,0.20031415,0.15536256,0.269061,0.17302294,0.20223941,0.9227631,0.8695428,0.76321375,0.8434298,0.9486289
1770200893.2987,0.8482253551483154,0.8695157170295715,0.3120054304599762,0.19902857,0.18026514,0.28505298,0.1996202,0.13603313,0.9227631,0.8695428,0.76321375,0.8434298,0.9486289
1770200893.3698,0.8824642896652222,0.8695157170295715,0.28826192021369934,0.1741935,0.1568357,0.3447039,0.18671946,0.13754737,0.9227631,0.8695428,0.76321375,0.8434298,0.9486289
1770200893.4676,0.8825510740280151,0.9181081056594849,0.2545081079006195,0.13394931,0.20826605,0.31763533,0.14070448,0.19944482,0.9423597,0.98480344,0.7757258,0.9247621,0.96288943
1770200893.5880,0.854799747467041,0.8695157170295715,0.2481713742017746,0.14082484,0.19439511,0.3429882,0.1554922,0.16629961,0.9227631,0.8695428,0.76321375,0.8434298,0.9486289
1770200893.8046,0.8712083101272583,0.8695157170295715,0.2674098312854767,0.15723082,0.16759554,0.37012184,0.17298317,0.13206862,0.9227631,0.8695428,0.76321375,0.8434298,0.9486289
1770200893.8620,0.8636974692344666,0.8897579312324524,0.2605160176753998,0.21562864,0.19667576,0.2875757,0.11525583,0.18486406,0.88975793,0.88975793,0.88975793,0.88975793,0.88975793
1770200893.9592,0.8315626978874207,0.8605905771255493,0.24648523330688477,0.18698299,0.19768636,0.29936594,0.18451281,0.13145189,0.93937886,0.86159337,0.67280173,0.8683834,0.96079564
1770200894.0434,0.8347093462944031,0.8605905771255493,0.23133520781993866,0.11781246,0.21764287,0.3332019,0.15462345,0.17671931,0.93937886,0.86159337,0.67280173,0.8683834,0.96079564
1770200894.1165,0.8921637535095215,0.8897579312324524,0.22344231605529785,0.3495493,0.21531218,0.16391027,0.11149122,0.15973704,0.88975793,0.88975793,0.88975793,0.88975793,0.88975793
1770200894.3052,0.8447926640510559,0.898051917552948,0.24570602178573608,0.28457713,0.19526355,0.24227773,0.16200988,0.115871765,0.8980519,0.8980519,0.8980519,0.8980519,0.8980519
1770200895.0328,0.8425627946853638,0.898051917552948,0.15452668070793152,0.27442294,0.18319923,0.25036907,0.17210683,0.11990191,0.8980519,0.8980519,0.8980519,0.8980519,0.8980519
1770200895.1415,0.8220588564872742,0.8605905771255493,0.13586951792240143,0.104762614,0.18290924,0.3396226,0.16900122,0.20370436,0.93937886,0.86159337,0.67280173,0.8683834,0.96079564
1770200895.1882,0.8815983533859253,0.8897579312324524,0.12822368741035461,0.302573,0.16244377,0.18382648,0.13766806,0.21348871,0.9448999,0.8634079,0.8088082,0.86635965,0.9653139
1770200895.3282,0.874617874622345,0.9181081056594849,0.10324231535196304,0.124626175,0.19474167,0.3075018,0.17411657,0.1990138,0.9423597,0.98480344,0.7757258,0.9247621,0.96288943
1770200895.3857,0.84598708152771,0.8980518579483032,0.09656817466020584,0.22110009,0.15848936,0.27410492,0.2289559,0.11734973,0.93608886,0.8760006,0.8220009,0.8980977,0.958071
1770200895.5304,0.8503082394599915,0.8897579312324524,0.10901030898094177,0.2680756,0.12870327,0.21940939,0.15902263,0.2247892,0.9448999,0.8634079,0.8088082,0.86635965,0.9653139
1770200895.5862,0.8244353532791138,0.8980518579483032,0.1286962330341339,0.19695947,0.17701618,0.28903955,0.15250237,0.18448243,0.93608886,0.8760006,0.8220009,0.8980977,0.958071
1770200895.7345,0.8840019702911377,0.9178953170776367,0.20756623148918152,0.29656336,0.16845968,0.16333108,0.14504075,0.22660515,0.9378411,0.90185463,0.84160763,0.9491407,0.9590321
1770200895.7861,0.8604060411453247,0.8605905771255493,0.22599101066589355,0.17904107,0.20511788,0.19344509,0.2152106,0.20718531,0.93937886,0.86159337,0.67280173,0.8683834,0.96079564
1770200895.9417,0.8251795768737793,0.9138197898864746,0.24710334837436676,0.15662567,0.22273842,0.26814228,0.19176544,0.16072822,0.9138198,0.9138198,0.9138198,0.9138198,0.9138198
1770200895.9798,0.8642145395278931,0.9138197898864746,0.247776597738266,0.3279283,0.14594263,0.14696097,0.14866133,0.23050682,0.9397102,0.87048084,0.8337899,0.96446687,0.9606512
1770200896.1349,0.8780080676078796,0.9181081056594849,0.2614173889160156,0.2046644,0.18823373,0.20642088,0.2575043,0.14317669,0.9423597,0.98480344,0.7757258,0.9247621,0.96288943
1770200896.1829,0.8688789010047913,0.9020389914512634,0.2811775207519531,0.20057131,0.21253408,0.24183388,0.1751641,0.16989656,0.9471981,0.87356555,0.76481,0.95741695,0.9672043
1770200896.3240,0.8154488205909729,0.8980518579483032,0.3490740656852722,0.1935643,0.19089775,0.1297782,0.27391315,0.21184663,0.93608886,0.8760006,0.8220009,0.8980977,0.958071
1770200896.3915,0.8654322624206543,0.8695157170295715,0.3878445029258728,0.13265266,0.2896021,0.2711339,0.19168435,0.11492703,0.9227631,0.8695428,0.76321375,0.8434298,0.9486289
1770200896.5300,0.8688421249389648,0.9020389914512634,0.4619934558868408,0.2174704,0.2317006,0.21339716,0.16211447,0.17531736,0.9471981,0.87356555,0.76481,0.95741695,0.9672043
1770200896.5874,0.8062554001808167,0.8980518579483032,0.4673408269882202,0.14552124,0.21608368,0.18580207,0.285482,0.16711104,0.93608886,0.8760006,0.8220009,0.8980977,0.958071
1770200896.7424,0.8356848955154419,0.9014865756034851,0.4291383922100067,0.16658783,0.18263425,0.32945842,0.1769055,0.144414,0.9131251,0.7857091,0.8833394,0.96772856,0.9575306
1770200896.7898,0.858700156211853,0.8897579312324524,0.4122636020183563,0.18422791,0.19703378,0.2418868,0.19990322,0.17694831,0.9448999,0.8634079,0.8088082,0.86635965,0.9653139
1770200896.9086,0.7604328393936157,0.9014865756034851,0.377817839384079,0.12071936,0.29330987,0.2489472,0.19621927,0.14080429,0.9131251,0.7857091,0.8833394,0.96772856,0.9575306
1770200897.0024,0.8174917697906494,0.8980518579483032,0.35018929839134216,0.1755734,0.23391464,0.24791671,0.17388503,0.16871017,0.93608886,0.8760006,0.8220009,0.8980977,0.958071
1770200897.1577,0.7819632291793823,0.8695157170295715,0.2623153030872345,0.119027555,0.252093,0.33136776,0.15818053,0.13933115,0.9227631,0.8695428,0.76321375,0.8434298,0.9486289
1770200897.2085,0.8100543022155762,0.8817014694213867,0.24073727428913116,0.21146975,0.26348546,0.2762585,0.115801156,0.1329851,0.92764914,0.82135123,0.7102091,0.98665327,0.96264446
1770200897.3110,0.8245012760162354,0.8605905771255493,0.24890552461147308,0.14793912,0.25555873,0.28123426,0.15747124,0.15779668,0.93937886,0.86159337,0.67280173,0.8683834,0.96079564
1770200897.3784,0.8215980529785156,0.8605905771255493,0.2913206219673157,0.14879982,0.2588426,0.28357056,0.15428618,0.15450083,0.93937886,0.86159337,0.67280173,0.8683834,0.96079564
1770200897.5386,0.8255144357681274,0.8695157170295715,0.39415600895881653,0.16271819,0.29506814,0.30202016,0.122090474,0.11810298,0.9227631,0.8695428,0.76321375,0.8434298,0.9486289
1770200897.6098,0.7788822650909424,0.8695157170295715,0.43636858463287354,0.13741128,0.27270156,0.31587768,0.14527081,0.12873867,0.9227631,0.8695428,0.76321375,0.8434298,0.9486289
1770200897.7135,0.8668243288993835,0.9181081056594849,0.6089390516281128,0.15370633,0.31317446,0.25383344,0.15187839,0.12740743,0.9423597,0.98480344,0.7757258,0.9247621,0.96288943
1770200897.7921,0.8511552810668945,0.9047918319702148,0.7985233664512634,0.33106667,0.19333816,0.17945391,0.1932674,0.10287386,0.84001994,0.8583754,0.9462338,0.92512625,0.95420414
1770200897.9362,0.8317564725875854,0.8841235041618347,1.0,0.2922788,0.23208699,0.1810519,0.15528488,0.13929744,0.88242936,0.83147407,0.83702105,0.90820765,0.9614854
1770200897.9787,0.8455150127410889,0.9014865756034851,1.0,0.2736774,0.23189542,0.17748214,0.1425839,0.1743611,0.9131251,0.7857091,0.8833394,0.96772856,0.9575306
1770200898.1098,0.8520406484603882,0.8897579312324524,1.0,0.19772874,0.24362601,0.2316016,0.18344863,0.14359501,0.9448999,0.8634079,0.8088082,0.86635965,0.9653139
1770200898.1898,0.843254566192627,0.8841235041618347,0.9258717894554138,0.27062938,0.2289382,0.1801985,0.19052841,0.12970556,0.88242936,0.83147407,0.83702105,0.90820765,0.9614854
1770200898.3066,0.8186225891113281,0.8911348581314087,0.4826537072658539,0.18059751,0.23776367,0.25264508,0.2147895,0.11420425,0.8934836,0.80295324,0.82679343,0.97295064,0.9594934
1770200898.3911,0.8327884674072266,0.919844925403595,0.35566475987434387,0.14552677,0.27846113,0.23696727,0.17877834,0.16026652,0.9198449,0.9198449,0.9198449,0.9198449,0.9198449
1770200898.4982,0.8227960467338562,0.919844925403595,0.3269738554954529,0.23843178,0.21756458,0.20508946,0.19204666,0.14686753,0.9058481,0.80946827,0.95708853,0.9779328,0.9488869
1770200898.5979,0.7955907583236694,0.919844925403595,0.3608585298061371,0.16247268,0.24351908,0.20679726,0.22202589,0.16518508,0.9058481,0.80946827,0.95708853,0.9779328,0.9488869
1770200898.7086,0.8448981046676636,0.8695157170295715,0.48096027970314026,0.12961546,0.19539697,0.3799702,0.18476416,0.11025326,0.9227631,0.8695428,0.76321375,0.8434298,0.9486289
1770200898.8061,0.873663067817688,0.9181081056594849,0.5731104612350464,0.1182516,0.25518557,0.2949035,0.19611667,0.13554269,0.9423597,0.98480344,0.7757258,0.9247621,0.96288943
1770200898.8999,0.8482832312583923,0.8982760310173035,0.5855198502540588,0.25918812,0.21568385,0.2097222,0.17433776,0.14106809,0.87191254,0.81827176,0.85498756,0.9939429,0.9522655
1770200899.0122,0.802473783493042,0.8920561075210571,0.5094575881958008,0.17116293,0.23944627,0.21003132,0.20188916,0.17747034,0.8339773,0.8284095,0.8811754,0.95897555,0.9577429
1770200899.1308,0.8781355619430542,0.9020389914512634,0.40171152353286743,0.26105297,0.2272881,0.20201662,0.14403453,0.1656078,0.9471981,0.87356555,0.76481,0.95741695,0.9672043
1770200899.1863,0.8660948872566223,0.8841235041618347,0.3789054751396179,0.22557788,0.19998012,0.26898593,0.14289911,0.16255699,0.88242936,0.83147407,0.83702105,0.90820765,0.9614854
1770200899.3056,0.8173155784606934,0.8733512759208679,0.3952160179615021,0.2316437,0.22100279,0.22319198,0.15037481,0.17378676,0.8355945,0.81822306,0.8466026,0.9189966,0.9473396
1770200899.4064,0.8312975168228149,0.8695157170295715,0.4072675406932831,0.14347202,0.21481763,0.36747172,0.14786257,0.12637605,0.9227631,0.8695428,0.76321375,0.8434298,0.9486289
1770200899.5275,0.8666636943817139,0.9020389914512634,0.4005386233329773,0.25775295,0.25131285,0.19586685,0.1356421,0.15942526,0.9471981,0.87356555,0.76481,0.95741695,0.9672043
1770200899.5811,0.8147528171539307,0.8981192708015442,0.40329426527023315,0.1500503,0.21734618,0.22339442,0.20368363,0.20552546,0.85926235,0.78441596,0.90719265,0.989664,0.9500614
1770200899.7034,0.8170608282089233,0.8695157170295715,0.4175928235054016,0.149458,0.31782293,0.28658292,0.12321119,0.122924924,0.9227631,0.8695428,0.76321375,0.8434298,0.9486289
1770200899.8075,0.8303921222686768,0.8980518579483032,0.42442283034324646,0.19228825,0.22598742,0.2588896,0.18704292,0.13579185,0.93608886,0.8760006,0.8220009,0.8980977,0.958071
1770200899.9134,0.7745360136032104,0.8920561075210571,0.41774308681488037,0.21142769,0.29654256,0.17503671,0.15318589,0.16380715,0.8339773,0.8284095,0.8811754,0.95897555,0.9577429
1770200900.0142,0.8569455146789551,0.9020389914512634,0.4334343373775482,0.28599042,0.2648439,0.16902052,0.1376501,0.14249507,0.9471981,0.87356555,0.76481,0.95741695,0.9672043
1770200900.1050,0.798382043838501,0.8801407217979431,0.4981170892715454,0.26320902,0.25117755,0.18923253,0.14780886,0.14857206,0.85317075,0.81441206,0.81763667,0.96654,0.9489439
1770200900.2105,0.8124798536300659,0.8801407217979431,0.5991377234458923,0.19227393,0.29811752,0.21727662,0.1518258,0.14050615,0.85317075,0.81441206,0.81763667,0.96654,0.9489439
1770200900.2854,0.816474974155426,0.8695157170295715,0.6839449405670166,0.2013223,0.22099844,0.25195506,0.18997884,0.13574533,0.9227631,0.8695428,0.76321375,0.8434298,0.9486289
1770200900.4533,0.8485107421875,0.8695157170295715,0.8196726441383362,0.22449116,0.26130924,0.24709092,0.1554316,0.111677095,0.9227631,0.8695428,0.76321375,0.8434298,0.9486289
1770200900.5558,0.8305002450942993,0.8605905771255493,0.8162944912910461,0.18223053,0.20971768,0.26888698,0.18629591,0.15286885,0.93937886,0.86159337,0.67280173,0.8683834,0.96079564
1770200900.6231,0.8346158266067505,0.8985713124275208,0.7500317692756653,0.26933417,0.22800569,0.2081839,0.1608705,0.13360578,0.8907711,0.8051843,0.90603757,0.94751865,0.943345
1770200900.7339,0.7858283519744873,0.8985713124275208,0.6009668707847595,0.24537475,0.21635228,0.2266451,0.15523231,0.15639557,0.8907711,0.8051843,0.90603757,0.94751865,0.943345
1770200900.8051,0.826988697052002,0.8981192708015442,0.5193641185760498,0.21598084,0.24710575,0.26370317,0.14315164,0.1300586,0.85926235,0.78441596,0.90719265,0.989664,0.9500614
1770200900.9052,0.8158815503120422,0.9127799272537231,0.5087767839431763,0.20874977,0.22238359,0.2653226,0.15976208,0.14378199,0.91319823,0.8163919,0.8929542,0.99995947,0.9413958
1770200901.0834,0.8567795753479004,0.9020389914512634,0.6242674589157104,0.21905944,0.22239688,0.2572169,0.14426099,0.15706581,0.9471981,0.87356555,0.76481,0.95741695,0.9672043
1770200901.1958,0.8004992008209229,0.8695157170295715,0.67542964220047,0.16931413,0.20191097,0.29730436,0.18301895,0.1484516,0.9227631,0.8695428,0.76321375,0.8434298,0.9486289
1770200901.2312,0.8317945003509521,0.8981192708015442,0.6802805662155151,0.19138432,0.30083823,0.18870649,0.17466418,0.14440677,0.85926235,0.78441596,0.90719265,0.989664,0.9500614
1770200901.2872,0.8279643654823303,0.8908719420433044,0.685060977935791,0.23658736,0.19542414,0.22903205,0.15811908,0.18083729,0.9201848,0.81509984,0.8589234,0.9128552,0.9472965
1770200901.4221,0.8351445198059082,0.8908719420433044,0.7185280919075012,0.22229438,0.21654877,0.19320159,0.14832164,0.21963358,0.9201848,0.81509984,0.8589234,0.9128552,0.9472965
1770200901.5333,0.8378890752792358,0.8733512759208679,0.8466576337814331,0.18532133,0.28485355,0.20699702,0.17742401,0.14540409,0.8355945,0.81822306,0.8466026,0.9189966,0.9473396
1770200901.6216,0.8122417330741882,0.8908719420433044,0.9188466668128967,0.31761384,0.23563966,0.13048321,0.12298612,0.19327724,0.9201848,0.81509984,0.8589234,0.9128552,0.9472965
1770200901.7358,0.8322039842605591,0.8854566812515259,0.9188466668128967,0.17345911,0.24878891,0.2627285,0.15693542,0.15808801,0.9151787,0.826191,0.79603535,0.94732285,0.9425555
1770200901.8325,0.845677375793457,0.9014865756034851,0.9188466668128967,0.18025886,0.28209966,0.23050813,0.12889105,0.17824228,0.9131251,0.7857091,0.8833394,0.96772856,0.9575306
1770200901.9533,0.8388888835906982,0.8733512759208679,0.9996394515037537,0.17645116,0.29856095,0.19719733,0.18858139,0.13920914,0.8355945,0.81822306,0.8466026,0.9189966,0.9473396
1770200902.0730,0.8634601831436157,0.8857847452163696,0.9243937134742737,0.12253322,0.30919388,0.2216495,0.18585081,0.16077258,0.85511315,0.7883301,0.8663157,0.96203846,0.9571264
1770200902.2264,0.8308905363082886,0.9181081056594849,0.6613275408744812,0.10897783,0.20767596,0.31880477,0.23583512,0.12870626,0.9423597,0.98480344,0.7757258,0.9247621,0.96288943
1770200902.3096,0.8277318477630615,0.8857847452163696,0.4938274621963501,0.197449,0.23396951,0.19811517,0.1638407,0.20662563,0.85511315,0.7883301,0.8663157,0.96203846,0.9571264
1770200902.3650,0.8091431856155396,0.8605905771255493,0.4364737570285797,0.13111268,0.20988083,0.3067623,0.18864205,0.16360217,0.93937886,0.86159337,0.67280173,0.8683834,0.96079564
1770200902.4503,0.8287544250488281,0.8981192708015442,0.3239113688468933,0.17674264,0.29389396,0.24797922,0.14329936,0.13808483,0.85926235,0.78441596,0.90719265,0.989664,0.9500614
1770200902.6211,0.8451814651489258,0.9047918319702148,0.1832360476255417,0.22826432,0.23668137,0.21881132,0.19524126,0.12100175,0.84001994,0.8583754,0.9462338,0.92512625,0.95420414
1770200902.7252,0.8185005784034729,0.8985713124275208,0.18635766208171844,0.20067768,0.2688296,0.2389084,0.15260212,0.13898218,0.8907711,0.8051843,0.90603757,0.94751865,0.943345
1770200902.8019,0.8648698925971985,0.9020389914512634,0.23025619983673096,0.25576773,0.25113812,0.19017078,0.15519236,0.14773095,0.9471981,0.87356555,0.76481,0.95741695,0.9672043
1770200902.8683,0.8236652612686157,0.8669561743736267,0.2806258201599121,0.17811808,0.24030282,0.21404836,0.19202167,0.17550902,0.77736646,0.80110824,0.88116103,0.93959075,0.93555427
1770200902.9513,0.7997828125953674,0.8733512759208679,0.35415706038475037,0.21352266,0.28989348,0.20497581,0.15487018,0.13673785,0.8355945,0.81822306,0.8466026,0.9189966,0.9473396
1770200903.0548,0.7904102802276611,0.8920561075210571,0.4686392545700073,0.21771783,0.28555545,0.19081491,0.15546778,0.15044403,0.8339773,0.8284095,0.8811754,0.95897555,0.9577429
1770200903.1431,0.8535997867584229,0.897089421749115,0.5840722918510437,0.19743308,0.24704072,0.25218523,0.16350016,0.1398408,0.923342,0.9156804,0.82606584,0.8710633,0.94929516
1770200903.2383,0.8371504545211792,0.9181081056594849,0.6494976878166199,0.15133065,0.19243127,0.29385385,0.23588651,0.12649776,0.9423597,0.98480344,0.7757258,0.9247621,0.96288943
1770200903.2967,0.8247665166854858,0.8733512759208679,0.651099443435669,0.22435938,0.2696911,0.19979881,0.17368175,0.13246894,0.8355945,0.81822306,0.8466026,0.9189966,0.9473396
1770200903.4007,0.8369678854942322,0.9181081056594849,0.6291996240615845,0.15169571,0.19213837,0.29747078,0.23302954,0.12566562,0.9423597,0.98480344,0.7757258,0.9247621,0.96288943
1770200903.5127,0.7920433878898621,0.893604576587677,0.5324345231056213,0.28635725,0.2297169,0.1651878,0.1350517,0.18368635,0.9101529,0.8250924,0.81816906,0.97532,0.9392887
1770200903.6231,0.8293574452400208,0.8695157170295715,0.5180916786193848,0.17959161,0.23924981,0.30779704,0.1545387,0.118822835,0.9227631,0.8695428,0.76321375,0.8434298,0.9486289
1770200903.7830,0.8265691995620728,0.8695157170295715,0.5663623809814453,0.17516185,0.24014974,0.31220648,0.15293667,0.11954532,0.9227631,0.8695428,0.76321375,0.8434298,0.9486289
1770200903.8718,0.8200937509536743,0.9066826105117798,0.5835483074188232,0.15234208,0.24107455,0.34497824,0.14349112,0.11811408,0.9066826,0.9066826,0.9066826,0.9066826,0.9066826
1770200903.9468,0.824730634689331,0.893604576587677,0.5944554209709167,0.20462057,0.23862244,0.25896075,0.16643915,0.13135709,0.9101529,0.8250924,0.81816906,0.97532,0.9392887
1770200904.0562,0.8461233377456665,0.893604576587677,0.5902987122535706,0.19711132,0.23329656,0.2627611,0.17175205,0.135079,0.9101529,0.8250924,0.81816906,0.97532,0.9392887
1770200904.1673,0.842039167881012,0.8801407217979431,0.5453957915306091,0.23693053,0.24256288,0.22193111,0.15165469,0.14692073,0.85317075,0.81441206,0.81763667,0.96654,0.9489439
1770200904.2528,0.8401141166687012,0.9178953170776367,0.5124883651733398,0.18342122,0.22458765,0.2708959,0.18194056,0.13915461,0.9378411,0.90185463,0.84160763,0.9491407,0.9590321
1770200904.3549,0.8132001161575317,0.9066826105117798,0.47681114077568054,0.25270554,0.23435797,0.18224211,0.14016514,0.19052932,0.90936035,0.8543376,0.9133134,0.9191003,0.93730134
1770200904.4573,0.7996535301208496,0.8605905771255493,0.4678097367286682,0.14717771,0.21748501,0.2971053,0.16257973,0.17565215,0.93937886,0.86159337,0.67280173,0.8683834,0.96079564
1770200904.6212,0.865964412689209,0.9181081056594849,0.5071287155151367,0.13430311,0.2355986,0.28640682,0.17995046,0.163741,0.9423597,0.98480344,0.7757258,0.9247621,0.96288943
1770200904.6722,0.8458464741706848,0.8801407217979431,0.49353235960006714,0.2287154,0.2464304,0.2040906,0.15186779,0.16889584,0.85317075,0.81441206,0.81763667,0.96654,0.9489439
1770200904.7876,0.8350995779037476,0.8986495137214661,0.4479128420352936,0.19249766,0.24573676,0.23795205,0.16696629,0.15684728,0.9269039,0.771016,0.90843993,0.935859,0.95102894
1770200904.8193,0.7999353408813477,0.8695157170295715,0.418760746717453,0.1562127,0.19558403,0.28189957,0.20162049,0.16468318,0.9227631,0.8695428,0.76321375,0.8434298,0.9486289
1770200904.9375,0.865164577960968,0.9020389914512634,0.32316669821739197,0.21962887,0.25296047,0.19706449,0.15721692,0.17312928,0.9471981,0.87356555,0.76481,0.95741695,0.9672043
1770200905.0038,0.8158934116363525,0.8908719420433044,0.3023194372653961,0.17824356,0.31594935,0.18884942,0.12591079,0.19104691,0.9201848,0.81509984,0.8589234,0.9128552,0.9472965
1770200905.0872,0.8446887135505676,0.9020389914512634,0.30725759267807007,0.16922928,0.26029956,0.2515583,0.16381517,0.15509772,0.9471981,0.87356555,0.76481,0.95741695,0.9672043
1770200905.2338,0.8291833400726318,0.9014865756034851,0.4299752414226532,0.18835294,0.31179252,0.2066506,0.13026185,0.16294214,0.9131251,0.7857091,0.8833394,0.96772856,0.9575306
1770200905.3405,0.8564138412475586,0.897089421749115,0.4616852104663849,0.173917,0.27157897,0.23755571,0.17813265,0.13881566,0.923342,0.9156804,0.82606584,0.8710633,0.94929516
1770200905.4492,0.8295626640319824,0.8801407217979431,0.4014853835105896,0.21733543,0.28170028,0.1944596,0.16736707,0.13913764,0.85317075,0.81441206,0.81763667,0.96654,0.9489439
1770200905.5483,0.849367082118988,0.9181081056594849,0.3312113285064697,0.14981829,0.22540087,0.2602177,0.24411812,0.12044507,0.9423597,0.98480344,0.7757258,0.9247621,0.96288943
1770200905.6295,0.8390036821365356,0.8897579312324524,0.28106531500816345,0.17028867,0.22222124,0.22923662,0.21128951,0.16696393,0.9448999,0.8634079,0.8088082,0.86635965,0.9653139
1770200905.7458,0.8322916030883789,0.8921518325805664,0.2686634957790375,0.20140956,0.26287225,0.2255079,0.1821777,0.1280326,0.8499008,0.81361884,0.8935088,0.962881,0.9408498
1770200905.7975,0.8202946186065674,0.8921518325805664,0.26846078038215637,0.2567324,0.3003579,0.18988016,0.14650047,0.106529094,0.8499008,0.81361884,0.8935088,0.962881,0.9408498
1770200905.9301,0.8797979950904846,0.8647481799125671,0.283406525850296,0.1912598,0.27032322,0.19916537,0.20312338,0.13612828,0.7861341,0.8104683,0.90768504,0.8749245,0.9445288
1770200906.0836,0.844482958316803,0.8757001161575317,0.3338107764720917,0.17925169,0.22913252,0.32361898,0.16662888,0.10136789,0.90518963,0.7886929,0.7764818,0.96450406,0.94363195
1770200906.1325,0.8288320302963257,0.8733512759208679,0.35355156660079956,0.2053656,0.25892833,0.214843,0.1810087,0.13985436,0.8355945,0.81822306,0.8466026,0.9189966,0.9473396
1770200906.2414,0.837777316570282,0.8911348581314087,0.3779893219470978,0.19355059,0.21504736,0.25744998,0.17156965,0.16238242,0.8934836,0.80295324,0.82679343,0.97295064,0.9594934
1770200906.3783,0.8283815383911133,0.8801407217979431,0.37803423404693604,0.23850562,0.23111829,0.21884842,0.16429496,0.14723268,0.85317075,0.81441206,0.81763667,0.96654,0.9489439
1770200906.5097,0.8308223485946655,0.8970026969909668,0.3405866324901581,0.22455007,0.2257188,0.21391596,0.15638973,0.17942546,0.90450263,0.8173322,0.90230733,0.92552227,0.935349
1770200906.5910,0.8266624212265015,0.8733512759208679,0.30683594942092896,0.20528352,0.25293005,0.22384718,0.16858804,0.14935122,0.8355945,0.81822306,0.8466026,0.9189966,0.9473396
1770200906.6774,0.807657778263092,0.8757001161575317,0.26426517963409424,0.18516223,0.2859139,0.23805878,0.1436541,0.14721097,0.90518963,0.7886929,0.7764818,0.96450406,0.94363195
1770200906.8554,0.8185453414916992,0.893604576587677,0.18597811460494995,0.17699084,0.23044457,0.23590471,0.1754271,0.18123278,0.9101529,0.8250924,0.81816906,0.97532,0.9392887
1770200906.9494,0.8251444101333618,0.9089081883430481,0.17421087622642517,0.18994659,0.19106136,0.32288444,0.15092166,0.14518596,0.9167993,0.8053669,0.88493645,0.97832286,0.95911545
1770200907.0329,0.8287999629974365,0.8757001161575317,0.1869247853755951,0.16849042,0.26269704,0.27858174,0.14715557,0.14307521,0.90518963,0.7886929,0.7764818,0.96450406,0.94363195
1770200907.1260,0.8457574844360352,0.8897579312324524,0.21771280467510223,0.18828909,0.1737181,0.2777888,0.18177871,0.17842527,0.9448999,0.8634079,0.8088082,0.86635965,0.9653139
1770200907.2283,0.8096770644187927,0.893604576587677,0.30003821849823,0.16637532,0.24576142,0.23908472,0.17498772,0.17379077,0.9101529,0.8250924,0.81816906,0.97532,0.9392887
1770200907.3085,0.8159363865852356,0.8897579312324524,0.35428863763809204,0.16982026,0.2053105,0.28249386,0.16673045,0.17564495,0.9448999,0.8634079,0.8088082,0.86635965,0.9653139
1770200907.3982,0.8157898783683777,0.8801407217979431,0.42992767691612244,0.21375078,0.26808345,0.22349842,0.14981313,0.14485419,0.85317075,0.81441206,0.81763667,0.96654,0.9489439
1770200907.5209,0.8370632529258728,0.9181081056594849,0.4442801773548126,0.15566428,0.2141229,0.2781474,0.22345306,0.12861234,0.9423597,0.98480344,0.7757258,0.9247621,0.96288943
1770200907.6558,0.8271609544754028,0.8921518325805664,0.47381868958473206,0.19485973,0.26326004,0.2443914,0.15932,0.1381689,0.8499008,0.81361884,0.8935088,0.962881,0.9408498
1770200907.7098,0.8274151086807251,0.8970026969909668,0.5263399481773376,0.19676319,0.27821597,0.21732306,0.14029802,0.16739981,0.90450263,0.8173322,0.90230733,0.92552227,0.935349
1770200907.8527,0.8490030765533447,0.9089081883430481,0.6666829586029053,0.17877865,0.23344353,0.25327435,0.19774246,0.136761,0.9167993,0.8053669,0.88493645,0.97832286,0.95911545
1770200907.9883,0.8407751321792603,0.9178953170776367,0.696830689907074,0.1887894,0.22562565,0.24989949,0.19817157,0.13751386,0.9378411,0.90185463,0.84160763,0.9491407,0.9590321
1770200908.1291,0.8621261715888977,0.9020389914512634,0.6787036061286926,0.22755381,0.23334116,0.21215202,0.17761305,0.14933996,0.9471981,0.87356555,0.76481,0.95741695,0.9672043
1770200908.2460,0.8347735404968262,0.9047725796699524,0.6873133182525635,0.16947848,0.24911326,0.31724843,0.14821254,0.11594728,0.8966979,0.7952668,0.89554036,0.98651695,0.9498408
1770200908.3563,0.8232148885726929,0.8985713124275208,0.6687888503074646,0.21440032,0.24843283,0.22624022,0.15800594,0.15292066,0.8907711,0.8051843,0.90603757,0.94751865,0.943345
1770200908.4220,0.8198649287223816,0.8695157170295715,0.6380375623703003,0.1731121,0.2657932,0.27323967,0.14864588,0.13920917,0.9227631,0.8695428,0.76321375,0.8434298,0.9486289
1770200908.5698,0.8520182371139526,0.9178953170776367,0.5771673917770386,0.20490015,0.2121707,0.24999958,0.18249534,0.15043424,0.9378411,0.90185463,0.84160763,0.9491407,0.9590321
1770200908.6976,0.8093286156654358,0.8605905771255493,0.5437530279159546,0.18000863,0.22830763,0.25457358,0.1687009,0.16840929,0.93937886,0.86159337,0.67280173,0.8683834,0.96079564
1770200908.7667,0.830919623374939,0.9023901224136353,0.5581640601158142,0.17379841,0.2651453,0.30118436,0.13811174,0.12176015,0.83966076,0.79573673,0.94081515,0.9847948,0.9509428
1770200908.8668,0.8009178042411804,0.8920561075210571,0.536372184753418,0.2067058,0.28165784,0.19117408,0.16058421,0.15987805,0.8339773,0.8284095,0.8811754,0.95897555,0.9577429
1770200908.9456,0.8220369815826416,0.8733512759208679,0.5081911087036133,0.20502378,0.28466436,0.19603693,0.16712694,0.14714803,0.8355945,0.81822306,0.8466026,0.9189966,0.9473396
1770200909.0216,0.8656551837921143,0.9181081056594849,0.49827510118484497,0.16003464,0.2583624,0.25060973,0.18488611,0.1461071,0.9423597,0.98480344,0.7757258,0.9247621,0.96288943
1770200909.1669,0.8486606478691101,0.8841235041618347,0.5416812896728516,0.22134283,0.2620287,0.21145052,0.15829758,0.14688033,0.88242936,0.83147407,0.83702105,0.90820765,0.9614854
1770200909.2616,0.8445132970809937,0.8970026969909668,0.624117374420166,0.21100914,0.2710348,0.19526619,0.15036322,0.1723267,0.90450263,0.8173322,0.90230733,0.92552227,0.935349
1770200909.4220,0.8134942054748535,0.8920561075210571,0.937716543674469,0.20881249,0.290781,0.19064468,0.16842212,0.14133975,0.8339773,0.8284095,0.8811754,0.95897555,0.9577429
1770200909.5523,0.8234645128250122,0.8908719420433044,1.0,0.20039862,0.29452255,0.20075841,0.14113148,0.16318898,0.9201848,0.81509984,0.8589234,0.9128552,0.9472965
1770200909.6255,0.8297252655029297,0.8801407217979431,1.0,0.22470576,0.26026648,0.20763427,0.16543898,0.14195451,0.85317075,0.81441206,0.81763667,0.96654,0.9489439
1770200909.7302,0.8287498950958252,0.8801407217979431,0.9741501212120056,0.2240778,0.2554911,0.21271434,0.16479932,0.14291745,0.85317075,0.81441206,0.81763667,0.96654,0.9489439
1770200909.8537,0.8303420543670654,0.8911348581314087,0.6710023880004883,0.19555128,0.23341812,0.24008565,0.17551936,0.15542556,0.8934836,0.80295324,0.82679343,0.97295064,0.9594934
1770200909.8995,0.7913414239883423,0.8757001161575317,0.582270085811615,0.17209645,0.28590077,0.24716671,0.14420979,0.15062627,0.90518963,0.7886929,0.7764818,0.96450406,0.94363195
1770200909.9558,0.8158254027366638,0.9066826105117798,0.5504376888275146,0.23213032,0.2572305,0.19422893,0.14097916,0.17543106,0.90936035,0.8543376,0.9133134,0.9191003,0.93730134
1770200910.0881,0.8472702503204346,0.9067255258560181,0.7169743776321411,0.15964417,0.21095224,0.32203022,0.17049798,0.13687539,0.8272868,0.83202183,0.9382504,0.995331,0.94073737
1770200910.1873,0.8355876207351685,0.9067255258560181,0.8937993049621582,0.19329123,0.22341655,0.28464276,0.15198348,0.14666599,0.8272868,0.83202183,0.9382504,0.995331,0.94073737
1770200910.3892,0.8134398460388184,0.8695157170295715,0.6884258985519409,0.1887281,0.26407996,0.26010773,0.13801517,0.14906903,0.9227631,0.8695428,0.76321375,0.8434298,0.9486289
1770200910.5000,0.8086501359939575,0.8695157170295715,0.523937463760376,0.19618663,0.19724835,0.24783315,0.19452475,0.16420713,0.9227631,0.8695428,0.76321375,0.8434298,0.9486289
1770200910.6335,0.8262319564819336,0.8733512759208679,0.54041588306427,0.21863961,0.26258445,0.20332964,0.15945739,0.15598896,0.8355945,0.81822306,0.8466026,0.9189966,0.9473396
1770200910.7607,0.8498642444610596,0.8921518325805664,0.5965049266815186,0.2358797,0.2674778,0.2056925,0.13876323,0.15218674,0.8499008,0.81361884,0.8935088,0.962881,0.9408498
1770200910.9021,0.8374027013778687,0.8986495137214661,0.5110342502593994,0.21563137,0.2727037,0.2154733,0.13423476,0.16195692,0.9269039,0.771016,0.90843993,0.935859,0.95102894
1770200910.9862,0.8542962670326233,0.8911433219909668,0.4446030557155609,0.17852844,0.28447154,0.2549291,0.14156733,0.14050369,0.9121282,0.8022717,0.8052099,0.9956287,0.940478
1770200911.1216,0.8247209191322327,0.8920561075210571,0.37158697843551636,0.21906431,0.26800224,0.19710092,0.16686977,0.14896274,0.8339773,0.8284095,0.8811754,0.95897555,0.9577429
1770200911.1957,0.8425468802452087,0.8986495137214661,0.41845232248306274,0.21206349,0.27274403,0.21896943,0.1402465,0.1559766,0.9269039,0.771016,0.90843993,0.935859,0.95102894
1770200911.2747,0.8359472751617432,0.8710319399833679,0.5415961742401123,0.1693482,0.22593372,0.28527567,0.16856359,0.1508788,0.90268236,0.8545983,0.8241946,0.8392344,0.9344498
1770200911.3105,0.8485673069953918,0.8911348581314087,0.5703616738319397,0.20914407,0.24634063,0.22374152,0.16726133,0.15351237,0.8934836,0.80295324,0.82679343,0.97295064,0.9594934
1770200911.4850,0.8352755904197693,0.9023901224136353,0.7979671359062195,0.18255505,0.2647005,0.27092814,0.13887542,0.14294094,0.83966076,0.79573673,0.94081515,0.9847948,0.9509428
1770200911.6152,0.8365913033485413,0.9066826105117798,0.8744040131568909,0.22570778,0.26498157,0.1952322,0.14832525,0.16575316,0.90936035,0.8543376,0.9133134,0.9191003,0.93730134
1770200911.6978,0.8065648078918457,0.8695157170295715,0.88783860206604,0.18838894,0.19727461,0.24947536,0.2049328,0.15992829,0.9227631,0.8695428,0.76321375,0.8434298,0.9486289
1770200911.7552,0.8495813012123108,0.8624599575996399,0.8815759420394897,0.1641815,0.26585338,0.27152148,0.15520534,0.14323837,0.88938934,0.8197948,0.84836847,0.8296756,0.92507166
1770200911.8894,0.8131767511367798,0.8920561075210571,0.8116030693054199,0.19897342,0.25302222,0.21312442,0.17731398,0.15756594,0.8339773,0.8284095,0.8811754,0.95897555,0.9577429
1770200911.9563,0.824189305305481,0.9066826105117798,0.7732163667678833,0.20925432,0.264474,0.20668049,0.15008594,0.1695052,0.90936035,0.8543376,0.9133134,0.9191003,0.93730134
1770200912.0701,0.8521271347999573,0.9181081056594849,0.7273243069648743,0.1560064,0.23319848,0.27005935,0.1901536,0.15058218,0.9423597,0.98480344,0.7757258,0.9247621,0.96288943
1770200912.1823,0.8343765735626221,0.8896024823188782,0.7787454128265381,0.17639227,0.23246433,0.27866584,0.16314745,0.1493301,0.88835514,0.89641,0.8588458,0.8801367,0.9242645
1770200912.3201,0.8369209170341492,0.8282741904258728,0.9344034194946289,0.164928,0.23069353,0.2840456,0.16591957,0.15441328,0.7324195,0.86563605,0.7847385,0.8363986,0.92217803
1770200912.4357,0.8252175450325012,0.9039638638496399,0.9363141655921936,0.15724675,0.22608422,0.27758214,0.1804748,0.15861206,0.87428164,0.8233416,0.9234913,0.9599973,0.9387071
1770200912.5378,0.8234407901763916,0.8920561075210571,0.7960879802703857,0.19645847,0.2515837,0.21510452,0.1791499,0.15770341,0.8339773,0.8284095,0.8811754,0.95897555,0.9577429
1770200912.6140,0.8389622569084167,0.8980518579483032,0.6429899334907532,0.18281086,0.19892302,0.23131528,0.22415604,0.1627948,0.93608886,0.8760006,0.8220009,0.8980977,0.958071
1770200912.7465,0.8331989049911499,0.9039638638496399,0.49273881316185,0.16469634,0.21931082,0.2717828,0.18456994,0.15964009,0.87428164,0.8233416,0.9234913,0.9599973,0.9387071
1770200912.9015,0.8738581538200378,0.87760990858078,0.5648149251937866,0.18926919,0.22281729,0.25195315,0.17549255,0.16046782,0.9039534,0.8685146,0.72120154,0.9604424,0.9339377
1770200912.9851,0.8465259075164795,0.897089421749115,0.6548060178756714,0.20103921,0.22771353,0.24093105,0.17850286,0.15181336,0.923342,0.9156804,0.82606584,0.8710633,0.94929516
1770200913.1665,0.8477178812026978,0.9020389914512634,0.6795408129692078,0.2102943,0.22237176,0.24020535,0.16933398,0.15779464,0.9471981,0.87356555,0.76481,0.95741695,0.9672043
1770200913.3167,0.8599236011505127,0.8922283053398132,0.5077843070030212,0.1877197,0.20145714,0.25447527,0.19076064,0.16558725,0.8914694,0.9174886,0.84407395,0.87362695,0.93448234
1770200913.4080,0.830741286277771,0.8897579312324524,0.42060673236846924,0.18641953,0.19663723,0.24011822,0.19438934,0.18243569,0.9448999,0.8634079,0.8088082,0.86635965,0.9653139
1770200913.4630,0.8327137231826782,0.8908719420433044,0.39376768469810486,0.2247411,0.25212887,0.19018841,0.13640104,0.19654056,0.9201848,0.81509984,0.8589234,0.9128552,0.9472965
1770200913.5889,0.8508332967758179,0.8974052667617798,0.42522621154785156,0.17620125,0.22063717,0.2673539,0.16678035,0.16902737,0.81950796,0.8552051,0.89890873,0.9808911,0.932513
1770200913.6459,0.824131965637207,0.8757001161575317,0.45386138558387756,0.19008926,0.2486435,0.24982256,0.15260233,0.1588424,0.90518963,0.7886929,0.7764818,0.96450406,0.94363195
1770200913.7588,0.8512487411499023,0.898223876953125,0.5062887668609619,0.17778,0.22569771,0.26002038,0.17054228,0.1659596,0.905316,0.85397893,0.81513983,0.9819509,0.9347339
1770200913.8811,0.8587373495101929,0.9181081056594849,0.4761667549610138,0.1719791,0.22164583,0.25864637,0.19671185,0.15101689,0.9423597,0.98480344,0.7757258,0.9247621,0.96288943
1770200913.9919,0.852483332157135,0.9178953170776367,0.40882906317710876,0.20808966,0.20554265,0.23253682,0.19848517,0.15534574,0.9378411,0.90185463,0.84160763,0.9491407,0.9590321
1770200914.1251,0.8407018780708313,0.9047725796699524,0.373537540435791,0.17586192,0.24199338,0.26775086,0.18055221,0.13384156,0.8966979,0.7952668,0.89554036,0.98651695,0.9498408
1770200914.2868,0.824275016784668,0.8921518325805664,0.6006054878234863,0.20152661,0.2594697,0.22018611,0.16467232,0.15414529,0.8499008,0.81361884,0.8935088,0.962881,0.9408498
1770200914.3706,0.8595898151397705,0.9067255258560181,0.7697030305862427,0.19114842,0.24157615,0.23651394,0.18957502,0.14118652,0.8272868,0.83202183,0.9382504,0.995331,0.94073737
1770200914.4867,0.8331014513969421,0.8978837132453918,0.9471990466117859,0.16300759,0.23148574,0.27157095,0.19432843,0.13960728,0.9088806,0.86783063,0.82690614,0.94849783,0.9373034
1770200914.5995,0.8188638687133789,0.8757001161575317,0.9526878595352173,0.17693546,0.29457977,0.21635665,0.15950058,0.15262754,0.90518963,0.7886929,0.7764818,0.96450406,0.94363195
1770200914.6785,0.8328197002410889,0.9089081883430481,0.8451597094535828,0.17977984,0.27870798,0.24038231,0.17000546,0.13112439,0.9167993,0.8053669,0.88493645,0.97832286,0.95911545
1770200914.7883,0.8264621496200562,0.8757001161575317,0.6295828223228455,0.17780824,0.27502304,0.23224893,0.16718198,0.14773783,0.90518963,0.7886929,0.7764818,0.96450406,0.94363195
1770200914.9154,0.8441812992095947,0.9020389914512634,0.4330475330352783,0.19840552,0.24369603,0.22478297,0.18380974,0.14930573,0.9471981,0.87356555,0.76481,0.95741695,0.9672043
1770200915.0017,0.8420570492744446,0.9020389914512634,0.37409308552742004,0.19850582,0.24210435,0.22763115,0.18094939,0.15080929,0.9471981,0.87356555,0.76481,0.95741695,0.9672043
1770200915.1416,0.8361235857009888,0.8896024823188782,0.3557640016078949,0.18414792,0.22888556,0.25599888,0.18537462,0.14559305,0.88835514,0.89641,0.8588458,0.8801367,0.9242645
1770200915.2333,0.8588722944259644,0.8659742474555969,0.349680095911026,0.1816701,0.23080346,0.24869454,0.18851876,0.1503131,0.85804987,0.8552725,0.745357,0.94252455,0.92866707
1770200915.3536,0.8162659406661987,0.8757001161575317,0.3489164710044861,0.18147865,0.26395056,0.2454075,0.15671763,0.15244564,0.90518963,0.7886929,0.7764818,0.96450406,0.94363195
1770200915.4253,0.8344113230705261,0.8986495137214661,0.35213765501976013,0.20785071,0.27096042,0.20917104,0.14214917,0.16986863,0.9269039,0.771016,0.90843993,0.935859,0.95102894
1770200915.5261,0.8339571952819824,0.8733512759208679,0.3612346947193146,0.20442654,0.24480662,0.21704002,0.17646523,0.15726154,0.8355945,0.81822306,0.8466026,0.9189966,0.9473396
1770200915.6049,0.8327008485794067,0.8897579312324524,0.3716704249382019,0.18512891,0.21428065,0.23446326,0.19263251,0.17349459,0.9448999,0.8634079,0.8088082,0.86635965,0.9653139
1770200915.7108,0.8436775207519531,0.8970026969909668,0.3732900023460388,0.20986436,0.25455707,0.21367122,0.14438963,0.17751771,0.90450263,0.8173322,0.90230733,0.92552227,0.935349
1770200915.7892,0.8369501829147339,0.8897579312324524,0.3699183166027069,0.18992141,0.20519704,0.25252908,0.18434267,0.1680098,0.9448999,0.8634079,0.8088082,0.86635965,0.9653139
1770200915.9613,0.8508051633834839,0.87760990858078,0.3349897861480713,0.18182614,0.21679881,0.27765346,0.17203134,0.15169023,0.9039534,0.8685146,0.72120154,0.9604424,0.9339377
1770200916.0742,0.8516455888748169,0.8659742474555969,0.32126322388648987,0.16672443,0.21299303,0.2864056,0.18435808,0.14951883,0.85804987,0.8552725,0.745357,0.94252455,0.92866707
1770200916.2568,0.836190938949585,0.8896024823188782,0.3785768151283264,0.18946818,0.20852093,0.27730286,0.17836899,0.14633901,0.88835514,0.89641,0.8588458,0.8801367,0.9242645
1770200916.3034,0.8414201736450195,0.8970026969909668,0.3855730891227722,0.21630438,0.25360587,0.2072071,0.13849129,0.18439135,0.90450263,0.8173322,0.90230733,0.92552227,0.935349
1770200916.3945,0.8261557221412659,0.8695157170295715,0.3928084671497345,0.19390737,0.21291633,0.26806587,0.17403677,0.1510737,0.9227631,0.8695428,0.76321375,0.8434298,0.9486289
1770200916.6342,0.8480080962181091,0.8986495137214661,0.49879637360572815,0.23067585,0.253085,0.18992575,0.1432988,0.18301465,0.9269039,0.771016,0.90843993,0.935859,0.95102894
1770200917.0747,0.8460640907287598,0.8986495137214661,0.7141360640525818,0.21419856,0.24950644,0.21539707,0.14397478,0.17692313,0.9269039,0.771016,0.90843993,0.935859,0.95102894
1770200917.1349,0.8294676542282104,0.8908719420433044,0.739424467086792,0.20303978,0.26074287,0.21441063,0.14258935,0.17921735,0.9201848,0.81509984,0.8589234,0.9128552,0.9472965
1770200917.5037,0.8318221569061279,0.9089081883430481,0.630764365196228,0.18970133,0.24487141,0.26109445,0.15638869,0.14794408,0.9167993,0.8053669,0.88493645,0.97832286,0.95911545
1770200918.0013,0.8423536419868469,0.8908719420433044,0.3292960226535797,0.2048591,0.24475084,0.20798774,0.16187942,0.18052289,0.9201848,0.81509984,0.8589234,0.9128552,0.9472965
1770200918.8764,0.8348531723022461,0.8908719420433044,0.43702825903892517,0.21835645,0.26070693,0.1894465,0.14502025,0.18646993,0.9201848,0.81509984,0.8589234,0.9128552,0.9472965
1770200919.6391,0.8333814144134521,0.8908719420433044,0.641202986240387,0.21751003,0.26471767,0.18813367,0.14512376,0.1845149,0.9201848,0.81509984,0.8589234,0.9128552,0.9472965
1770200920.1493,0.8144321441650391,0.8757001161575317,0.4166117310523987,0.18594617,0.26492026,0.22987881,0.15577605,0.16347875,0.90518963,0.7886929,0.7764818,0.96450406,0.94363195
1770200920.5585,0.8367769718170166,0.9020389914512634,0.3445856273174286,0.20427357,0.23124774,0.23224024,0.17743456,0.15480383,0.9471981,0.87356555,0.76481,0.95741695,0.9672043
1770200920.8851,0.8398633003234863,0.8981192708015442,0.43328040838241577,0.20214647,0.26739693,0.21088907,0.15992986,0.15963775,0.85926235,0.78441596,0.90719265,0.989664,0.9500614
1770200921.4242,0.8348931670188904,0.9047725796699524,0.473147988319397,0.17175657,0.24472542,0.26933903,0.17897858,0.13520043,0.8966979,0.7952668,0.89554036,0.98651695,0.9498408
1770200921.5447,0.8394235372543335,0.8970026969909668,0.5275518894195557,0.19358046,0.2715289,0.2087528,0.15978903,0.16634881,0.90450263,0.8173322,0.90230733,0.92552227,0.935349
1770200921.6718,0.8284647464752197,0.8908719420433044,0.5689235329627991,0.19237883,0.29446378,0.20137656,0.14764084,0.16414002,0.9201848,0.81509984,0.8589234,0.9128552,0.9472965
1770200921.9438,0.8529679775238037,0.8982760310173035,0.7967319488525391,0.19011535,0.2660422,0.22317787,0.17200999,0.1486545,0.87191254,0.81827176,0.85498756,0.9939429,0.9522655
1770200922.4442,0.8586283922195435,0.8659742474555969,0.43842408061027527,0.1671079,0.22719254,0.2671938,0.20304084,0.13546489,0.85804987,0.8552725,0.745357,0.94252455,0.92866707
1770200922.5941,0.8362054824829102,0.8762214779853821,0.7571878433227539,0.17089677,0.22468296,0.2547657,0.19671269,0.15294185,0.87622154,0.87622154,0.87622154,0.87622154,0.87622154
1770200922.9100,0.8417122960090637,0.8659742474555969,1.0,0.16927087,0.22579734,0.2675237,0.19471616,0.14269195,0.85804987,0.8552725,0.745357,0.94252455,0.92866707
1770200923.3161,0.8481209874153137,0.9143382906913757,0.6993073225021362,0.17196216,0.22191252,0.257402,0.1962194,0.15250391,0.9089932,0.83382136,0.9606819,0.9296991,0.93849576
1770200924.0429,0.8313502669334412,0.8985713124275208,0.6075703501701355,0.20450643,0.25687316,0.21298152,0.16498497,0.16065389,0.8907711,0.8051843,0.90603757,0.94751865,0.943345
1770200924.2387,0.8590112924575806,0.8822212219238281,0.5412677526473999,0.19982864,0.22981536,0.22896698,0.18355368,0.15783532,0.80296826,0.80058813,0.9573723,0.88027114,0.9699061
1770200937.7499,0.8315339684486389,0.8986495137214661,0.9043026566505432,0.20702119,0.27419907,0.19525486,0.14855611,0.17496873,0.9269039,0.771016,0.90843993,0.935859,0.95102894
1770200976.5676,0.46296775341033936,0.894659698009491,0.29874908924102783,0.16173911,0.019674607,0.35853282,0.16543649,0.29461703,0.8946597,0.8946597,0.8946597,0.8946597,0.8946597
1770200976.6002,0.46257856488227844,0.894659698009491,0.30649837851524353,0.13863564,0.049108498,0.40396303,0.30265558,0.10563728,0.8946597,0.8946597,0.8946597,0.8946597,0.8946597
1770200976.7682,0.5379274487495422,0.894659698009491,0.2883535623550415,0.15425648,0.24996535,0.117039956,0.39677984,0.08195839,0.932681,0.9289816,0.79463965,0.8614269,0.95556945
1770200976.8200,0.46469810605049133,0.894659698009491,0.28444963693618774,0.09931978,0.112241566,0.18117453,0.5759849,0.03127922,0.932681,0.9289816,0.79463965,0.8614269,0.95556945
1770200976.9407,0.4841127395629883,0.894659698009491,0.4253162741661072,0.11392131,0.13697745,0.14502755,0.5765154,0.027558293,0.932681,0.9289816,0.79463965,0.8614269,0.95556945
1770200977.0241,0.5086711645126343,0.894659698009491,0.9054931998252869,0.13283505,0.15056269,0.12915632,0.56001973,0.027426185,0.932681,0.9289816,0.79463965,0.8614269,0.95556945
1770200977.1140,0.5442505478858948,0.894659698009491,1.0,0.15741117,0.16627234,0.123700745,0.52266616,0.029949578,0.932681,0.9289816,0.79463965,0.8614269,0.95556945
1770200977.2077,0.5728800892829895,0.894659698009491,1.0,0.16618313,0.1737434,0.12918226,0.49777466,0.03311653,0.932681,0.9289816,0.79463965,0.8614269,0.95556945
1770200977.3053,0.600936233997345,0.894659698009491,1.0,0.16783804,0.17794009,0.14111978,0.4753581,0.037743982,0.932681,0.9289816,0.79463965,0.8614269,0.95556945
1770200977.4774,0.6191675662994385,0.894659698009491,1.0,0.16374876,0.16769072,0.15421143,0.47295058,0.0413985,0.932681,0.9289816,0.79463965,0.8614269,0.95556945
1770200977.5606,0.6392130255699158,0.894659698009491,0.9341380596160889,0.16326302,0.15106094,0.16941993,0.46906182,0.047194205,0.932681,0.9289816,0.79463965,0.8614269,0.95556945
1770200977.8046,0.6945141553878784,0.8787603378295898,0.26659688353538513,0.28143182,0.13442233,0.37490505,0.1281864,0.081054345,0.87876034,0.87876034,0.87876034,0.87876034,0.87876034
1770200978.0492,0.6883220672607422,0.894659698009491,0.15428999066352844,0.17088352,0.1175362,0.20680228,0.4357928,0.06898523,0.932681,0.9289816,0.79463965,0.8614269,0.95556945
1770200978.1592,0.8079451322555542,0.8802595138549805,0.15806593000888824,0.116268724,0.12910411,0.29612383,0.241422,0.21708132,0.93926936,0.90333253,0.78884065,0.80904055,0.9608145
1770200978.3130,0.7532898187637329,0.8787603378295898,0.2385571449995041,0.19536936,0.08038879,0.43803826,0.17772931,0.10847431,0.87876034,0.87876034,0.87876034,0.87876034,0.87876034
1770200978.6274,0.7737338542938232,0.8787603378295898,0.4019007086753845,0.20923172,0.07998109,0.40608573,0.18705711,0.11764441,0.87876034,0.87876034,0.87876034,0.87876034,0.87876034
1770200978.8045,0.7963563203811646,0.8787603378295898,0.2632279098033905,0.2562623,0.15254366,0.23993997,0.21834807,0.13290602,0.87876034,0.87876034,0.87876034,0.87876034,0.87876034
1770200978.9869,0.8144670724868774,0.8787603378295898,0.25446978211402893,0.2571751,0.14376548,0.22998458,0.22850236,0.14057256,0.87876034,0.87876034,0.87876034,0.87876034,0.87876034
1770200979.5268,0.8276039958000183,0.8787603378295898,0.3638652265071869,0.2705417,0.08661244,0.29657158,0.20668514,0.13958913,0.87876034,0.87876034,0.87876034,0.87876034,0.87876034
1770200980.2859,0.888329029083252,0.8802595138549805,0.44635888934135437,0.13055521,0.09211803,0.22377263,0.25201976,0.3015343,0.93926936,0.90333253,0.78884065,0.80904055,0.9608145
1770200980.7813,0.8571428656578064,0.8787603378295898,0.4602739214897156,0.2633954,0.12935354,0.18051313,0.25654057,0.17019744,0.87876034,0.87876034,0.87876034,0.87876034,0.87876034
1770200980.8538,0.8373891115188599,0.894659698009491,0.4362040162086487,0.16151386,0.05540764,0.16558526,0.47673094,0.14076227,0.932681,0.9289816,0.79463965,0.8614269,0.95556945
1770200980.9546,0.8863492012023926,0.8570453524589539,0.3827621042728424,0.23690511,0.12772857,0.17327274,0.18980916,0.27228445,0.85704535,0.85704535,0.85704535,0.85704535,0.85704535
1770200981.0530,0.9105046987533569,0.8802595138549805,0.3277256190776825,0.13899727,0.09963728,0.15404056,0.28165027,0.32567462,0.93926936,0.90333253,0.78884065,0.80904055,0.9608145
1770200981.1283,0.8807343244552612,0.8570453524589539,0.2825861871242523,0.18533699,0.22616267,0.19542141,0.2929621,0.100116834,0.85704535,0.85704535,0.85704535,0.85704535,0.85704535
1770200981.2585,0.9163118600845337,0.8802595138549805,0.21645161509513855,0.1360668,0.11723522,0.13988443,0.28273207,0.32408157,0.93926936,0.90333253,0.78884065,0.80904055,0.9608145
1770200981.3286,0.8735568523406982,0.894659698009491,0.21406126022338867,0.13692386,0.082400784,0.16279216,0.47153226,0.14635095,0.932681,0.9289816,0.79463965,0.8614269,0.95556945
1770200981.4295,0.8795026540756226,0.8787603378295898,0.24863086640834808,0.20621078,0.17648594,0.18412755,0.2904973,0.14267845,0.87876034,0.87876034,0.87876034,0.87876034,0.87876034
1770200981.5330,0.8768473863601685,0.8787603378295898,0.2956823408603668,0.17921044,0.19923632,0.19521657,0.28674296,0.13959372,0.87876034,0.87876034,0.87876034,0.87876034,0.87876034
1770200981.6494,0.8981308341026306,0.8787603378295898,0.33102717995643616,0.15349774,0.3004037,0.1663784,0.19216777,0.18755239,0.87876034,0.87876034,0.87876034,0.87876034,0.87876034
1770200981.7298,0.8681732416152954,0.8978525400161743,0.32827991247177124,0.24086866,0.28801268,0.13952646,0.114219196,0.21737297,0.93911004,0.87063414,0.83089566,0.888083,0.96053976
1770200981.8526,0.8788250088691711,0.8657337427139282,0.296127051115036,0.13568115,0.36260393,0.1777787,0.17830229,0.14563392,0.9406121,0.866785,0.7208286,0.83838016,0.96206284
1770200981.9401,0.7889488935470581,0.8657337427139282,0.2635003328323364,0.18402596,0.26192105,0.24702717,0.10722269,0.1998032,0.9406121,0.866785,0.7208286,0.83838016,0.96206284
1770200982.0294,0.8445483446121216,0.8787603378295898,0.24399159848690033,0.11138339,0.2543964,0.25695592,0.25379676,0.12346753,0.87876034,0.87876034,0.87876034,0.87876034,0.87876034
1770200982.1256,0.9013051390647888,0.8802595138549805,0.25446873903274536,0.07973011,0.2577869,0.19700408,0.23411512,0.23136379,0.93926936,0.90333253,0.78884065,0.80904055,0.9608145
1770200982.2456,0.7913854122161865,0.887089729309082,0.266478955745697,0.07776,0.33702907,0.3392457,0.14383264,0.10213256,0.9431067,0.863057,0.80986005,0.8542568,0.9651681
1770200982.3157,0.7768200635910034,0.887089729309082,0.2666107416152954,0.117368005,0.30955756,0.34077305,0.11880735,0.1134941,0.9431067,0.863057,0.80986005,0.8542568,0.9651681
1770200982.4201,0.7993453741073608,0.8923313021659851,0.2531830370426178,0.17867526,0.25960574,0.27466658,0.14484993,0.14220247,0.95222867,0.8657088,0.8386443,0.8361414,0.9689335
1770200982.5222,0.8021356463432312,0.8923313021659851,0.23433639109134674,0.11392644,0.3232924,0.30033222,0.13444325,0.12800565,0.95222867,0.8657088,0.8386443,0.8361414,0.9689335
1770200982.6241,0.8259435892105103,0.901014506816864,0.22349171340465546,0.24884252,0.24006863,0.22011426,0.13164511,0.15932944,0.9372719,0.87486434,0.83676785,0.8980977,0.958071
1770200982.7179,0.8338702917098999,0.901014506816864,0.23364675045013428,0.17449519,0.28890872,0.24749497,0.1399812,0.14911996,0.9372719,0.87486434,0.83676785,0.8980977,0.958071
1770200982.8632,0.8522524833679199,0.901014506816864,0.25144481658935547,0.30917743,0.21279302,0.1744283,0.13167204,0.17192917,0.9372719,0.87486434,0.83676785,0.8980977,0.958071
1770200982.9198,0.8778491020202637,0.9169840216636658,0.2577415108680725,0.26257342,0.1494139,0.15589945,0.12316904,0.30894414,0.9438182,0.8622401,0.8548109,0.9608467,0.9632042
1770200983.0577,0.867317795753479,0.9078367352485657,0.273125559091568,0.120273046,0.1947942,0.2807359,0.09006102,0.31413585,0.9461286,0.8187457,0.85535014,0.9541885,0.9647709
1770200983.1401,0.8629670143127441,0.9078367352485657,0.2759212851524353,0.20454445,0.22328188,0.22814216,0.19375694,0.15027452,0.9461286,0.8187457,0.85535014,0.9541885,0.9647709
1770200983.2454,0.8473325371742249,0.901014506816864,0.25885769724845886,0.20223975,0.17479351,0.28967327,0.20152502,0.13176847,0.9372719,0.87486434,0.83676785,0.8980977,0.958071
1770200983.3405,0.8080391883850098,0.9169840216636658,0.21990162134170532,0.22509432,0.14561507,0.339496,0.14033717,0.14945748,0.9438182,0.8622401,0.8548109,0.9608467,0.9632042
1770200983.4563,0.7396676540374756,0.8930372595787048,0.1745944768190384,0.12621827,0.29166597,0.38590738,0.11139498,0.08481345,0.9462145,0.8225016,0.8146699,0.9168817,0.9649181
1770200983.5280,0.7384577989578247,0.8930372595787048,0.15924961864948273,0.11995056,0.29894385,0.39083526,0.114226416,0.07604394,0.9462145,0.8225016,0.8146699,0.9168817,0.9649181
1770200983.6499,0.8581271171569824,0.9355716109275818,0.13586951792240143,0.1865337,0.22782147,0.2510509,0.23454113,0.10005287,0.9326821,0.89712226,0.9026795,0.99033934,0.95503473
1770200983.7486,0.8090441226959229,0.9078367352485657,0.11824711412191391,0.18989235,0.19286104,0.3578111,0.15923002,0.10020547,0.9461286,0.8187457,0.85535014,0.9541885,0.9647709
1770200983.8397,0.7738486528396606,0.9179531931877136,0.10158029198646545,0.15603058,0.22489336,0.21731606,0.2579142,0.14384583,0.9179532,0.9179532,0.9179532,0.9179532,0.9179532
1770200983.9394,0.8486155867576599,0.9355716109275818,0.0946553498506546,0.16680066,0.3010686,0.2570804,0.14034806,0.13470227,0.9326821,0.89712226,0.9026795,0.99033934,0.95503473
1770200984.0937,0.8437364101409912,0.8657337427139282,0.13356992602348328,0.1487059,0.1912277,0.26628408,0.22101626,0.17276603,0.9406121,0.866785,0.7208286,0.83838016,0.96206284
1770200984.1444,0.8660345077514648,0.9355716109275818,0.1633114367723465,0.19601652,0.29358542,0.21442162,0.15363938,0.14233701,0.9326821,0.89712226,0.9026795,0.99033934,0.95503473
1770200984.2438,0.8676996231079102,0.9355716109275818,0.2116418182849884,0.19571613,0.29104286,0.215321,0.15351757,0.14440243,0.9326821,0.89712226,0.9026795,0.99033934,0.95503473
1770200984.3284,0.8131963014602661,0.9244871139526367,0.23664185404777527,0.17781806,0.2077987,0.18090375,0.26586995,0.16760951,0.9244871,0.9244871,0.9244871,0.9244871,0.9244871
1770200984.4611,0.8638498783111572,0.9244871139526367,0.24749326705932617,0.2388812,0.18758748,0.28179348,0.18523674,0.1065011,0.9321047,0.87442034,0.8839956,0.9771081,0.9548067
1770200984.5302,0.8829372525215149,0.9355716109275818,0.24865256249904633,0.21054094,0.25746906,0.2067561,0.15898794,0.16624591,0.9326821,0.89712226,0.9026795,0.99033934,0.95503473
1770200984.6481,0.820755660533905,0.902772068977356,0.26984718441963196,0.18956622,0.27159998,0.30521566,0.12828305,0.105335064,0.9471534,0.87727535,0.76481,0.95741695,0.9672043
1770200984.7283,0.8733049631118774,0.8978525400161743,0.29600027203559875,0.2484098,0.15754667,0.2209178,0.20638739,0.1667383,0.93911004,0.87063414,0.83089566,0.888083,0.96053976
1770200984.8554,0.9226875305175781,0.8802595138549805,0.36831265687942505,0.13651982,0.21731281,0.18625307,0.29736274,0.16255155,0.93926936,0.90333253,0.78884065,0.80904055,0.9608145
1770200984.9200,0.8371015787124634,0.902772068977356,0.4128173589706421,0.20831734,0.21371223,0.14846638,0.22618197,0.20332211,0.9471534,0.87727535,0.76481,0.95741695,0.9672043
1770200985.0309,0.8277690410614014,0.8947469592094421,0.4592713713645935,0.1850601,0.24403764,0.31753194,0.13332406,0.12004623,0.8569591,0.7857091,0.9491598,0.9142605,0.96764654
1770200985.1348,0.8605701327323914,0.8920738101005554,0.4628804624080658,0.22081487,0.14784396,0.30014098,0.1779151,0.15328515,0.8695635,0.82650906,0.8526837,0.9599479,0.9516647
1770200985.2436,0.8254719376564026,0.8920738101005554,0.4291383922100067,0.1860883,0.24694175,0.31700724,0.12601751,0.12394517,0.8695635,0.82650906,0.8526837,0.9599479,0.9516647
1770200985.3331,0.9125618934631348,0.8802595138549805,0.40297743678092957,0.13744843,0.25695205,0.20272444,0.23012659,0.17274852,0.93926936,0.90333253,0.78884065,0.80904055,0.9608145
1770200985.4477,0.8260297775268555,0.8657337427139282,0.3668247163295746,0.14653315,0.19228388,0.2946872,0.16292897,0.20356676,0.9406121,0.866785,0.7208286,0.83838016,0.96206284
1770200985.5162,0.8562391400337219,0.902772068977356,0.35018929839134216,0.23736066,0.2535672,0.19977951,0.11284659,0.19644602,0.9471534,0.87727535,0.76481,0.95741695,0.9672043
1770200985.6530,0.8893436193466187,0.8787603378295898,0.2671673893928528,0.21015641,0.26665643,0.1919807,0.16899392,0.16221254,0.87876034,0.87876034,0.87876034,0.87876034,0.87876034
1770200985.7474,0.9011997580528259,0.8802595138549805,0.2371564358472824,0.14497766,0.29901394,0.19802,0.20020366,0.15778475,0.93926936,0.90333253,0.78884065,0.80904055,0.9608145
1770200985.8557,0.8020849227905273,0.8774850964546204,0.2672833800315857,0.1903916,0.27283078,0.30763865,0.1102291,0.118909895,0.9026834,0.8223367,0.7181955,0.9800505,0.9641591
1770200985.9375,0.8241968154907227,0.8774850964546204,0.3265374004840851,0.21295828,0.20162031,0.3073767,0.14999548,0.12804922,0.9026834,0.8223367,0.7181955,0.9800505,0.9641591
1770200986.0762,0.8385207056999207,0.8774850964546204,0.4036443829536438,0.1849077,0.23718145,0.26958492,0.14072116,0.16760477,0.9026834,0.8223367,0.7181955,0.9800505,0.9641591
1770200986.1264,0.8410784006118774,0.8978525400161743,0.44475942850112915,0.25781706,0.19325535,0.23091903,0.17203656,0.14597204,0.93911004,0.87063414,0.83089566,0.888083,0.96053976
1770200986.2476,0.794548749923706,0.9047650694847107,0.6580294370651245,0.17139646,0.26998904,0.2605977,0.19357303,0.1044437,0.8332852,0.8583754,0.9462338,0.9312803,0.9546506
1770200986.3220,0.856326699256897,0.9047650694847107,0.8893324732780457,0.19842559,0.21822979,0.29900724,0.18052034,0.10381698,0.8332852,0.8583754,0.9462338,0.9312803,0.9546506
1770200986.4685,0.8434937000274658,0.8920738101005554,1.0,0.14687191,0.2607966,0.30089277,0.12850101,0.16293772,0.8695635,0.82650906,0.8526837,0.9599479,0.9516647
1770200986.5917,0.8162851333618164,0.8799694180488586,1.0,0.17519517,0.26171803,0.23301825,0.1796731,0.15039542,0.93299514,0.8635702,0.75833154,0.88927203,0.9556781
1770200986.6621,0.8152792453765869,0.9047650694847107,1.0,0.21430174,0.22999781,0.22085287,0.2097386,0.12510902,0.8332852,0.8583754,0.9462338,0.9312803,0.9546506
1770200986.7433,0.8278182744979858,0.8959765434265137,0.7422153353691101,0.30290648,0.20753223,0.12202772,0.1904696,0.17706396,0.87399006,0.82807446,0.82874686,0.9860334,0.963038
1770200986.8699,0.8413922786712646,0.8643965721130371,0.38230541348457336,0.26924947,0.25609672,0.18000548,0.13820897,0.15643936,0.8344318,0.8087105,0.75914437,0.971958,0.947738
1770200986.9433,0.8648034930229187,0.8774850964546204,0.32125744223594666,0.24440598,0.1940781,0.22330438,0.18318342,0.15502805,0.9026834,0.8223367,0.7181955,0.9800505,0.9641591
1770200987.0546,0.8622857332229614,0.8920738101005554,0.3462541401386261,0.17598213,0.24240996,0.2582496,0.13465756,0.18870077,0.8695635,0.82650906,0.8526837,0.9599479,0.9516647
1770200987.1362,0.8104977607727051,0.9020959138870239,0.40178945660591125,0.2819654,0.23370239,0.14558052,0.16181898,0.1769327,0.90275353,0.8137059,0.8780448,0.9640341,0.951941
1770200987.2537,0.8675823211669922,0.9355716109275818,0.5253511667251587,0.19806327,0.27350467,0.22749084,0.13275294,0.16818824,0.9326821,0.89712226,0.9026795,0.99033934,0.95503473
1770200987.3250,0.8066631555557251,0.9020959138870239,0.5836367607116699,0.28436166,0.25586295,0.12936732,0.15085748,0.17955062,0.90275353,0.8137059,0.8780448,0.9640341,0.951941
1770200987.4741,0.8648607730865479,0.9355716109275818,0.555722713470459,0.24589966,0.24892011,0.19172828,0.15458901,0.15886301,0.9326821,0.89712226,0.9026795,0.99033934,0.95503473
1770200987.5262,0.804743766784668,0.9020959138870239,0.5094575881958008,0.26712006,0.2790837,0.13857418,0.14661108,0.168611,0.90275353,0.8137059,0.8780448,0.9640341,0.951941
1770200987.6529,0.8209704160690308,0.8799694180488586,0.3909338414669037,0.17060214,0.26877546,0.23037495,0.16940467,0.16084279,0.93299514,0.8635702,0.75833154,0.88927203,0.9556781
1770200987.7221,0.8236287832260132,0.902772068977356,0.3768343925476074,0.21037415,0.28630713,0.22370347,0.12441366,0.15520157,0.9471534,0.87727535,0.76481,0.95741695,0.9672043
1770200987.8589,0.7885130047798157,0.8959765434265137,0.4046333134174347,0.17574854,0.28228763,0.31158492,0.117859825,0.1125191,0.87399006,0.82807446,0.82874686,0.9860334,0.963038
1770200987.9312,0.824059247970581,0.902772068977356,0.4076955318450928,0.21625838,0.2831214,0.22237381,0.121676266,0.15657012,0.9471534,0.87727535,0.76481,0.95741695,0.9672043
1770200988.0573,0.8030130863189697,0.8868035674095154,0.4009220004081726,0.19754772,0.2783286,0.23888345,0.1580888,0.12715141,0.90231144,0.80727005,0.7969644,0.9748598,0.9526121
1770200988.1279,0.8497985601425171,0.8787603378295898,0.4075872302055359,0.21316761,0.19226915,0.23607424,0.21072334,0.14776573,0.87876034,0.87876034,0.87876034,0.87876034,0.87876034
1770200988.2585,0.8363473415374756,0.9244871139526367,0.4227258563041687,0.18684869,0.29662004,0.26663953,0.14458081,0.10531091,0.9321047,0.87442034,0.8839956,0.9771081,0.9548067
1770200988.3236,0.8120814561843872,0.8868035674095154,0.4235820174217224,0.24365576,0.20523573,0.24368833,0.15692681,0.15049332,0.90231144,0.80727005,0.7969644,0.9748598,0.9526121
1770200988.4534,0.8663216233253479,0.9355716109275818,0.41974183917045593,0.25172484,0.22573137,0.20346645,0.1503872,0.16869022,0.9326821,0.89712226,0.9026795,0.99033934,0.95503473
1770200988.5762,0.847062885761261,0.8488998413085938,0.4601770043373108,0.28628168,0.27744332,0.16644488,0.14068355,0.12914656,0.8473452,0.80418146,0.72073054,0.93157196,0.9406698
1770200988.6302,0.8357744812965393,0.8912215232849121,0.5158953070640564,0.22854161,0.22229074,0.19522747,0.20082301,0.15311715,0.8713458,0.8111699,0.8479981,0.9747986,0.9507953
1770200988.7336,0.8254890441894531,0.8868035674095154,0.6203013062477112,0.22710396,0.25380614,0.16329636,0.1834823,0.17231123,0.90231144,0.80727005,0.7969644,0.9748598,0.9526121
1770200988.8412,0.8327683806419373,0.8912215232849121,0.7344797849655151,0.18640433,0.2711099,0.20804556,0.19824186,0.1361983,0.8713458,0.8111699,0.8479981,0.9747986,0.9507953
1770200988.9696,0.8608047962188721,0.894659698009491,0.8228554725646973,0.16860084,0.23953266,0.2802512,0.15633145,0.15528376,0.932681,0.9289816,0.79463965,0.8614269,0.95556945
1770200989.0564,0.8205496668815613,0.8799694180488586,0.8162944912910461,0.16220377,0.24522923,0.24245343,0.1709428,0.17917076,0.93299514,0.8635702,0.75833154,0.88927203,0.9556781
1770200989.1448,0.7882660627365112,0.9108295440673828,0.7252800464630127,0.25314742,0.24052003,0.2301016,0.13096741,0.14526357,0.91082954,0.91082954,0.91082954,0.91082954,0.91082954
1770200989.2632,0.8657597899436951,0.9355716109275818,0.5641494989395142,0.16055745,0.25366694,0.26891354,0.13565046,0.18121158,0.9326821,0.89712226,0.9026795,0.99033934,0.95503473
1770200989.3490,0.8741284012794495,0.8802595138549805,0.5046189427375793,0.11376725,0.3072141,0.22492857,0.18375728,0.17033276,0.93926936,0.90333253,0.78884065,0.80904055,0.9608145
1770200989.4459,0.8645971417427063,0.9355716109275818,0.5241724848747253,0.21311042,0.23890246,0.21831046,0.15690127,0.17277536,0.9326821,0.89712226,0.9026795,0.99033934,0.95503473
1770200989.6094,0.8698154091835022,0.8787603378295898,0.6388454437255859,0.17956693,0.24143898,0.22751647,0.1809114,0.1705662,0.87876034,0.87876034,0.87876034,0.87876034,0.87876034
1770200989.6816,0.8350133895874023,0.8868035674095154,0.6715643405914307,0.22692591,0.23832606,0.18625167,0.16697975,0.18151668,0.90231144,0.80727005,0.7969644,0.9748598,0.9526121
1770200989.7655,0.7792583107948303,0.9108295440673828,0.6856940388679504,0.3013167,0.23223399,0.19862814,0.119684525,0.1481366,0.91569865,0.807614,0.89216024,0.9954716,0.94320303
1770200989.8750,0.8326324224472046,0.902772068977356,0.6921948790550232,0.20307925,0.27831638,0.22926465,0.11926692,0.17007278,0.9471534,0.87727535,0.76481,0.95741695,0.9672043
1770200989.9831,0.8213707208633423,0.8959765434265137,0.7785899043083191,0.20384625,0.24626864,0.28244537,0.12623402,0.14120573,0.87399006,0.82807446,0.82874686,0.9860334,0.963038
1770200990.0607,0.8254113793373108,0.8799694180488586,0.8751735687255859,0.1820417,0.25641003,0.23236303,0.15880643,0.17037876,0.93299514,0.8635702,0.75833154,0.88927203,0.9556781
1770200990.1747,0.8484014272689819,0.9118661284446716,0.9188466668128967,0.22229218,0.26755843,0.1901884,0.16920035,0.15076073,0.92001665,0.8182971,0.95972556,0.9144284,0.94686294
1770200990.3262,0.8538383841514587,0.9107236862182617,0.9188466668128967,0.22898684,0.26302603,0.18451746,0.16850778,0.15496193,0.9157974,0.82799536,0.9026065,0.9644985,0.94272083
1770200990.4305,0.8624235987663269,0.86540287733078,0.9955763220787048,0.24636084,0.24432015,0.21559161,0.12739383,0.16633353,0.8200324,0.82523036,0.8006975,0.9460504,0.9350036
1770200990.5309,0.8183276653289795,0.9107236862182617,0.9758225083351135,0.22848275,0.2408368,0.19930623,0.16146834,0.16990584,0.9157974,0.82799536,0.9026065,0.9644985,0.94272083
1770200990.5961,0.8681989908218384,0.8959765434265137,0.8969942927360535,0.24426027,0.19397235,0.24033733,0.17730318,0.14412688,0.87399006,0.82807446,0.82874686,0.9860334,0.963038
1770200990.7349,0.8702724575996399,0.8920738101005554,0.6613275408744812,0.20737794,0.25470313,0.23091076,0.15265746,0.15435068,0.8695635,0.82650906,0.8526837,0.9599479,0.9516647
1770200990.8250,0.868484616279602,0.8774850964546204,0.5091962814331055,0.17801028,0.2567734,0.262971,0.15058337,0.1516619,0.9026834,0.8223367,0.7181955,0.9800505,0.9641591
1770200990.9368,0.8188498020172119,0.8799694180488586,0.34641051292419434,0.13616887,0.22089256,0.29926518,0.16887863,0.17479481,0.93299514,0.8635702,0.75833154,0.88927203,0.9556781
1770200991.0205,0.8739001750946045,0.8758743405342102,0.2509719133377075,0.23420599,0.24193622,0.19959307,0.171275,0.1529897,0.8324013,0.770692,0.9097047,0.9255754,0.94099826
1770200991.1310,0.8604769110679626,0.8978525400161743,0.18070046603679657,0.2418301,0.21684623,0.18647885,0.18255557,0.17228927,0.93911004,0.87063414,0.83089566,0.888083,0.96053976
1770200991.2055,0.8485665321350098,0.9107236862182617,0.17932011187076569,0.16127902,0.31603718,0.22467822,0.14488459,0.15312096,0.9157974,0.82799536,0.9026065,0.9644985,0.94272083
1770200991.2816,0.867190420627594,0.887194812297821,0.21899792551994324,0.22135904,0.25192672,0.193177,0.17711513,0.15642206,0.9146814,0.83263254,0.802851,0.9424176,0.9433919
1770200991.4337,0.832557737827301,0.8959765434265137,0.33282822370529175,0.17734618,0.27187583,0.22889474,0.17649797,0.14538528,0.87399006,0.82807446,0.82874686,0.9860334,0.963038
1770200991.4915,0.8677194118499756,0.8787603378295898,0.3656567931175232,0.13494161,0.2662226,0.23263678,0.20440446,0.16179457,0.87876034,0.87876034,0.87876034,0.87876034,0.87876034
1770200991.5442,0.8225263953208923,0.8912215232849121,0.4419010877609253,0.17349395,0.2821078,0.24104603,0.14029703,0.16305518,0.8713458,0.8111699,0.8479981,0.9747986,0.9507953
1770200991.6982,0.832082986831665,0.902772068977356,0.6247255206108093,0.14013058,0.2609749,0.28354472,0.1896449,0.12570488,0.9471534,0.87727535,0.76481,0.95741695,0.9672043
1770200991.8301,0.8312526345252991,0.902772068977356,0.6487159132957458,0.14413409,0.25361595,0.28345457,0.1912678,0.12752755,0.9471534,0.87727535,0.76481,0.95741695,0.9672043
1770200991.9006,0.8185116648674011,0.86540287733078,0.6291996240615845,0.1663632,0.26786143,0.24184473,0.16516817,0.1587625,0.8200324,0.82523036,0.8006975,0.9460504,0.9350036
1770200991.9738,0.7965810894966125,0.9149112105369568,0.560304582118988,0.19534749,0.25042942,0.21325453,0.17232768,0.16864091,0.9180934,0.82969975,0.88933426,0.99253756,0.944891
1770200992.1002,0.8079892992973328,0.8799694180488586,0.5151914954185486,0.16038579,0.26575866,0.23949403,0.16513316,0.16922837,0.93299514,0.8635702,0.75833154,0.88927203,0.9556781
1770200992.1747,0.8243584036827087,0.8912215232849121,0.5321959853172302,0.21386784,0.23883197,0.23511903,0.13999748,0.17218375,0.8713458,0.8111699,0.8479981,0.9747986,0.9507953
1770200992.2742,0.8209736347198486,0.8959765434265137,0.5651643872261047,0.21884602,0.22701822,0.23258694,0.16698885,0.15455993,0.87399006,0.82807446,0.82874686,0.9860334,0.963038
1770200992.3177,0.8278218507766724,0.9029685258865356,0.57037752866745,0.21865326,0.22452492,0.21809088,0.14808704,0.19064383,0.8478878,0.82571495,0.9273703,0.97113436,0.94273514
1770200992.4137,0.8361863493919373,0.8774850964546204,0.589179515838623,0.18641452,0.24241042,0.27439696,0.14280736,0.1539708,0.9026834,0.8223367,0.7181955,0.9800505,0.9641591
1770200992.5715,0.8156462907791138,0.9149112105369568,0.582160472869873,0.24281977,0.2019832,0.2408045,0.15238416,0.1620084,0.9180934,0.82969975,0.88933426,0.99253756,0.944891
1770200992.7111,0.8531635999679565,0.9047650694847107,0.5305984616279602,0.19531633,0.22344685,0.28761217,0.15310046,0.14052418,0.8332852,0.8583754,0.9462338,0.9312803,0.9546506
1770200992.8421,0.8243659734725952,0.9244871139526367,0.4816122055053711,0.15212503,0.23901962,0.32406968,0.17238136,0.11240428,0.9321047,0.87442034,0.8839956,0.9771081,0.9548067
1770200992.9137,0.8357383608818054,0.8794914484024048,0.46397578716278076,0.26856023,0.2365147,0.2099006,0.12606055,0.15896393,0.91683745,0.78374416,0.85265607,0.9002132,0.9440064
1770200993.0293,0.8210995197296143,0.8912215232849121,0.48935532569885254,0.19913296,0.230043,0.27605188,0.13181132,0.16296086,0.8713458,0.8111699,0.8479981,0.9747986,0.9507953
1770200993.1375,0.8274887800216675,0.902772068977356,0.5064978003501892,0.16193338,0.2181428,0.31868643,0.17389917,0.12733826,0.9471534,0.87727535,0.76481,0.95741695,0.9672043
1770200993.2422,0.8439632654190063,0.86540287733078,0.46510836482048035,0.19683346,0.23892911,0.26685703,0.1442162,0.1531642,0.8200324,0.82523036,0.8006975,0.9460504,0.9350036
1770200993.3434,0.8390421867370605,0.8920738101005554,0.4079800248146057,0.13782707,0.23746344,0.3198089,0.13749169,0.16740887,0.8695635,0.82650906,0.8526837,0.9599479,0.9516647
1770200993.4292,0.8247175216674805,0.86540287733078,0.3399767577648163,0.18329014,0.24464305,0.26538974,0.1494887,0.15718837,0.8200324,0.82523036,0.8006975,0.9460504,0.9350036
1770200993.5371,0.8386297225952148,0.8912215232849121,0.2972259819507599,0.19861695,0.22604522,0.2465244,0.17493713,0.15387619,0.8713458,0.8111699,0.8479981,0.9747986,0.9507953
1770200993.6460,0.8478583097457886,0.8868035674095154,0.34587618708610535,0.22081472,0.23980403,0.2034434,0.1540426,0.18189518,0.90231144,0.80727005,0.7969644,0.9748598,0.9526121
1770200993.7211,0.8550912141799927,0.8978525400161743,0.40620771050453186,0.25224325,0.2109941,0.19055374,0.1747286,0.17148034,0.93911004,0.87063414,0.83089566,0.888083,0.96053976
1770200993.8061,0.8684542775154114,0.894659698009491,0.4635902941226959,0.19224438,0.23683466,0.25219223,0.16365464,0.15507412,0.932681,0.9289816,0.79463965,0.8614269,0.95556945
1770200993.8597,0.8520953059196472,0.8978525400161743,0.45518606901168823,0.2415968,0.21707228,0.19608162,0.17932847,0.16592081,0.93911004,0.87063414,0.83089566,0.888083,0.96053976
1770200993.9842,0.8407361507415771,0.9149112105369568,0.36951833963394165,0.19596148,0.2635326,0.22268789,0.17295325,0.14486478,0.9180934,0.82969975,0.88933426,0.99253756,0.944891
1770201039.2236,0.4519442319869995,0.886269748210907,0.4902339577674866,0.16252622,0.01938118,0.34144777,0.17847963,0.2981652,0.88626975,0.88626975,0.88626975,0.88626975,0.88626975
1770201039.2766,0.4767695665359497,0.886269748210907,0.7805535197257996,0.16239513,0.050550558,0.37873188,0.2849286,0.12339387,0.88626975,0.88626975,0.88626975,0.88626975,0.88626975
1770201039.3300,0.49633875489234924,0.886269748210907,1.0,0.11732541,0.18401599,0.17292158,0.471791,0.05394598,0.9214032,0.9326922,0.784598,0.8454896,0.94716537
1770201039.4122,0.49054086208343506,0.886269748210907,1.0,0.10459112,0.121438734,0.19368045,0.5423619,0.037927777,0.9214032,0.9326922,0.784598,0.8454896,0.94716537
1770201039.4693,0.5164849758148193,0.886269748210907,1.0,0.1080406,0.1480923,0.14984432,0.555933,0.038089797,0.9214032,0.9326922,0.784598,0.8454896,0.94716537
1770201039.6049,0.5333240628242493,0.886269748210907,1.0,0.10631409,0.1558505,0.13540113,0.56448054,0.037953693,0.9214032,0.9326922,0.784598,0.8454896,0.94716537
1770201039.6409,0.557552695274353,0.886269748210907,1.0,0.10581673,0.17007013,0.1338485,0.5516558,0.038608845,0.9214032,0.9326922,0.784598,0.8454896,0.94716537
1770201039.7341,0.5871443748474121,0.886269748210907,1.0,0.1038398,0.18714331,0.13975446,0.529352,0.03991047,0.9214032,0.9326922,0.784598,0.8454896,0.94716537
1770201039.8203,0.6310693025588989,0.8845838904380798,0.9897765517234802,0.10325528,0.12735751,0.28146017,0.2743489,0.21357812,0.9202526,0.93495905,0.79193044,0.8291803,0.94659674
1770201039.9008,0.7210915684700012,0.8845838904380798,0.6215124726295471,0.3923167,0.15628715,0.16895443,0.16765696,0.11478471,0.9202526,0.93495905,0.79193044,0.8291803,0.94659674
1770201040.0417,0.7603713870048523,0.8845838904380798,0.3253280520439148,0.21473575,0.11667439,0.16084778,0.27128872,0.23645335,0.9202526,0.93495905,0.79193044,0.8291803,0.94659674
1770201040.1083,0.775931179523468,0.8845838904380798,0.2509056627750397,0.20328215,0.10746847,0.17313558,0.27630267,0.23981111,0.9202526,0.93495905,0.79193044,0.8291803,0.94659674
1770201040.2174,0.6980371475219727,0.9067268371582031,0.17957986891269684,0.2460415,0.15889461,0.3324113,0.15329497,0.10935761,0.90672684,0.90672684,0.90672684,0.90672684,0.90672684
1770201040.3353,0.777495265007019,0.9067268371582031,0.15428999066352844,0.20531592,0.090171635,0.3124335,0.2468965,0.14518242,0.9315001,0.9825832,0.7954326,0.86931753,0.95480096
1770201040.4350,0.7702261805534363,0.8845838904380798,0.15806593000888824,0.10734005,0.15037844,0.23653735,0.44523567,0.060508512,0.9202526,0.93495905,0.79193044,0.8291803,0.94659674
1770201040.5210,0.7270299792289734,0.9067268371582031,0.18604856729507446,0.17517333,0.112581685,0.3227699,0.24582484,0.14365023,0.9315001,0.9825832,0.7954326,0.86931753,0.95480096
1770201040.6554,0.7461369037628174,0.9165869951248169,0.3076728284358978,0.105216116,0.124641515,0.21846631,0.46143815,0.09023781,0.9570374,0.98189926,0.7924158,0.87800235,0.97358006
1770201040.7230,0.8285397291183472,0.9067268371582031,0.3652140498161316,0.13212596,0.080937535,0.34420478,0.31527215,0.12745963,0.9315001,0.9825832,0.7954326,0.86931753,0.95480096
1770201040.7923,0.8184478282928467,0.9165869951248169,0.40047919750213623,0.21457785,0.1383392,0.24973008,0.21432695,0.18302593,0.9570374,0.98189926,0.7924158,0.87800235,0.97358006
1770201040.9514,0.8908213376998901,0.9165869951248169,0.37055256962776184,0.18122354,0.117705695,0.19471641,0.27930036,0.22705406,0.9570374,0.98189926,0.7924158,0.87800235,0.97358006
1770201041.0456,0.8586199879646301,0.9067268371582031,0.29123952984809875,0.16530998,0.106083654,0.28263602,0.3035674,0.14240292,0.9315001,0.9825832,0.7954326,0.86931753,0.95480096
1770201041.1664,0.9105433225631714,0.9194116592407227,0.23305712640285492,0.20987722,0.14612126,0.17427076,0.25315627,0.2165745,0.95690084,0.97866493,0.8430448,0.844802,0.9736458
1770201041.2816,0.9187325239181519,0.9194116592407227,0.2652554512023926,0.22407521,0.16296248,0.16466291,0.24001724,0.20828219,0.95690084,0.97866493,0.8430448,0.844802,0.9736458
1770201041.3501,0.7972370386123657,0.9256772994995117,0.29658591747283936,0.23079064,0.23320118,0.22870034,0.102957204,0.20435065,0.9256773,0.9256773,0.9256773,0.9256773,0.9256773
1770201041.6542,0.9314286708831787,0.9194116592407227,0.42522719502449036,0.24440545,0.19517621,0.15274188,0.2212523,0.1864241,0.95690084,0.97866493,0.8430448,0.844802,0.9736458
1770201041.8827,0.9065755009651184,0.9194116592407227,0.27623069286346436,0.20025192,0.22512805,0.16746189,0.31060562,0.0965525,0.95690084,0.97866493,0.8430448,0.844802,0.9736458
1770201042.1680,0.9088826179504395,0.9194116592407227,0.17899169027805328,0.19893801,0.22093214,0.17198683,0.30998856,0.098154426,0.95690084,0.97866493,0.8430448,0.844802,0.9736458
1770201042.5315,0.8381302952766418,0.9256772994995117,0.42999234795570374,0.18322784,0.17372373,0.2422153,0.18796773,0.21286537,0.9256773,0.9256773,0.9256773,0.9256773,0.9256773
1770201042.7048,0.8895981311798096,0.9165869951248169,0.447709858417511,0.19160147,0.17286186,0.25555542,0.23843467,0.14154656,0.9570374,0.98189926,0.7924158,0.87800235,0.97358006
1770201042.8964,0.9402737617492676,0.9194116592407227,0.4741247296333313,0.19967453,0.21075892,0.19481602,0.23813489,0.15661563,0.95690084,0.97866493,0.8430448,0.844802,0.9736458
1770201043.1343,0.9387298226356506,0.9194116592407227,0.4362040162086487,0.18554573,0.20235232,0.2152259,0.23732413,0.15955189,0.95690084,0.97866493,0.8430448,0.844802,0.9736458
1770201043.2982,0.8781123161315918,0.9194116592407227,0.34599608182907104,0.23245153,0.08603122,0.2204033,0.2964563,0.16465764,0.95690084,0.97866493,0.8430448,0.844802,0.9736458
1770201043.3857,0.8682795763015747,0.9256772994995117,0.2957350015640259,0.22238964,0.12754375,0.25289682,0.21646442,0.18070537,0.9256773,0.9256773,0.9256773,0.9256773,0.9256773
1770201043.4652,0.8751913905143738,0.9256772994995117,0.2419370710849762,0.23724216,0.12192118,0.24892314,0.2079789,0.18393457,0.9256773,0.9256773,0.9256773,0.9256773,0.9256773
1770201043.5648,0.9316812753677368,0.9194116592407227,0.21314094960689545,0.16209278,0.17172693,0.27310526,0.19116022,0.20191482,0.95690084,0.97866493,0.8430448,0.844802,0.9736458
1770201043.6194,0.8759576678276062,0.9194116592407227,0.21737758815288544,0.14311121,0.14652939,0.31965765,0.23238611,0.15831567,0.95690084,0.97866493,0.8430448,0.844802,0.9736458
1770201043.7318,0.8420581221580505,0.9194116592407227,0.2659125328063965,0.09887282,0.12351866,0.35648525,0.2511455,0.16997775,0.95690084,0.97866493,0.8430448,0.844802,0.9736458
1770201043.8064,0.8720734119415283,0.9194116592407227,0.2956823408603668,0.17924967,0.16299544,0.3104568,0.16890758,0.1783905,0.95690084,0.97866493,0.8430448,0.844802,0.9736458
1770201044.3693,0.9009969234466553,0.9256772994995117,0.246528759598732,0.29260266,0.120879605,0.20238885,0.18763097,0.19649789,0.95637715,0.9706398,0.87859535,0.84954184,0.9732319
1770201045.2614,0.9033476114273071,0.9256772994995117,0.2640562057495117,0.29724345,0.12406391,0.19419713,0.19109045,0.19340509,0.95637715,0.9706398,0.87859535,0.84954184,0.9732319
1770201045.6737,0.8687883615493774,0.9194116592407227,0.1986437886953354,0.12783754,0.1404285,0.2936605,0.25220984,0.18586366,0.95690084,0.97866493,0.8430448,0.844802,0.9736458
1770201045.7329,0.8633168935775757,0.8950571417808533,0.1745944768190384,0.12292486,0.21334612,0.2771941,0.22978748,0.15674742,0.89505714,0.89505714,0.89505714,0.89505714,0.89505714
1770201045.8414,0.8627278804779053,0.8950571417808533,0.14874990284442902,0.115441695,0.21576054,0.27479953,0.24464844,0.14934976,0.89505714,0.89505714,0.89505714,0.89505714,0.89505714
1770201045.9630,0.9286675453186035,0.9194116592407227,0.12822368741035461,0.1401483,0.1863493,0.2501236,0.22360834,0.19977047,0.95690084,0.97866493,0.8430448,0.844802,0.9736458
1770201046.0407,0.9039528369903564,0.9256772994995117,0.11480623483657837,0.15200052,0.1719977,0.27574047,0.2265568,0.17370455,0.95637715,0.9706398,0.87859535,0.84954184,0.9732319
1770201046.1329,0.904292106628418,0.9256772994995117,0.10021652281284332,0.14621508,0.16876669,0.27415368,0.24371092,0.16715363,0.95637715,0.9706398,0.87859535,0.84954184,0.9732319
1770201046.2230,0.8620636463165283,0.9194116592407227,0.0946553498506546,0.15676327,0.14819816,0.2875017,0.27738908,0.13014777,0.95690084,0.97866493,0.8430448,0.844802,0.9736458
1770201046.3598,0.8307419419288635,0.9238479733467102,0.1286962330341339,0.13774043,0.24329022,0.29617047,0.16545191,0.15734702,0.923848,0.923848,0.923848,0.923848,0.923848
1770201046.4609,0.8507039546966553,0.9238479733467102,0.18393513560295105,0.15717791,0.22239892,0.30024728,0.16479725,0.15537865,0.9321047,0.8712249,0.8839956,0.9771081,0.9548067
1770201046.5484,0.8529343605041504,0.9238479733467102,0.2191798835992813,0.16082583,0.21573992,0.29423684,0.16988122,0.15931618,0.9321047,0.8712249,0.8839956,0.9771081,0.9548067
1770201046.6510,0.9027388095855713,0.9256772994995117,0.24283075332641602,0.14132588,0.16667819,0.21339382,0.29974738,0.17885473,0.95637715,0.9706398,0.87859535,0.84954184,0.9732319
1770201046.7354,0.8441881537437439,0.9238479733467102,0.24710334837436676,0.1344387,0.24220224,0.29241225,0.1687715,0.16217528,0.9321047,0.8712249,0.8839956,0.9771081,0.9548067
1770201046.8398,0.8904341459274292,0.9256772994995117,0.2528671324253082,0.2023348,0.17914268,0.1924458,0.2153314,0.21074528,0.95637715,0.9706398,0.87859535,0.84954184,0.9732319
1770201047.0184,0.8814853429794312,0.9238479733467102,0.29600027203559875,0.19972736,0.16779013,0.24552767,0.16426028,0.22269459,0.9321047,0.8712249,0.8839956,0.9771081,0.9548067
1770201047.0844,0.8888509273529053,0.8950571417808533,0.3368678390979767,0.16106673,0.19352728,0.24724413,0.1947912,0.20337065,0.89505714,0.89505714,0.89505714,0.89505714,0.89505714
1770201047.1368,0.8994125723838806,0.9256772994995117,0.36831265687942505,0.1795608,0.13115388,0.24987438,0.25894675,0.18046421,0.95637715,0.9706398,0.87859535,0.84954184,0.9732319
1770201047.2301,0.8954817652702332,0.878744900226593,0.4298132658004761,0.10544981,0.22138757,0.23091237,0.33844465,0.10380561,0.8309434,0.7881219,0.9442378,0.8618473,0.9685741
1770201047.3311,0.8958815336227417,0.878744900226593,0.46549874544143677,0.11215053,0.23512521,0.23673463,0.3058457,0.11014393,0.8309434,0.7881219,0.9442378,0.8618473,0.9685741
1770201047.4463,0.8836430311203003,0.9165869951248169,0.45573198795318604,0.19809881,0.140165,0.31281495,0.18039706,0.16852412,0.9570374,0.98189926,0.7924158,0.87800235,0.97358006
1770201047.5567,0.8903001546859741,0.878744900226593,0.4188358783721924,0.12689939,0.2539313,0.24084048,0.26417878,0.114150025,0.8309434,0.7881219,0.9442378,0.8618473,0.9685741
1770201047.6386,0.861947774887085,0.8831897974014282,0.3975614905357361,0.10450349,0.21829762,0.3375855,0.1938317,0.14578168,0.8139565,0.82650906,0.8767174,0.9480873,0.95067847
1770201047.7475,0.8869991898536682,0.9256772994995117,0.36291855573654175,0.2269845,0.15798967,0.21972048,0.19982952,0.19547583,0.95637715,0.9706398,0.87859535,0.84954184,0.9732319
1770201047.8333,0.833071231842041,0.8574334979057312,0.32408425211906433,0.23296945,0.2664361,0.2406914,0.12544063,0.13446243,0.8574335,0.8574335,0.8574335,0.8574335,0.8574335
1770201047.9594,0.7489073872566223,0.8996233940124512,0.25370892882347107,0.16160251,0.34630373,0.19157915,0.15647462,0.14403997,0.8448928,0.8129317,0.9409306,0.94454736,0.95481443
1770201048.0270,0.8817172050476074,0.9194116592407227,0.2364976406097412,0.22989947,0.10353561,0.17351498,0.29302794,0.20002204,0.95690084,0.97866493,0.8430448,0.844802,0.9736458
1770201048.1450,0.779085636138916,0.8574334979057312,0.27897536754608154,0.16354227,0.3362979,0.16346703,0.18219283,0.15450001,0.8288001,0.8229101,0.7206742,0.9531981,0.9615851
1770201048.2405,0.917510986328125,0.9194116592407227,0.3499480187892914,0.21635006,0.123824514,0.16500364,0.25635672,0.23846507,0.95690084,0.97866493,0.8430448,0.844802,0.9736458
1770201048.3440,0.7735010385513306,0.897986888885498,0.4036443829536438,0.16327335,0.3623969,0.15524277,0.17799008,0.14109689,0.8455397,0.85887665,0.92175686,0.90889597,0.95486516
1770201048.4438,0.9134897589683533,0.9194116592407227,0.4923534095287323,0.20882101,0.1139511,0.1716999,0.27724135,0.22828665,0.95690084,0.97866493,0.8430448,0.844802,0.9736458
1770201048.5446,0.8583251237869263,0.9194116592407227,0.7122184634208679,0.17792168,0.15532322,0.2076381,0.2947375,0.1643795,0.95690084,0.97866493,0.8430448,0.844802,0.9736458
1770201048.6586,0.8175289630889893,0.8950571417808533,1.0,0.18350089,0.2557549,0.14954948,0.27606452,0.13513021,0.89505714,0.89505714,0.89505714,0.89505714,0.89505714
1770201048.7425,0.8748449087142944,0.9194116592407227,1.0,0.14993028,0.11525596,0.29209495,0.31518236,0.12753649,0.95690084,0.97866493,0.8430448,0.844802,0.9736458
1770201048.8304,0.9071123600006104,0.9194116592407227,1.0,0.18541858,0.10741322,0.22079659,0.2642204,0.22215125,0.95690084,0.97866493,0.8430448,0.844802,0.9736458
1770201048.9347,0.8210150003433228,0.918605625629425,1.0,0.23429306,0.20319755,0.26175156,0.17097783,0.12978,0.8934836,0.7944033,0.97269714,0.97295064,0.9594934
1770201049.0422,0.814053475856781,0.8808594942092896,0.6327991485595703,0.307686,0.19927043,0.19099225,0.16763471,0.13441661,0.87058383,0.82347804,0.8166534,0.92983824,0.96374387
1770201049.1525,0.8517979383468628,0.9256772994995117,0.3680180311203003,0.29436946,0.12597446,0.21879223,0.1947979,0.16606593,0.95637715,0.9706398,0.87859535,0.84954184,0.9732319
1770201049.2478,0.8695731163024902,0.9194116592407227,0.32196080684661865,0.1651304,0.111829214,0.33580968,0.23759009,0.14964055,0.95690084,0.97866493,0.8430448,0.844802,0.9736458
1770201049.3324,0.8094916343688965,0.8891395926475525,0.3462541401386261,0.20785928,0.28012693,0.1522826,0.17489429,0.18483692,0.885321,0.801409,0.81521136,0.98659813,0.9571582
1770201049.4325,0.8802827596664429,0.9256772994995117,0.4229624271392822,0.2732498,0.120732635,0.19142555,0.19381411,0.22077784,0.95637715,0.9706398,0.87859535,0.84954184,0.9732319
1770201049.5341,0.849218487739563,0.9238479733467102,0.5352093577384949,0.22811157,0.17820977,0.2810029,0.108729616,0.20394614,0.9321047,0.8712249,0.8839956,0.9771081,0.9548067
1770201049.6375,0.8110343813896179,0.8871440887451172,0.592367947101593,0.21049383,0.318665,0.1528716,0.15822741,0.15974212,0.8270848,0.82549137,0.8413,0.99418795,0.9476564
1770201049.7459,0.9121685028076172,0.9194116592407227,0.555722713470459,0.16789503,0.16352661,0.25032088,0.20385145,0.21440606,0.95690084,0.97866493,0.8430448,0.844802,0.9736458
1770201049.8314,0.8149267435073853,0.8728763461112976,0.4688200354576111,0.19990909,0.33389696,0.14704655,0.17111209,0.14803526,0.8000203,0.8284095,0.8378899,0.94096935,0.957093
1770201049.9478,0.8711789846420288,0.9256772994995117,0.3831692337989807,0.26632482,0.15816756,0.2032001,0.20193642,0.17037109,0.95637715,0.9706398,0.87859535,0.84954184,0.9732319
1770201050.0493,0.8635058403015137,0.9256772994995117,0.38400840759277344,0.2402422,0.18799643,0.15693927,0.21403086,0.20079127,0.95637715,0.9706398,0.87859535,0.84954184,0.9732319
1770201050.1678,0.8304568529129028,0.885017991065979,0.40694859623908997,0.19085123,0.29764357,0.14472948,0.21408695,0.15268873,0.8478878,0.82200646,0.84132624,0.97113436,0.94273514
1770201050.2322,0.8379820585250854,0.885017991065979,0.4061550498008728,0.22076467,0.28437248,0.19430023,0.16416496,0.13639767,0.8478878,0.82200646,0.84132624,0.97113436,0.94273514
1770201050.3633,0.8227728605270386,0.885017991065979,0.40329426527023315,0.18716715,0.30370408,0.13399738,0.21540977,0.15972161,0.8478878,0.82200646,0.84132624,0.97113436,0.94273514
1770201050.4340,0.825659990310669,0.885017991065979,0.4123763144016266,0.2140176,0.23667513,0.22855885,0.1698612,0.1508872,0.8478878,0.82200646,0.84132624,0.97113436,0.94273514
1770201050.5584,0.8583178520202637,0.9256772994995117,0.42434507608413696,0.23140518,0.16497454,0.15915854,0.22721326,0.21724856,0.95637715,0.9706398,0.87859535,0.84954184,0.9732319
1770201050.6393,0.8629374504089355,0.9194116592407227,0.4213625192642212,0.14086545,0.15798216,0.32773122,0.21864824,0.15477294,0.95690084,0.97866493,0.8430448,0.844802,0.9736458
1770201050.7834,0.7978096008300781,0.8871440887451172,0.42629337310791016,0.19620399,0.28718996,0.1757857,0.16304044,0.17777987,0.8270848,0.82549137,0.8413,0.99418795,0.9476564
1770201050.8369,0.8728821277618408,0.9256772994995117,0.45387133955955505,0.23600967,0.1264714,0.19457655,0.2100506,0.2328918,0.95637715,0.9706398,0.87859535,0.84954184,0.9732319
1770201050.9341,0.8297293186187744,0.8833187222480774,0.5349465012550354,0.21829875,0.26132295,0.22268401,0.12890355,0.16879073,0.8482122,0.81544375,0.835402,0.97653824,0.9409974
1770201051.0488,0.8050836324691772,0.8906737565994263,0.6637388467788696,0.21708713,0.28017035,0.157278,0.15639713,0.1890674,0.9193805,0.798007,0.8032594,0.9795052,0.95321643
1770201051.1724,0.8733030557632446,0.9256772994995117,0.7860446572303772,0.25512266,0.2089956,0.1984064,0.14461657,0.19285879,0.95637715,0.9706398,0.87859535,0.84954184,0.9732319
1770201051.2809,0.7996214032173157,0.8648149371147156,0.8268551826477051,0.26449555,0.21064706,0.2686426,0.12510218,0.13111259,0.79951614,0.8297334,0.8006975,0.9601522,0.93397516
1770201051.3535,0.798650860786438,0.8648149371147156,0.7983682751655579,0.25965434,0.21447949,0.27421382,0.12553522,0.12611715,0.79951614,0.8297334,0.8006975,0.9601522,0.93397516
1770201051.4790,0.7903528809547424,0.8728763461112976,0.6429882049560547,0.20579317,0.2958185,0.18772686,0.13931099,0.17135052,0.8000203,0.8284095,0.8378899,0.94096935,0.957093
1770201051.5549,0.8390195369720459,0.878744900226593,0.5534316897392273,0.23788238,0.21145977,0.22553377,0.114617825,0.21050629,0.8309434,0.7881219,0.9442378,0.8618473,0.9685741
1770201051.6632,0.8191109299659729,0.8904682397842407,0.5013730525970459,0.2097812,0.27880487,0.25605306,0.12233615,0.13302474,0.920704,0.8077646,0.85821843,0.9201982,0.945456
1770201051.7572,0.8039941787719727,0.885017991065979,0.5402775406837463,0.21496902,0.28761727,0.19081931,0.14817356,0.15842079,0.8478878,0.82200646,0.84132624,0.97113436,0.94273514
1770201051.9192,0.836650013923645,0.9194116592407227,0.654699981212616,0.16720314,0.16583714,0.3591063,0.16973324,0.13812014,0.95690084,0.97866493,0.8430448,0.844802,0.9736458
1770201052.0264,0.8314943313598633,0.8833187222480774,0.6818579435348511,0.2500467,0.2465144,0.24741663,0.12357599,0.13244629,0.8482122,0.81544375,0.835402,0.97653824,0.9409974
1770201052.1553,0.8717007637023926,0.9194116592407227,0.6921948790550232,0.22917742,0.16928203,0.25380352,0.16210161,0.18563543,0.95690084,0.97866493,0.8430448,0.844802,0.9736458
1770201052.2318,0.8267133235931396,0.885017991065979,0.7350257635116577,0.23966375,0.25091562,0.17282683,0.15721413,0.1793797,0.8478878,0.82200646,0.84132624,0.97113436,0.94273514
1770201052.2672,0.8709447383880615,0.8950571417808533,0.7785899043083191,0.21662752,0.17483684,0.22044621,0.18928735,0.19880207,0.89505714,0.89505714,0.89505714,0.89505714,0.89505714
1770201052.3464,0.8426634669303894,0.8648149371147156,0.8894643783569336,0.2568809,0.2499869,0.19373846,0.13788432,0.16150941,0.79951614,0.8297334,0.8006975,0.9601522,0.93397516
1770201052.4338,0.8673494458198547,0.878744900226593,0.9188466668128967,0.24614102,0.19554868,0.18696468,0.12868883,0.24265683,0.8309434,0.7881219,0.9442378,0.8618473,0.9685741
1770201052.5646,0.8821883201599121,0.9256772994995117,0.9188466668128967,0.17678432,0.16070746,0.3170639,0.18199432,0.16345006,0.95637715,0.9706398,0.87859535,0.84954184,0.9732319
1770201052.6777,0.8319281935691833,0.8648149371147156,0.989611029624939,0.20658869,0.26999164,0.23191251,0.15181738,0.13968974,0.79951614,0.8297334,0.8006975,0.9601522,0.93397516
1770201052.7234,0.8800880312919617,0.9256772994995117,0.9991122484207153,0.1925368,0.20838253,0.22550218,0.1796269,0.19395156,0.95637715,0.9706398,0.87859535,0.84954184,0.9732319
1770201052.8339,0.881618320941925,0.9194116592407227,0.9484251737594604,0.17695384,0.19130081,0.2621309,0.17283165,0.19678284,0.95690084,0.97866493,0.8430448,0.844802,0.9736458
1770201052.9205,0.8366982936859131,0.9238479733467102,0.818331241607666,0.13851383,0.2391731,0.31644583,0.11768561,0.18818164,0.9321047,0.8712249,0.8839956,0.9771081,0.9548067
1770201053.0581,0.8201819658279419,0.8744096159934998,0.5577294230461121,0.1344927,0.23631953,0.22585554,0.22951093,0.17382134,0.8376698,0.79369223,0.85488284,0.92812014,0.9576828
1770201053.1344,0.8102908134460449,0.885017991065979,0.4364737570285797,0.15519734,0.3277389,0.20534657,0.15027434,0.16144282,0.8478878,0.82200646,0.84132624,0.97113436,0.94273514
1770201053.2951,0.8382041454315186,0.878744900226593,0.25949037075042725,0.17441574,0.26716653,0.22768481,0.12599397,0.20473897,0.8309434,0.7881219,0.9442378,0.8618473,0.9685741
1770201053.4212,0.7808681726455688,0.8596156239509583,0.1789361536502838,0.2464272,0.26384917,0.20817877,0.12964335,0.15190156,0.77921855,0.7656294,0.92531615,0.88935405,0.9385598
1770201053.5333,0.8017275929450989,0.9160539507865906,0.20505587756633759,0.30486685,0.23876002,0.1289319,0.13758574,0.18985553,0.91884196,0.8289312,0.8947409,0.9900413,0.9477142
1770201053.6216,0.8002694249153137,0.885017991065979,0.25045081973075867,0.19988197,0.3045734,0.18594715,0.14391153,0.1656859,0.8478878,0.82200646,0.84132624,0.97113436,0.94273514
1770201053.7024,0.7831369638442993,0.9160539507865906,0.3230876922607422,0.2993366,0.23769058,0.17714898,0.13123909,0.15458475,0.91884196,0.8289312,0.8947409,0.9900413,0.9477142
1770201053.8187,0.8188221454620361,0.8648149371147156,0.4419010877609253,0.24158831,0.2663449,0.20043321,0.16108875,0.13054487,0.79951614,0.8297334,0.8006975,0.9601522,0.93397516
1770201053.9113,0.818298876285553,0.8906737565994263,0.5722653269767761,0.24280885,0.28532976,0.15578745,0.14933087,0.16674303,0.9193805,0.798007,0.8032594,0.9795052,0.95321643
1770201054.0111,0.8410658240318298,0.8831943869590759,0.6436787247657776,0.3494107,0.20111491,0.14443807,0.16599493,0.13904132,0.8868865,0.82440424,0.80379,0.9618278,0.9390631
1770201054.1250,0.8492571115493774,0.9160539507865906,0.644561767578125,0.2702938,0.26425478,0.1606183,0.15822516,0.14660792,0.91884196,0.8289312,0.8947409,0.9900413,0.9477142
1770201054.2440,0.8276056051254272,0.918605625629425,0.594028890132904,0.23789501,0.2596665,0.23221122,0.13672097,0.13350627,0.8934836,0.7944033,0.97269714,0.97295064,0.9594934
1770201054.3504,0.8677332401275635,0.9194116592407227,0.5178016424179077,0.20804417,0.1373186,0.20825428,0.28007752,0.16630544,0.95690084,0.97866493,0.8430448,0.844802,0.9736458
1770201054.4325,0.8595939874649048,0.9194116592407227,0.5277510285377502,0.17377605,0.16413578,0.31003442,0.20437413,0.1476796,0.95690084,0.97866493,0.8430448,0.844802,0.9736458
1770201054.5435,0.8257609605789185,0.885017991065979,0.5650946497917175,0.19478737,0.25484177,0.2097528,0.16635083,0.1742672,0.8478878,0.82200646,0.84132624,0.97113436,0.94273514
1770201054.6414,0.7940912246704102,0.8755132555961609,0.5807754993438721,0.24953738,0.2219248,0.22778884,0.13940673,0.16134219,0.9065383,0.81792796,0.7609022,0.9550179,0.93718016
1770201054.7206,0.8296525478363037,0.9228740930557251,0.5944554209709167,0.18590371,0.25085008,0.25678247,0.14953877,0.15692498,0.92190015,0.8182971,0.95972556,0.96643305,0.94801474
1770201054.8526,0.8612990379333496,0.9256772994995117,0.582160472869873,0.19659403,0.1646685,0.27219602,0.18084793,0.18569353,0.95637715,0.9706398,0.87859535,0.84954184,0.9732319
1770201054.9240,0.822527289390564,0.9160539507865906,0.5583995580673218,0.20574635,0.23047231,0.2505833,0.15620393,0.15699413,0.91884196,0.8289312,0.8947409,0.9900413,0.9477142
1770201055.0337,0.8081409931182861,0.8906737565994263,0.5101608037948608,0.16487037,0.29179984,0.27926284,0.12463145,0.1394355,0.9193805,0.798007,0.8032594,0.9795052,0.95321643
1770201055.1596,0.807715892791748,0.918605625629425,0.4681856632232666,0.1468614,0.31945565,0.28507274,0.121129505,0.12748064,0.8934836,0.7944033,0.97269714,0.97295064,0.9594934
1770201055.1964,0.7983078956604004,0.8798938989639282,0.4626356065273285,0.22877811,0.23525769,0.22901253,0.13725473,0.16969699,0.91683745,0.7879589,0.8504535,0.9002132,0.9440064
1770201055.2658,0.834529459476471,0.8648149371147156,0.4744678735733032,0.20682599,0.28290036,0.20314579,0.14017189,0.16695601,0.79951614,0.8297334,0.8006975,0.9601522,0.93397516
1770201055.3386,0.8249824643135071,0.8906737565994263,0.4969797432422638,0.23159006,0.2591058,0.21108204,0.14402454,0.1541976,0.9193805,0.798007,0.8032594,0.9795052,0.95321643
1770201055.4436,0.8427514433860779,0.9228740930557251,0.4996967911720276,0.2135337,0.24853963,0.21014342,0.14981331,0.17796996,0.92190015,0.8182971,0.95972556,0.96643305,0.94801474
1770201055.5761,0.8728973865509033,0.9256772994995117,0.43765437602996826,0.21392386,0.1473656,0.2108159,0.20461392,0.22328073,0.95637715,0.9706398,0.87859535,0.84954184,0.9732319
1770201055.6894,0.8444940447807312,0.9228740930557251,0.34777164459228516,0.22575918,0.2360338,0.20811062,0.15069123,0.17940524,0.92190015,0.8182971,0.95972556,0.96643305,0.94801474
1770201055.8318,0.8232799172401428,0.9018427133560181,0.29605793952941895,0.17794135,0.22507282,0.21028647,0.19565196,0.19104742,0.90248936,0.84086627,0.8659389,0.96489567,0.9350232
1770201055.9406,0.8322595953941345,0.8906737565994263,0.3641901910305023,0.22001933,0.24428873,0.24238308,0.1391493,0.15415956,0.9193805,0.798007,0.8032594,0.9795052,0.95321643
1770201056.0401,0.8700672388076782,0.9256772994995117,0.4411087930202484,0.23378994,0.14941789,0.2372775,0.18851608,0.19099864,0.95637715,0.9706398,0.87859535,0.84954184,0.9732319
1770201056.1225,0.8174415230751038,0.8906737565994263,0.4616852104663849,0.19349426,0.2770464,0.21257292,0.14699113,0.16989528,0.9193805,0.798007,0.8032594,0.9795052,0.95321643
1770201056.2277,0.8081952333450317,0.8871440887451172,0.4014853835105896,0.18351884,0.26954728,0.23316696,0.1518518,0.16191517,0.8270848,0.82549137,0.8413,0.99418795,0.9476564
1770201056.3507,0.8352230787277222,0.9228740930557251,0.30629220604896545,0.18801343,0.25976607,0.2649185,0.1398806,0.14742137,0.92190015,0.8182971,0.95972556,0.96643305,0.94801474
1770201056.4601,0.8418781757354736,0.8431354761123657,0.2718389630317688,0.16348892,0.26245186,0.3029553,0.16071095,0.11039296,0.9203657,0.7849995,0.74458504,0.81704104,0.948686
1770201056.5795,0.814291775226593,0.885017991065979,0.26846078038215637,0.17157905,0.28766218,0.23427312,0.15419191,0.1522937,0.8478878,0.82200646,0.84132624,0.97113436,0.94273514
1770201056.7002,0.7978515028953552,0.8840594291687012,0.283406525850296,0.15739736,0.3029171,0.2789631,0.14426124,0.116461225,0.8402364,0.8125097,0.903981,0.920687,0.9428831
1770201056.8037,0.8103436231613159,0.885017991065979,0.3061578869819641,0.172615,0.29815874,0.22008331,0.15811563,0.15102738,0.8478878,0.82200646,0.84132624,0.97113436,0.94273514
1770201056.9057,0.8619740009307861,0.9256772994995117,0.34610000252723694,0.2452935,0.18712384,0.16186455,0.20019776,0.20552035,0.95637715,0.9706398,0.87859535,0.84954184,0.9732319
1770201057.0328,0.8285168409347534,0.8786539435386658,0.3865421414375305,0.18195175,0.26751402,0.25007242,0.16941722,0.1310446,0.9330801,0.8151223,0.7268193,0.96020716,0.9580409
1770201057.1148,0.8834496736526489,0.9194116592407227,0.385195255279541,0.17180246,0.17330953,0.26270238,0.21261096,0.1795747,0.95690084,0.97866493,0.8430448,0.844802,0.9736458
1770201057.2407,0.8662362694740295,0.9256772994995117,0.356357604265213,0.24138431,0.14788753,0.1852279,0.226952,0.19854824,0.95637715,0.9706398,0.87859535,0.84954184,0.9732319
1770201057.3479,0.820947527885437,0.8431354761123657,0.32066580653190613,0.22615962,0.25141433,0.21009639,0.15780686,0.15452279,0.9203657,0.7849995,0.74458504,0.81704104,0.948686
1770201057.4002,0.8546493053436279,0.9052565693855286,0.2933364510536194,0.21091317,0.25271764,0.18798791,0.16326468,0.18511656,0.9367733,0.80608845,0.8678313,0.9536353,0.96195453
1770201057.5449,0.823208212852478,0.8648149371147156,0.22629615664482117,0.24456464,0.23278949,0.19092907,0.17642756,0.1552892,0.79951614,0.8297334,0.8006975,0.9601522,0.93397516
1770201057.6292,0.7954491376876831,0.8798938989639282,0.18903213739395142,0.23080623,0.23031163,0.22665767,0.14742017,0.16480434,0.91683745,0.7879589,0.8504535,0.9002132,0.9440064
1770201057.7769,0.8273860216140747,0.8786539435386658,0.17712830007076263,0.17588367,0.23989573,0.27741006,0.16877712,0.13803339,0.9330801,0.8151223,0.7268193,0.96020716,0.9580409
1770201057.8942,0.8031644821166992,0.8871440887451172,0.21287842094898224,0.1788573,0.26221225,0.23760709,0.15914786,0.16217549,0.8270848,0.82549137,0.8413,0.99418795,0.9476564
1770201058.0157,0.7978169918060303,0.8831943869590759,0.30763888359069824,0.15987106,0.2545276,0.24681328,0.18122257,0.15756553,0.8868865,0.82440424,0.80379,0.9618278,0.9390631
1770201058.1660,0.8281455039978027,0.9194116592407227,0.4214165210723877,0.17300466,0.16249372,0.24807,0.24245733,0.17397425,0.95690084,0.97866493,0.8430448,0.844802,0.9736458
1770201058.3367,0.8252881169319153,0.9194116592407227,0.4430791437625885,0.16859,0.16410623,0.2541237,0.24097961,0.17220043,0.95690084,0.97866493,0.8430448,0.844802,0.9736458
1770201058.4247,0.8338463306427002,0.9194116592407227,0.4675721526145935,0.15076788,0.16564463,0.2743488,0.2574921,0.15174662,0.95690084,0.97866493,0.8430448,0.844802,0.9736458
1770201058.5568,0.7762937545776367,0.8786539435386658,0.6044679880142212,0.1394184,0.29519656,0.31934988,0.12749031,0.118544824,0.9330801,0.8151223,0.7268193,0.96020716,0.9580409
1770201058.6522,0.787042498588562,0.8431354761123657,0.6803766489028931,0.16964796,0.25062615,0.31170058,0.13115276,0.13687253,0.9203657,0.7849995,0.74458504,0.81704104,0.948686
1770201058.7671,0.8204688429832458,0.9079505801200867,0.696830689907074,0.1791042,0.22246912,0.3150001,0.13249627,0.15093033,0.90885293,0.80584204,0.89117086,0.96436155,0.96952516
1770201058.8451,0.8015934228897095,0.8840594291687012,0.684748113155365,0.19419485,0.28195125,0.2521503,0.12292922,0.14877439,0.8402364,0.8125097,0.903981,0.920687,0.9428831
1770201058.9728,0.8057681322097778,0.8728763461112976,0.6835103631019592,0.1680446,0.27828315,0.23789987,0.16249536,0.15327707,0.8000203,0.8284095,0.8378899,0.94096935,0.957093
1770201059.0452,0.8067795038223267,0.8798938989639282,0.6920753717422485,0.23091385,0.27406013,0.20266108,0.12017881,0.17218612,0.91683745,0.7879589,0.8504535,0.9002132,0.9440064
1770201059.1631,0.8034278750419617,0.8431354761123657,0.6563575863838196,0.18152109,0.2665537,0.26365346,0.1485563,0.1397154,0.9203657,0.7849995,0.74458504,0.81704104,0.948686
1770201059.2278,0.8143288493156433,0.8906737565994263,0.6298714876174927,0.18343875,0.27055073,0.21691507,0.16844757,0.16064785,0.9193805,0.798007,0.8032594,0.9795052,0.95321643
1770201059.3154,0.8580460548400879,0.9256772994995117,0.5771673917770386,0.21409112,0.1594861,0.18900792,0.23633285,0.20108204,0.95637715,0.9706398,0.87859535,0.84954184,0.9732319
1770201059.3918,0.8351747989654541,0.9079505801200867,0.5466383695602417,0.1790539,0.24545962,0.24119411,0.15969822,0.17459413,0.90885293,0.80584204,0.89117086,0.96436155,0.96952516
1770201059.5213,0.803059458732605,0.8660702109336853,0.552325963973999,0.15673599,0.26900536,0.28116405,0.10161815,0.19147646,0.8274907,0.79551786,0.81085956,0.95480484,0.9416778
1770201059.6136,0.7982649207115173,0.8660702109336853,0.5523971915245056,0.12343059,0.20529918,0.38203475,0.12349805,0.16573745,0.8274907,0.79551786,0.81085956,0.95480484,0.9416778
1770201059.7141,0.8519241809844971,0.9194116592407227,0.5081911087036133,0.18168598,0.15775564,0.23880516,0.25919634,0.1625569,0.95690084,0.97866493,0.8430448,0.844802,0.9736458
1770201059.7936,0.8740791082382202,0.9194116592407227,0.4983382225036621,0.1619365,0.14728193,0.30789092,0.21800032,0.16489026,0.95690084,0.97866493,0.8430448,0.844802,0.9736458
1770201059.9532,0.8537359237670898,0.878744900226593,0.5416812896728516,0.23604503,0.22910391,0.20776354,0.14545114,0.18163632,0.8309434,0.7881219,0.9442378,0.8618473,0.9685741
1770201060.0514,0.8623828887939453,0.9194116592407227,0.624117374420166,0.21196763,0.1888002,0.2508901,0.19579437,0.15254769,0.95690084,0.97866493,0.8430448,0.844802,0.9736458
1770201060.1370,0.8158688545227051,0.8933145403862,0.8138739466667175,0.17629685,0.28599885,0.26122773,0.09908476,0.17739189,0.79488516,0.84454376,0.89653593,0.98704743,0.94356084
1770201060.2496,0.8255842924118042,0.8906737565994263,1.0,0.23595765,0.25766248,0.22416776,0.14509077,0.13712128,0.9193805,0.798007,0.8032594,0.9795052,0.95321643
1770201060.4698,0.8164455890655518,0.885017991065979,1.0,0.21518317,0.26754904,0.20700368,0.15122479,0.1590393,0.8478878,0.82200646,0.84132624,0.97113436,0.94273514
1770201060.5255,0.8076690435409546,0.8431354761123657,0.9488492012023926,0.21244784,0.28109226,0.23902592,0.13019568,0.13723837,0.9203657,0.7849995,0.74458504,0.81704104,0.948686
1770201060.6834,0.8241163492202759,0.885017991065979,0.582270085811615,0.20929699,0.27223206,0.20389536,0.1593947,0.15518087,0.8478878,0.82200646,0.84132624,0.97113436,0.94273514
1770201060.8173,0.8190799951553345,0.8821951150894165,0.6037275791168213,0.15716712,0.26693705,0.2890355,0.1486029,0.13825746,0.8663067,0.79841554,0.8682141,0.93770653,0.9403328
1770201060.9167,0.8251347541809082,0.902478039264679,0.8007073998451233,0.1747374,0.22805183,0.2934484,0.16141441,0.14234804,0.84951377,0.84014523,0.9030587,0.979384,0.94028807
1770201061.0380,0.8275362253189087,0.9228740930557251,0.9044853448867798,0.20379739,0.2545728,0.23278886,0.16602315,0.14281778,0.92190015,0.8182971,0.95972556,0.96643305,0.94801474
1770201061.1068,0.8272570967674255,0.885017991065979,0.8014580011367798,0.19498001,0.2603789,0.2150183,0.17240301,0.15721978,0.8478878,0.82200646,0.84132624,0.97113436,0.94273514
1770201061.2246,0.8190385699272156,0.8728763461112976,0.5994654893875122,0.19355875,0.25522578,0.21614362,0.17437619,0.1606956,0.8000203,0.8284095,0.8378899,0.94096935,0.957093
1770201061.2967,0.8209245204925537,0.8431354761123657,0.5168704986572266,0.20839518,0.22494324,0.23949468,0.17368142,0.15348546,0.9203657,0.7849995,0.74458504,0.81704104,0.948686
1770201061.3842,0.8172247409820557,0.8821951150894165,0.5175148248672485,0.1456578,0.25188228,0.2981887,0.15621473,0.14805649,0.8663067,0.79841554,0.8682141,0.93770653,0.9403328
1770201061.5091,0.8354675769805908,0.8786539435386658,0.5896201729774475,0.20565924,0.23143117,0.24715593,0.17339823,0.1423554,0.9330801,0.8151223,0.7268193,0.96020716,0.9580409
1770201061.5920,0.8191912770271301,0.8995615839958191,0.5881342887878418,0.173951,0.23542921,0.27040783,0.1506982,0.16951373,0.91098315,0.85065085,0.8315512,0.965,0.9396229
1770201061.6987,0.8069412708282471,0.8831943869590759,0.49976322054862976,0.16524747,0.24681918,0.24304336,0.17710976,0.1677802,0.8868865,0.82440424,0.80379,0.9618278,0.9390631
1770201061.7866,0.8204764723777771,0.8804225325584412,0.42338863015174866,0.20516959,0.2331382,0.22486709,0.1708039,0.16602129,0.9159262,0.826191,0.7916325,0.92539364,0.9429693
1770201061.9104,0.8242992758750916,0.9160539507865906,0.3779412508010864,0.19658989,0.22773299,0.23736309,0.16435844,0.17395559,0.91884196,0.8289312,0.8947409,0.9900413,0.9477142
1770201062.0351,0.8519579172134399,0.9228740930557251,0.5000461935997009,0.20449847,0.2314748,0.22713825,0.17142239,0.16546617,0.92190015,0.8182971,0.95972556,0.96643305,0.94801474
1770201062.1446,0.8200149536132812,0.9009577035903931,0.6541072726249695,0.15926884,0.25718305,0.29962817,0.14525385,0.13866611,0.94802505,0.84426486,0.7485911,0.99580485,0.9681026
1770201062.2457,0.8787059783935547,0.8950571417808533,0.7785053253173828,0.19076121,0.16895096,0.22120446,0.23708993,0.1819935,0.89505714,0.89505714,0.89505714,0.89505714,0.89505714
1770201062.3427,0.817824125289917,0.8648149371147156,0.8470631241798401,0.20760743,0.24442422,0.22265834,0.16875997,0.15655014,0.79951614,0.8297334,0.8006975,0.9601522,0.93397516
1770201062.5127,0.8507440090179443,0.9194116592407227,0.8881538510322571,0.178557,0.19240065,0.2622046,0.2111103,0.1557275,0.95690084,0.97866493,0.8430448,0.844802,0.9736458
1770201062.6631,0.8341629505157471,0.8821951150894165,0.8186399936676025,0.1517198,0.26323053,0.30187783,0.13661556,0.14655627,0.8663067,0.79841554,0.8682141,0.93770653,0.9403328
1770201062.7803,0.8033994436264038,0.9018427133560181,0.7552783489227295,0.15088052,0.24889381,0.2540158,0.18551819,0.16069162,0.90248936,0.84086627,0.8659389,0.96489567,0.9350232
1770201062.9695,0.8369101881980896,0.9194116592407227,0.7787454128265381,0.18855254,0.17614289,0.23076594,0.24316345,0.16137524,0.95690084,0.97866493,0.8430448,0.844802,0.9736458
1770201063.2061,0.8006689548492432,0.8431354761123657,0.9576705098152161,0.17893782,0.26275697,0.26330668,0.15472157,0.14027692,0.9203657,0.7849995,0.74458504,0.81704104,0.948686
1770201063.3311,0.7987189292907715,0.9009577035903931,0.7790664434432983,0.15102364,0.270164,0.3113899,0.14580624,0.12161619,0.94802505,0.84426486,0.7485911,0.99580485,0.9681026
1770201063.4534,0.8333437442779541,0.9079505801200867,0.5573499202728271,0.18676628,0.2582831,0.23290099,0.16245796,0.15959166,0.90885293,0.80584204,0.89117086,0.96436155,0.96952516
1770201063.6596,0.7788100242614746,0.8786539435386658,0.49815768003463745,0.14059298,0.25770217,0.32143778,0.1529887,0.1272783,0.9330801,0.8151223,0.7268193,0.96020716,0.9580409
1770201064.1225,0.8167436122894287,0.9165869951248169,0.49815768003463745,0.13547373,0.1553291,0.35657507,0.21985176,0.13277039,0.9570374,0.98189926,0.7924158,0.87800235,0.97358006
1770201064.1843,0.8130183219909668,0.8840594291687012,0.49815768003463745,0.2059522,0.21912761,0.24528986,0.1735872,0.15604313,0.8402364,0.8125097,0.903981,0.920687,0.9428831
1770201064.3860,0.8550931215286255,0.9020919799804688,0.49815768003463745,0.16904835,0.19760188,0.25738576,0.22055408,0.15540989,0.8941752,0.88073,0.84407395,0.9606129,0.9308677
1770201064.5084,0.8295435905456543,0.9194116592407227,0.49815768003463745,0.19996676,0.15884718,0.230123,0.2538629,0.15720011,0.95690084,0.97866493,0.8430448,0.844802,0.9736458
1770201064.5513,0.8338418006896973,0.9194116592407227,0.49815768003463745,0.16880156,0.17177926,0.29941556,0.21562949,0.14437416,0.95690084,0.97866493,0.8430448,0.844802,0.9736458
1770201064.5912,0.837490439414978,0.8666210174560547,0.49815768003463745,0.164298,0.22617939,0.30573723,0.15585741,0.14792797,0.80120224,0.87069327,0.7488217,0.98655176,0.9258364
1770201064.6720,0.8224008679389954,0.8804225325584412,0.49815768003463745,0.23221986,0.21665229,0.22183716,0.1697468,0.15954396,0.9159262,0.826191,0.7916325,0.92539364,0.9429693
1770201064.7631,0.8389887809753418,0.9228740930557251,0.49815768003463745,0.22752959,0.2203779,0.23084418,0.16148408,0.15976429,0.92190015,0.8182971,0.95972556,0.96643305,0.94801474
1770201064.8488,0.8225009441375732,0.8804225325584412,0.49815768003463745,0.23490718,0.22018261,0.22184691,0.1598548,0.16320847,0.9159262,0.826191,0.7916325,0.92539364,0.9429693
1770201064.9918,0.7957087755203247,0.8786539435386658,0.49815768003463745,0.16422316,0.24083415,0.30654278,0.14197797,0.1464219,0.9330801,0.8151223,0.7268193,0.96020716,0.9580409
1770201065.0594,0.8259619474411011,0.885017991065979,0.49815768003463745,0.22570977,0.24314192,0.2063772,0.1493942,0.17537683,0.8478878,0.82200646,0.84132624,0.97113436,0.94273514
1770201065.1804,0.835792601108551,0.9020919799804688,0.49815768003463745,0.16550623,0.20585562,0.32781196,0.1534297,0.14739652,0.902092,0.902092,0.902092,0.902092,0.902092
1770201065.2669,0.8550346493721008,0.9020919799804688,0.49815768003463745,0.18136346,0.22665846,0.27958164,0.1594641,0.15293233,0.8941752,0.88073,0.84407395,0.9606129,0.9308677
1770201065.3860,0.8445624709129333,0.9238479733467102,0.49815768003463745,0.21551575,0.2292133,0.25006896,0.14112598,0.164076,0.9321047,0.8712249,0.8839956,0.9771081,0.9548067
1770201065.4813,0.8339526057243347,0.8833187222480774,0.49815768003463745,0.2334411,0.24691956,0.22837272,0.14607565,0.14519104,0.8482122,0.81544375,0.835402,0.97653824,0.9409974
1770201065.5774,0.8336695432662964,0.8833187222480774,0.49815768003463745,0.22835673,0.24953999,0.22968188,0.14853047,0.14389098,0.8482122,0.81544375,0.835402,0.97653824,0.9409974
1770201065.6970,0.8744509816169739,0.8950571417808533,0.49815768003463745,0.18489544,0.18796271,0.24537946,0.21243575,0.1693267,0.89505714,0.89505714,0.89505714,0.89505714,0.89505714
1770201065.7679,0.8082015514373779,0.8821951150894165,0.49815768003463745,0.14759472,0.270029,0.2997763,0.13730393,0.14529604,0.8663067,0.79841554,0.8682141,0.93770653,0.9403328
1770201065.8865,0.8228130340576172,0.8906737565994263,0.49815768003463745,0.20689455,0.25948882,0.23551874,0.15132032,0.14677756,0.9193805,0.798007,0.8032594,0.9795052,0.95321643
1770201065.9679,0.8248206973075867,0.885017991065979,0.49815768003463745,0.20616221,0.25473285,0.2087291,0.16550176,0.16487409,0.8478878,0.82200646,0.84132624,0.97113436,0.94273514
1770201066.0818,0.8684821128845215,0.9256772994995117,0.49815768003463745,0.21101387,0.15748249,0.22332129,0.24383152,0.16435093,0.95637715,0.9706398,0.87859535,0.84954184,0.9732319
1770201631.8288,0.4563632011413574,0.8848360180854797,0.28487637639045715,0.16352487,0.01931464,0.3439864,0.17393619,0.2992379,0.884836,0.884836,0.884836,0.884836,0.884836
1770201631.8848,0.4873652458190918,0.8848360180854797,0.29034990072250366,0.17537959,0.05497796,0.3722804,0.2674065,0.12995552,0.884836,0.884836,0.884836,0.884836,0.884836
1770201631.9738,0.5168896317481995,0.8945836424827576,0.4253162741661072,0.10649375,0.28033763,0.1537647,0.41081294,0.048591014,0.9377265,0.9147167,0.78884065,0.8722734,0.95936084
1770201632.0298,0.5107123851776123,0.8848360180854797,0.6700823903083801,0.12869023,0.14818928,0.19332889,0.48502982,0.044761814,0.93499255,0.905566,0.78858703,0.83761793,0.95741665
1770201632.1194,0.5336249470710754,0.8848360180854797,1.0,0.13371696,0.19130014,0.14733343,0.49204636,0.03560314,0.93499255,0.905566,0.78858703,0.83761793,0.95741665
1770201632.2063,0.5452752113342285,0.8848360180854797,1.0,0.1300843,0.19814451,0.1351832,0.50163937,0.034948565,0.93499255,0.905566,0.78858703,0.83761793,0.95741665
1770201632.2829,0.5631594657897949,0.8848360180854797,1.0,0.122603394,0.20212772,0.13851288,0.5002305,0.036525466,0.93499255,0.905566,0.78858703,0.83761793,0.95741665
1770201632.3334,0.5796866416931152,0.8848360180854797,1.0,0.1139606,0.18893933,0.15417372,0.50450903,0.03841732,0.93499255,0.905566,0.78858703,0.83761793,0.95741665
1770201632.4198,0.6912862062454224,0.8854503631591797,1.0,0.10275978,0.22539552,0.16106233,0.32428053,0.18650189,0.9217048,0.93587583,0.80633944,0.8157277,0.9476042
1770201632.5539,0.6259092092514038,0.8854503631591797,1.0,0.095579796,0.15895508,0.1983412,0.5037619,0.043362044,0.9217048,0.93587583,0.80633944,0.8157277,0.9476042
1770201632.6723,0.6524688005447388,0.8854503631591797,0.6215124726295471,0.09085118,0.14255738,0.21828113,0.50109756,0.047212705,0.9217048,0.93587583,0.80633944,0.8157277,0.9476042
1770201632.7258,0.7310271263122559,0.8999813199043274,0.4744962155818939,0.5139915,0.16703519,0.14407992,0.12657337,0.048320003,0.8999813,0.8999813,0.8999813,0.8999813,0.8999813
1770201632.8808,0.7107155919075012,0.8854503631591797,0.2509056627750397,0.09077102,0.11886784,0.25706017,0.47278622,0.06051477,0.9217048,0.93587583,0.80633944,0.8157277,0.9476042
1770201632.9918,0.7309415340423584,0.8999813199043274,0.17957986891269684,0.37864265,0.15003835,0.21623015,0.18571322,0.06937559,0.8999813,0.8999813,0.8999813,0.8999813,0.8999813
1770201633.0608,0.696961522102356,0.890643298625946,0.1605556607246399,0.2847894,0.12884794,0.2143052,0.14032441,0.23173301,0.9102388,0.93753046,0.7964154,0.8697276,0.93930405
1770201633.1808,0.7955970764160156,0.890643298625946,0.1540612131357193,0.15094128,0.08423417,0.32939768,0.2889714,0.14645547,0.9102388,0.93753046,0.7964154,0.8697276,0.93930405
1770201633.2716,0.735374927520752,0.8999813199043274,0.17634204030036926,0.07001479,0.14793117,0.27368557,0.42170227,0.08666618,0.93333244,0.98126745,0.791086,0.8378957,0.9563248
1770201633.3820,0.7742599844932556,0.8999813199043274,0.24784661829471588,0.09863555,0.14656097,0.32809833,0.23879926,0.18790586,0.93333244,0.98126745,0.791086,0.8378957,0.9563248
1770201633.4598,0.8278549313545227,0.8999813199043274,0.3279357850551605,0.14554049,0.0864995,0.2899916,0.32859287,0.14937557,0.93333244,0.98126745,0.791086,0.8378957,0.9563248
1770201633.5920,0.8351315855979919,0.8999813199043274,0.41279837489128113,0.15732355,0.08484553,0.27198273,0.33815974,0.14768845,0.93333244,0.98126745,0.791086,0.8378957,0.9563248
1770201633.6544,0.8163294792175293,0.8999813199043274,0.4067073464393616,0.1704511,0.11464775,0.2646176,0.3361567,0.114126906,0.93333244,0.98126745,0.791086,0.8378957,0.9563248
1770201633.7828,0.8266931772232056,0.9184381365776062,0.3242119550704956,0.19429608,0.122940615,0.23325212,0.33833256,0.111178614,0.95643866,0.97922623,0.80679584,0.87659353,0.9731367
1770201633.8547,0.8581833839416504,0.8999813199043274,0.2632279098033905,0.21676342,0.082783274,0.21639507,0.33721018,0.14684801,0.93333244,0.98126745,0.791086,0.8378957,0.9563248
1770201633.9711,0.8395676612854004,0.9184381365776062,0.2338690161705017,0.16062884,0.22242329,0.21903509,0.2969891,0.10092372,0.95643866,0.97922623,0.80679584,0.87659353,0.9731367
1770201634.0590,0.7854782342910767,0.9195441603660583,0.27278730273246765,0.24010003,0.2263324,0.18063128,0.09796381,0.25497243,0.91954416,0.91954416,0.91954416,0.91954416,0.91954416
1770201634.1891,0.88671875,0.890643298625946,0.3367900550365448,0.22545122,0.12859944,0.18981276,0.34068784,0.1154488,0.9102388,0.93753046,0.7964154,0.8697276,0.93930405
1770201634.2598,0.8287447094917297,0.9195441603660583,0.3688364028930664,0.17854166,0.10563101,0.22507757,0.32341567,0.16733406,0.9563446,0.9818578,0.8046638,0.88180625,0.9730482
1770201634.3507,0.8897284269332886,0.9195441603660583,0.4172494411468506,0.2037786,0.12985764,0.22907116,0.3202668,0.11702584,0.9563446,0.9818578,0.8046638,0.88180625,0.9730482
1770201634.4522,0.8859728574752808,0.9195441603660583,0.42126357555389404,0.18417099,0.12710167,0.26249474,0.30479848,0.12143408,0.9563446,0.9818578,0.8046638,0.88180625,0.9730482
1770201634.5458,0.8192828297615051,0.9195441603660583,0.379255086183548,0.17691062,0.17539023,0.28964135,0.13179733,0.22626047,0.9563446,0.9818578,0.8046638,0.88180625,0.9730482
1770201634.6952,0.870837926864624,0.9184381365776062,0.2285674661397934,0.17479542,0.09154024,0.34760043,0.27708867,0.10897526,0.95643866,0.97922623,0.80679584,0.87659353,0.9731367
1770201634.7955,0.8781538009643555,0.9379680752754211,0.16609153151512146,0.10103816,0.25284514,0.32647872,0.19890751,0.12073044,0.95137596,0.9823208,0.8623664,0.9245919,0.96918505
1770201634.8635,0.7831399440765381,0.9379680752754211,0.1580156534910202,0.10105732,0.16431361,0.46351385,0.14465278,0.12646243,0.95137596,0.9823208,0.8623664,0.9245919,0.96918505
1770201634.9697,0.861826479434967,0.9350481033325195,0.19338329136371613,0.19524829,0.1792522,0.31829613,0.08706268,0.22014067,0.9350481,0.9350481,0.9350481,0.9350481,0.9350481
1770201635.1196,0.8768306374549866,0.9379680752754211,0.3056105971336365,0.16364592,0.10429349,0.39752042,0.20809028,0.12644982,0.95137596,0.9823208,0.8623664,0.9245919,0.96918505
1770201635.1987,0.867766261100769,0.9379680752754211,0.3739270567893982,0.14457184,0.19344701,0.34712875,0.16598348,0.14886892,0.95137596,0.9823208,0.8623664,0.9245919,0.96918505
1770201635.2906,0.8872489929199219,0.9379680752754211,0.42999234795570374,0.22553073,0.16934238,0.23757827,0.11732057,0.25022805,0.95137596,0.9823208,0.8623664,0.9245919,0.96918505
1770201635.3723,0.9090452194213867,0.9350481033325195,0.4507770836353302,0.2761362,0.16503489,0.22861832,0.090388454,0.23982213,0.9350481,0.9350481,0.9350481,0.9350481,0.9350481
1770201635.4705,0.9077322483062744,0.9350481033325195,0.447709858417511,0.19894445,0.19313498,0.25980055,0.17998347,0.16813652,0.94981766,0.9451944,0.8980125,0.9141489,0.9680673
1770201635.5556,0.9088919162750244,0.9379680752754211,0.45092248916625977,0.24539217,0.17543441,0.20755838,0.13633832,0.23527674,0.95137596,0.9823208,0.8623664,0.9245919,0.96918505
1770201635.9275,0.9121583700180054,0.9379680752754211,0.4277195930480957,0.23420386,0.18168718,0.21211584,0.14491436,0.22707874,0.95137596,0.9823208,0.8623664,0.9245919,0.96918505
1770201636.0972,0.9003027081489563,0.9350481033325195,0.3339666724205017,0.14121829,0.14300734,0.28581402,0.27848357,0.15147677,0.94981766,0.9451944,0.8980125,0.9141489,0.9680673
1770201636.1390,0.9006305932998657,0.9350481033325195,0.30931413173675537,0.13377453,0.2307956,0.21038,0.21587676,0.20917314,0.94981766,0.9451944,0.8980125,0.9141489,0.9680673
1770201636.2658,0.9178225994110107,0.9379680752754211,0.22847223281860352,0.11886448,0.16047394,0.29609862,0.26388305,0.16067986,0.95137596,0.9823208,0.8623664,0.9245919,0.96918505
1770201636.3379,0.9496562480926514,0.9350481033325195,0.21225278079509735,0.20054227,0.15649822,0.21046928,0.24178949,0.19070075,0.94981766,0.9451944,0.8980125,0.9141489,0.9680673
1770201636.4563,0.9015779495239258,0.9204042553901672,0.23875492811203003,0.12439954,0.24038881,0.21957743,0.22614415,0.18949,0.95166886,0.9393919,0.9177601,0.82295007,0.97025025
1770201636.5682,0.9399608373641968,0.9350481033325195,0.28976714611053467,0.124940105,0.23700033,0.22657955,0.23698445,0.17449558,0.94981766,0.9451944,0.8980125,0.9141489,0.9680673
1770201636.6426,0.9336973428726196,0.9350481033325195,0.321533739566803,0.21374607,0.19696757,0.20216127,0.19772683,0.18939818,0.94981766,0.9451944,0.8980125,0.9141489,0.9680673
1770201636.7676,0.9215568900108337,0.9350481033325195,0.32973676919937134,0.18777776,0.17004955,0.2472279,0.17357935,0.22136547,0.94981766,0.9451944,0.8980125,0.9141489,0.9680673
1770201636.9179,0.8810833692550659,0.8532776832580566,0.28826192021369934,0.2792992,0.22487982,0.21709418,0.14804564,0.13068119,0.9344614,0.8646246,0.6787414,0.8314206,0.95714027
1770201636.9705,0.8310510516166687,0.873396098613739,0.267195463180542,0.34739426,0.29427883,0.15081114,0.13095492,0.07656094,0.8733961,0.8733961,0.8733961,0.8733961,0.8733961
1770201637.1138,0.8195133209228516,0.873396098613739,0.24466633796691895,0.2841905,0.27205792,0.20579615,0.15585151,0.08210395,0.8733961,0.8733961,0.8733961,0.8733961,0.8733961
1770201637.2006,0.9010515213012695,0.873396098613739,0.25645196437835693,0.12267207,0.16167368,0.29878938,0.2205277,0.19633724,0.932612,0.8609812,0.71574354,0.9022834,0.95536005
1770201637.3247,0.7691627740859985,0.873396098613739,0.2687262296676636,0.14603166,0.20636733,0.3683183,0.19125582,0.08802698,0.932612,0.8609812,0.71574354,0.9022834,0.95536005
1770201637.4179,0.9011253118515015,0.8851906657218933,0.2605160176753998,0.23204334,0.22836246,0.18597065,0.18027225,0.17335124,0.88519067,0.88519067,0.88519067,0.88519067,0.88519067
1770201637.5204,0.9033547639846802,0.9204042553901672,0.24648523330688477,0.12989558,0.14974938,0.28839344,0.254502,0.17745961,0.95166886,0.9393919,0.9177601,0.82295007,0.97025025
1770201637.6414,0.794849157333374,0.873396098613739,0.2256721556186676,0.06823091,0.16421416,0.4193653,0.19197194,0.1562177,0.932612,0.8609812,0.71574354,0.9022834,0.95536005
1770201637.8015,0.678388237953186,0.8851906657218933,0.2392481118440628,0.040082928,0.16327891,0.41955215,0.26100165,0.116084374,0.8806822,0.8626877,0.8322554,0.8855372,0.9647911
1770201637.9495,0.7355284690856934,0.8851906657218933,0.2554723024368286,0.084826104,0.19419092,0.42703485,0.16102369,0.13292444,0.8806822,0.8626877,0.8322554,0.8855372,0.9647911
1770201638.0227,0.8305603265762329,0.873396098613739,0.26272568106651306,0.13164619,0.25173205,0.33314848,0.15739751,0.12607576,0.932612,0.8609812,0.71574354,0.9022834,0.95536005
1770201638.1246,0.7532337307929993,0.8851906657218933,0.27485546469688416,0.078659,0.18326189,0.27930105,0.28366354,0.17511448,0.8806822,0.8626877,0.8322554,0.8855372,0.9647911
1770201638.2165,0.7763441205024719,0.8851906657218933,0.2745715081691742,0.09926507,0.18136574,0.23681518,0.28537828,0.19717568,0.8806822,0.8626877,0.8322554,0.8855372,0.9647911
1770201638.3503,0.848590612411499,0.8851906657218933,0.2364356815814972,0.15999268,0.2790755,0.2743007,0.1255996,0.16103151,0.8806822,0.8626877,0.8322554,0.8855372,0.9647911
1770201638.4358,0.8733248114585876,0.8851906657218933,0.2030768245458603,0.20511071,0.16967262,0.19806045,0.1783339,0.2488223,0.8806822,0.8626877,0.8322554,0.8855372,0.9647911
1770201638.5024,0.8909690380096436,0.9031974673271179,0.1745944768190384,0.3388973,0.1362891,0.21759108,0.11011079,0.19711168,0.9372719,0.8760006,0.84654635,0.8980977,0.958071
1770201638.5505,0.8824240565299988,0.8532776832580566,0.16485808789730072,0.19688986,0.19156964,0.3142418,0.14338727,0.1539115,0.9344614,0.8646246,0.6787414,0.8314206,0.95714027
1770201638.6287,0.9106521010398865,0.9350481033325195,0.14692199230194092,0.16668132,0.20897868,0.25758377,0.19735458,0.16940166,0.94981766,0.9451944,0.8980125,0.9141489,0.9680673
1770201638.7297,0.8798831105232239,0.9031974673271179,0.12984921038150787,0.142765,0.14996843,0.34708866,0.17405884,0.18611905,0.9372719,0.8760006,0.84654635,0.8980977,0.958071
1770201638.7675,0.8862370848655701,0.9068833589553833,0.12330424785614014,0.23870572,0.16425736,0.300287,0.1485044,0.14824551,0.9501264,0.8156558,0.863045,0.9376756,0.9679138
1770201638.8981,0.882411003112793,0.9068833589553833,0.10021652281284332,0.20377725,0.17848922,0.32033503,0.16060324,0.13679528,0.9501264,0.8156558,0.863045,0.9376756,0.9679138
1770201638.9424,0.853071928024292,0.9251317977905273,0.09572460502386093,0.14914246,0.16356982,0.30030522,0.25359142,0.13339107,0.9348253,0.89867973,0.8604099,0.9752519,0.95649225
1770201639.0487,0.8233532309532166,0.9251317977905273,0.1039917916059494,0.12471884,0.242238,0.3195657,0.19482195,0.1186555,0.9348253,0.89867973,0.8604099,0.9752519,0.95649225
1770201639.1455,0.8624147176742554,0.8851906657218933,0.13780346512794495,0.17514084,0.21130948,0.26039618,0.21282393,0.14032961,0.8806822,0.8626877,0.8322554,0.8855372,0.9647911
1770201639.2530,0.8269749283790588,0.8532776832580566,0.19454579055309296,0.12238821,0.23320629,0.28357354,0.25546575,0.10536623,0.9344614,0.8646246,0.6787414,0.8314206,0.95714027
1770201639.3484,0.872986912727356,0.9138681292533875,0.2318359911441803,0.12082412,0.22803119,0.29211873,0.22063877,0.13838723,0.9336529,0.87833667,0.83699155,0.9643965,0.95596313
1770201639.4830,0.8635685443878174,0.8851906657218933,0.24605076014995575,0.17231414,0.28373262,0.17817914,0.22124347,0.1445306,0.8806822,0.8626877,0.8322554,0.8855372,0.9647911
1770201639.5434,0.8458701968193054,0.9173080325126648,0.24819402396678925,0.1499508,0.21019435,0.25046512,0.2557074,0.13368231,0.9447911,0.8752594,0.8210922,0.9807523,0.96464545
1770201639.6467,0.7838252186775208,0.9138681292533875,0.2577258050441742,0.1517628,0.3243666,0.29367638,0.1587361,0.07145815,0.9336529,0.87833667,0.83699155,0.9643965,0.95596313
1770201639.7357,0.8385258913040161,0.8851332068443298,0.2811775207519531,0.13042937,0.33994508,0.1876079,0.2111925,0.13082518,0.8851332,0.8851332,0.8851332,0.8851332,0.8851332
1770201639.8495,0.8561618328094482,0.8532776832580566,0.3368678390979767,0.15153667,0.2390545,0.29368553,0.19863182,0.1170915,0.9344614,0.8646246,0.6787414,0.8314206,0.95714027
1770201639.9275,0.8444002866744995,0.8851332068443298,0.38136494159698486,0.20839491,0.24154548,0.22767726,0.15648496,0.16589746,0.79058325,0.808418,0.9706942,0.88689613,0.9690745
1770201640.1007,0.8170585632324219,0.9138681292533875,0.46549874544143677,0.1827797,0.26011464,0.23543991,0.16808173,0.15358406,0.9336529,0.87833667,0.83699155,0.9643965,0.95596313
1770201640.1667,0.7930349707603455,0.9031974673271179,0.46443846821784973,0.14539663,0.29786512,0.21792442,0.18781047,0.15100339,0.9372719,0.8760006,0.84654635,0.8980977,0.958071
1770201640.2841,0.8006130456924438,0.8851906657218933,0.4325369894504547,0.13544767,0.27807346,0.27844855,0.15683748,0.15119281,0.8806822,0.8626877,0.8322554,0.8855372,0.9647911
1770201640.3343,0.8354458808898926,0.8851332068443298,0.4188358783721924,0.15082869,0.27664828,0.2177467,0.1784203,0.17635596,0.79058325,0.808418,0.9706942,0.88689613,0.9690745
1770201640.4604,0.8271054625511169,0.8757824301719666,0.377817839384079,0.15794638,0.25079048,0.26473388,0.18098721,0.14554207,0.8146487,0.8228289,0.9200185,0.8687917,0.95262414
1770201640.5221,0.8368408679962158,0.8757824301719666,0.36291855573654175,0.16322955,0.20343925,0.23775624,0.20585561,0.18971932,0.8146487,0.8228289,0.9200185,0.8687917,0.95262414
1770201640.6920,0.8466521501541138,0.9068833589553833,0.28308582305908203,0.2515287,0.18911177,0.20675394,0.113437764,0.23916782,0.9501264,0.8156558,0.863045,0.9376756,0.9679138
1770201640.7367,0.800434947013855,0.9138681292533875,0.24986697733402252,0.18828152,0.24032398,0.27133447,0.14311743,0.15694255,0.9336529,0.87833667,0.83699155,0.9643965,0.95596313
1770201640.8538,0.7701631784439087,0.9042374491691589,0.24890552461147308,0.19241983,0.20762104,0.2063684,0.18207027,0.21152045,0.92764914,0.81407714,0.83016324,0.98665327,0.96264446
1770201640.9316,0.8466349840164185,0.8851906657218933,0.2913206219673157,0.22110027,0.22662771,0.2214579,0.14138938,0.18942466,0.8806822,0.8626877,0.8322554,0.8855372,0.9647911
1770201641.0689,0.8134710788726807,0.8851906657218933,0.38473716378211975,0.15152375,0.28848952,0.25516462,0.13401029,0.17081183,0.8806822,0.8626877,0.8322554,0.8855372,0.9647911
1770201641.1629,0.8514754772186279,0.8851906657218933,0.43636858463287354,0.23753609,0.23219912,0.21244739,0.13982755,0.17798993,0.8806822,0.8626877,0.8322554,0.8855372,0.9647911
1770201641.2543,0.8281751275062561,0.8757824301719666,0.5646361708641052,0.26753545,0.22147898,0.20852382,0.12590261,0.17655908,0.8146487,0.8228289,0.9200185,0.8687917,0.95262414
1770201641.3418,0.7868614196777344,0.9000792503356934,0.7985233664512634,0.2374463,0.21783729,0.18095674,0.1648927,0.19886693,0.8332852,0.8574145,0.92376566,0.9312803,0.9546506
1770201641.4856,0.8607980608940125,0.8851906657218933,1.0,0.23123898,0.21838355,0.24067804,0.17677619,0.1329233,0.8806822,0.8626877,0.8322554,0.8855372,0.9647911
1770201641.5239,0.8461133241653442,0.8944725394248962,1.0,0.2255554,0.28013232,0.22663292,0.14130646,0.12637298,0.87399006,0.82807446,0.8212269,0.9860334,0.963038
1770201641.7041,0.8421967029571533,0.8880301713943481,1.0,0.26682347,0.25273204,0.207446,0.13296054,0.14003794,0.88692033,0.79904246,0.82679343,0.9698981,0.9574964
1770201641.7775,0.802641749382019,0.8880301713943481,0.780092716217041,0.2567453,0.21101296,0.16690284,0.173506,0.19183289,0.88692033,0.79904246,0.82679343,0.9698981,0.9574964
1770201641.8760,0.8042151927947998,0.8880301713943481,0.45820140838623047,0.2517987,0.21223976,0.16931136,0.17788832,0.18876186,0.88692033,0.79904246,0.82679343,0.9698981,0.9574964
1770201641.9240,0.8472803831100464,0.8880301713943481,0.3680180311203003,0.19520734,0.1884759,0.18743825,0.23109633,0.19778223,0.88692033,0.79904246,0.82679343,0.9698981,0.9574964
1770201642.0777,0.8485695123672485,0.9068833589553833,0.3269738554954529,0.29056066,0.24170668,0.18053184,0.15328982,0.13391103,0.9501264,0.8156558,0.863045,0.9376756,0.9679138
1770201642.1607,0.8593118786811829,0.8851906657218933,0.38420456647872925,0.22415532,0.22437076,0.21863681,0.18662362,0.14621346,0.8806822,0.8626877,0.8322554,0.8855372,0.9647911
1770201642.2945,0.8168472051620483,0.8879985809326172,0.5253511667251587,0.2048947,0.30837005,0.2346919,0.14056453,0.111478806,0.8477485,0.801409,0.8551003,0.97878975,0.9569457
1770201642.3506,0.8338735103607178,0.9042374491691589,0.5731104612350464,0.19406158,0.22635935,0.26950088,0.15053473,0.15954344,0.92764914,0.81407714,0.83016324,0.98665327,0.96264446
1770201642.4999,0.829054594039917,0.9031974673271179,0.5636388659477234,0.19536929,0.23091194,0.21855947,0.21634941,0.13880979,0.9372719,0.8760006,0.84654635,0.8980977,0.958071
1770201642.5509,0.8154616355895996,0.8879985809326172,0.5386051535606384,0.20548105,0.28368288,0.23703793,0.14208761,0.13171051,0.8477485,0.801409,0.8551003,0.97878975,0.9569457
1770201642.6640,0.8803635239601135,0.9350481033325195,0.41533857583999634,0.20538282,0.15804891,0.22001016,0.24209496,0.17446318,0.94981766,0.9451944,0.8980125,0.9141489,0.9680673
1770201642.7550,0.8393588662147522,0.8940297365188599,0.37682515382766724,0.182551,0.21706507,0.19037955,0.21968314,0.19032127,0.92179424,0.8126786,0.7901014,0.98866093,0.9569134
1770201642.8716,0.7982581257820129,0.8587128520011902,0.39762982726097107,0.22098607,0.2614035,0.17525218,0.16708985,0.1752684,0.82611614,0.8427705,0.8120534,0.8688691,0.9437552
1770201642.9539,0.8009914755821228,0.8532776832580566,0.4069896936416626,0.2185607,0.22801419,0.25066817,0.17089371,0.13186322,0.9344614,0.8646246,0.6787414,0.8314206,0.95714027
1770201643.0569,0.8040339350700378,0.8532776832580566,0.4021459221839905,0.22506371,0.22207154,0.2464796,0.16996673,0.13641845,0.9344614,0.8646246,0.6787414,0.8314206,0.95714027
1770201643.1287,0.8272355794906616,0.873396098613739,0.4015587866306305,0.18791363,0.21405861,0.2816111,0.19224343,0.124173194,0.932612,0.8609812,0.71574354,0.9022834,0.95536005
1770201643.2618,0.900875449180603,0.9350481033325195,0.41886478662490845,0.1970046,0.21864729,0.22400406,0.19585042,0.16449371,0.94981766,0.9451944,0.8980125,0.9141489,0.9680673
1770201643.3658,0.8244210481643677,0.8987762331962585,0.4235820174217224,0.23670597,0.22205466,0.22100672,0.1785976,0.14163502,0.8897907,0.7878757,0.9029032,0.96330786,0.9500036
1770201643.4516,0.861522912979126,0.8851332068443298,0.4182131588459015,0.2853558,0.19049554,0.20058967,0.12707162,0.19648735,0.79058325,0.808418,0.9706942,0.88689613,0.9690745
1770201643.6021,0.863674521446228,0.8851906657218933,0.44798392057418823,0.19717412,0.17775895,0.26530248,0.1565564,0.20320809,0.8806822,0.8626877,0.8322554,0.8855372,0.9647911
1770201643.7361,0.8209130167961121,0.8587128520011902,0.5769752860069275,0.23890537,0.2549927,0.1764171,0.15105924,0.17862564,0.82611614,0.8427705,0.8120534,0.8688691,0.9437552
1770201643.8296,0.8612316846847534,0.9173080325126648,0.6839449405670166,0.1842137,0.15509857,0.32178545,0.15331852,0.18558381,0.9447911,0.8752594,0.8210922,0.9807523,0.96464545
1770201643.9440,0.8475332260131836,0.8950117230415344,0.7860446572303772,0.3159339,0.20366435,0.14807841,0.1486195,0.18370384,0.8950117,0.8950117,0.8950117,0.8950117,0.8950117
1770201644.0662,0.858130693435669,0.8851906657218933,0.8230680823326111,0.17873158,0.1744092,0.29664618,0.14779781,0.20241529,0.8806822,0.8626877,0.8322554,0.8855372,0.9647911
1770201644.1903,0.828228235244751,0.8880301713943481,0.7378813624382019,0.18187773,0.24531575,0.2911734,0.13335651,0.14827666,0.88692033,0.79904246,0.82679343,0.9698981,0.9574964
1770201644.2736,0.827841579914093,0.9014150500297546,0.6145625710487366,0.25425786,0.16930605,0.20425704,0.1651864,0.20699267,0.90141505,0.90141505,0.90141505,0.90141505,0.90141505
1770201644.3394,0.8354578018188477,0.8851906657218933,0.5433951020240784,0.15730558,0.2094986,0.2912972,0.16655885,0.17533977,0.8806822,0.8626877,0.8322554,0.8855372,0.9647911
1770201644.3949,0.7974536418914795,0.8532776832580566,0.5046189427375793,0.20165697,0.20978504,0.2888946,0.1533799,0.14628349,0.9344614,0.8646246,0.6787414,0.8314206,0.95714027
1770201644.5183,0.8456931114196777,0.9068833589553833,0.5320535898208618,0.2311066,0.23352832,0.23180474,0.1322579,0.17130244,0.9501264,0.8156558,0.863045,0.9376756,0.9679138
1770201644.6690,0.85676109790802,0.9068833589553833,0.6496971249580383,0.23161966,0.22672284,0.22161223,0.10992175,0.21012348,0.9501264,0.8156558,0.863045,0.9376756,0.9679138
1770201644.7538,0.8345569372177124,0.873396098613739,0.67542964220047,0.18317932,0.21377583,0.3012729,0.17757055,0.12420139,0.932612,0.8609812,0.71574354,0.9022834,0.95536005
1770201644.8679,0.8119716644287109,0.9226114153862,0.6852127909660339,0.17675702,0.30948016,0.2401447,0.13308515,0.14053297,0.92190015,0.81698346,0.95972556,0.96643305,0.94801474
1770201644.9671,0.829541802406311,0.8987762331962585,0.7126533389091492,0.25864112,0.25146082,0.17206593,0.13685448,0.18097761,0.8897907,0.7878757,0.9029032,0.96330786,0.9500036
1770201645.0834,0.8378419876098633,0.873396098613739,0.8466576337814331,0.17646304,0.22421817,0.2881317,0.19594239,0.11524474,0.932612,0.8609812,0.71574354,0.9022834,0.95536005
1770201645.1927,0.8191641569137573,0.9226114153862,0.9188466668128967,0.1735814,0.32182708,0.22060321,0.15041794,0.13357033,0.92190015,0.81698346,0.95972556,0.96643305,0.94801474
1770201645.3037,0.8747975826263428,0.8851332068443298,0.9188466668128967,0.2729136,0.24214011,0.15635419,0.16234499,0.16624711,0.79058325,0.808418,0.9706942,0.88689613,0.9690745
1770201645.4467,0.8889262080192566,0.9204042553901672,0.9829882383346558,0.17625503,0.1660866,0.26029718,0.24746671,0.1498945,0.95166886,0.9393919,0.9177601,0.82295007,0.97025025
1770201645.5651,0.8571798801422119,0.9068833589553833,0.9824060797691345,0.20624138,0.26425844,0.19973283,0.14467242,0.1850949,0.9501264,0.8156558,0.863045,0.9376756,0.9679138
1770201645.6633,0.8675879240036011,0.8851906657218933,0.8667142987251282,0.16569236,0.24802786,0.24256897,0.19306426,0.15064654,0.8806822,0.8626877,0.8322554,0.8855372,0.9647911
1770201645.8165,0.8684793710708618,0.8851906657218933,0.5910079479217529,0.16037917,0.25166163,0.2437617,0.19425629,0.1499412,0.8806822,0.8626877,0.8322554,0.8855372,0.9647911
1770201645.9354,0.8417820334434509,0.8880301713943481,0.40913259983062744,0.16555701,0.3046557,0.22299188,0.1693259,0.13746956,0.88692033,0.79904246,0.82679343,0.9698981,0.9574964
1770201646.0251,0.8370428085327148,0.8831645846366882,0.300488144159317,0.13612321,0.26976088,0.25847155,0.19037154,0.14527288,0.8812099,0.7854421,0.8663157,0.9338431,0.949012
1770201646.1150,0.8396173715591431,0.8851906657218933,0.2160431295633316,0.1554941,0.28131992,0.24032384,0.19139531,0.13146687,0.8806822,0.8626877,0.8322554,0.8855372,0.9647911
1770201646.2452,0.8789808750152588,0.9173080325126648,0.18064390122890472,0.15087707,0.23346266,0.27013713,0.19457845,0.15094468,0.9447911,0.8752594,0.8210922,0.9807523,0.96464545
1770201646.4282,0.8211827278137207,0.8918272256851196,0.2883036732673645,0.19154403,0.31367478,0.17821486,0.14712697,0.16943935,0.8699688,0.81540143,0.83344376,0.9976986,0.9426235
1770201646.5158,0.8699164986610413,0.8831645846366882,0.35415706038475037,0.14021592,0.23069341,0.24297442,0.21710381,0.16901246,0.8812099,0.7854421,0.8663157,0.9338431,0.949012
1770201646.5975,0.8946951627731323,0.9350481033325195,0.4419010877609253,0.13852723,0.27139676,0.25043935,0.19112527,0.1485114,0.94981766,0.9451944,0.8980125,0.9141489,0.9680673
1770201646.6904,0.8312005996704102,0.8951865434646606,0.5722653269767761,0.1507002,0.3017729,0.23549096,0.15751486,0.15452115,0.9157974,0.82799536,0.8249205,0.9644985,0.94272083
1770201646.7534,0.8678166270256042,0.8851332068443298,0.6352447867393494,0.21991657,0.25987738,0.18531288,0.1559191,0.17897408,0.79058325,0.808418,0.9706942,0.88689613,0.9690745
1770201646.8588,0.811080813407898,0.8879985809326172,0.6519289016723633,0.162425,0.27603397,0.29674596,0.1261161,0.13867901,0.8477485,0.801409,0.8551003,0.97878975,0.9569457
1770201646.9239,0.7999337911605835,0.8808689117431641,0.6340042352676392,0.21582492,0.22505817,0.2542241,0.19430302,0.11058979,0.8797214,0.8267178,0.81086427,0.94884866,0.9381926
1770201647.0112,0.8273033499717712,0.9014150500297546,0.5787263512611389,0.20760915,0.2391824,0.2268618,0.16822004,0.1581266,0.9182613,0.8072031,0.85222244,0.9848237,0.9445646
1770201647.1100,0.8359429240226746,0.8851906657218933,0.5200093388557434,0.15823436,0.24743119,0.25969875,0.18094276,0.15369298,0.8806822,0.8626877,0.8322554,0.8855372,0.9647911
1770201647.2276,0.8342894315719604,0.8951865434646606,0.5321959853172302,0.20943967,0.28062317,0.17785901,0.13082735,0.20125079,0.9157974,0.82799536,0.8249205,0.9644985,0.94272083
1770201647.3558,0.8175595998764038,0.8851906657218933,0.5694793462753296,0.18032743,0.25914833,0.25434166,0.16241138,0.14377119,0.8806822,0.8626877,0.8322554,0.8855372,0.9647911
1770201647.4926,0.837395429611206,0.8924164772033691,0.5944554209709167,0.18235911,0.24574889,0.23372032,0.1774924,0.1606793,0.91283333,0.8234249,0.86806744,0.917532,0.94022465
1770201647.6115,0.8313621878623962,0.9226114153862,0.5902987122535706,0.22236073,0.23195428,0.2321376,0.14763224,0.16591512,0.92190015,0.81698346,0.95972556,0.96643305,0.94801474
1770201647.7396,0.8130831718444824,0.8918272256851196,0.538221001625061,0.22264743,0.27183124,0.19265519,0.13968468,0.1731815,0.8699688,0.81540143,0.83344376,0.9976986,0.9426235
1770201647.8335,0.8001100420951843,0.9062773585319519,0.500752866268158,0.2951986,0.18863662,0.18503548,0.15913717,0.17199217,0.90351295,0.85818154,0.8565655,0.97817343,0.93495333
1770201647.9580,0.8459399938583374,0.8831645846366882,0.46397578716278076,0.15768833,0.2062173,0.2758228,0.19218236,0.16808924,0.8812099,0.7854421,0.8663157,0.9338431,0.949012
1770201648.1339,0.8371241092681885,0.8924164772033691,0.5027446746826172,0.18530267,0.24574685,0.24220549,0.16605352,0.16069151,0.91283333,0.8234249,0.86806744,0.917532,0.94022465
1770201648.2086,0.8264146447181702,0.9138681292533875,0.4996967911720276,0.2463665,0.1892549,0.20892966,0.18366487,0.17178416,0.9336529,0.87833667,0.83699155,0.9643965,0.95596313
1770201648.3193,0.8367282152175903,0.9068833589553833,0.4536904990673065,0.21609399,0.23359197,0.23121749,0.14050883,0.17858768,0.9501264,0.8156558,0.863045,0.9376756,0.9679138
1770201648.5121,0.8394419550895691,0.9068833589553833,0.31747058033943176,0.22057818,0.23740347,0.22452512,0.13655387,0.18093936,0.9501264,0.8156558,0.863045,0.9376756,0.9679138
1770201648.6231,0.8438078761100769,0.8831645846366882,0.29969409108161926,0.21678324,0.26565993,0.22739324,0.13361782,0.15654573,0.8812099,0.7854421,0.8663157,0.9338431,0.949012
1770201648.7495,0.8168526291847229,0.8711115121841431,0.3984490931034088,0.28974044,0.210969,0.1836839,0.13698219,0.17862445,0.9140289,0.810269,0.77184385,0.91793966,0.94147617
1770201648.8769,0.8339014053344727,0.9226114153862,0.4635902941226959,0.21663384,0.27449608,0.22269075,0.11123555,0.17494382,0.92190015,0.81698346,0.95972556,0.96643305,0.94801474
1770201649.0119,0.8609484434127808,0.8831645846366882,0.3856242895126343,0.20921466,0.2709764,0.19989128,0.14714897,0.17276873,0.8812099,0.7854421,0.8663157,0.9338431,0.949012
1770201649.0863,0.8328971266746521,0.9042374491691589,0.324336975812912,0.19737825,0.2694378,0.22643349,0.11801183,0.18873866,0.92764914,0.81407714,0.83016324,0.98665327,0.96264446
1770201649.2025,0.8496952652931213,0.9062773585319519,0.2844237685203552,0.22173111,0.23027864,0.19232875,0.16576383,0.18989772,0.90351295,0.85818154,0.8565655,0.97817343,0.93495333
1770201649.3127,0.8555413484573364,0.8639399409294128,0.2683253586292267,0.17803776,0.27272034,0.24072254,0.17675927,0.13176012,0.78437763,0.81282765,0.90768504,0.87250745,0.94230187
1770201649.4328,0.8331204056739807,0.8951865434646606,0.2747232913970947,0.19355528,0.32558694,0.16281559,0.12159313,0.1964491,0.9157974,0.82799536,0.8249205,0.9644985,0.94272083
1770201649.5149,0.8267804384231567,0.8987762331962585,0.2906167507171631,0.18562275,0.29286966,0.20813963,0.13685429,0.17651369,0.8897907,0.7878757,0.9029032,0.96330786,0.9500036
1770201649.6308,0.857077956199646,0.9068833589553833,0.3296394646167755,0.19540264,0.26720136,0.19704388,0.13851933,0.2018328,0.9501264,0.8156558,0.863045,0.9376756,0.9679138
1770201649.7789,0.8050780296325684,0.9013559222221375,0.3815511465072632,0.217897,0.24087606,0.21431868,0.16203773,0.16487055,0.92293346,0.77084816,0.91638637,0.9487156,0.94789594
1770201649.9061,0.8261992335319519,0.8879985809326172,0.38366812467575073,0.165771,0.28564894,0.26806226,0.14167511,0.13884266,0.8477485,0.801409,0.8551003,0.97878975,0.9569457
1770201650.0013,0.8452216982841492,0.8951865434646606,0.36230555176734924,0.19627781,0.29576328,0.16859086,0.15242693,0.18694116,0.9157974,0.82799536,0.8249205,0.9644985,0.94272083
1770201650.0930,0.8574167490005493,0.8851332068443298,0.32896992564201355,0.2417388,0.23071113,0.18646322,0.16599204,0.17509481,0.79058325,0.808418,0.9706942,0.88689613,0.9690745
1770201650.2157,0.8568128943443298,0.9068833589553833,0.27399149537086487,0.20739917,0.25235185,0.19496211,0.14998436,0.19530246,0.9501264,0.8156558,0.863045,0.9376756,0.9679138
1770201650.3932,0.8582086563110352,0.8851906657218933,0.192531019449234,0.21205221,0.22606646,0.1964838,0.2001143,0.16528323,0.8806822,0.8626877,0.8322554,0.8855372,0.9647911
1770201650.4708,0.8174386024475098,0.8587128520011902,0.17416134476661682,0.19827513,0.278186,0.20520702,0.14452295,0.17380886,0.82611614,0.8427705,0.8120534,0.8688691,0.9437552
1770201650.6185,0.8364524841308594,0.9013559222221375,0.20052915811538696,0.25485966,0.24871805,0.16146708,0.15842028,0.17653498,0.92293346,0.77084816,0.91638637,0.9487156,0.94789594
1770201650.6813,0.8428173065185547,0.9042374491691589,0.22847987711429596,0.23265631,0.24493869,0.1946525,0.14480272,0.18294977,0.92764914,0.81407714,0.83016324,0.98665327,0.96264446
1770201650.8125,0.8300043940544128,0.9138681292533875,0.2836793065071106,0.26941913,0.19856814,0.16662534,0.19429237,0.17109503,0.9336529,0.87833667,0.83699155,0.9643965,0.95596313
1770201650.9197,0.8379603028297424,0.8851906657218933,0.4079223573207855,0.19837609,0.24665673,0.21194674,0.17770477,0.16531563,0.8806822,0.8626877,0.8322554,0.8855372,0.9647911
1770201650.9740,0.8360270261764526,0.8880301713943481,0.43879178166389465,0.20309663,0.24049053,0.2263708,0.13740757,0.19263452,0.88692033,0.79904246,0.82679343,0.9698981,0.9574964
1770201651.0848,0.8266002535820007,0.9042374491691589,0.44687798619270325,0.22207396,0.25935954,0.20302378,0.13494807,0.18059465,0.92764914,0.81407714,0.83016324,0.98665327,0.96264446
1770201651.2179,0.8120639324188232,0.8880301713943481,0.4802378714084625,0.18847345,0.29202026,0.23575881,0.13618702,0.14756045,0.88692033,0.79904246,0.82679343,0.9698981,0.9574964
1770201651.3368,0.8214861750602722,0.9042374491691589,0.6044679880142212,0.21270548,0.2648379,0.20891064,0.1359899,0.1775561,0.92764914,0.81407714,0.83016324,0.98665327,0.96264446
1770201651.4231,0.8362582921981812,0.902704656124115,0.6766937375068665,0.18909118,0.24151394,0.29406026,0.15362687,0.121707685,0.9438325,0.811413,0.8561166,0.93531644,0.9668443
1770201651.5532,0.8011230826377869,0.889599621295929,0.6960436105728149,0.22120194,0.20875765,0.25747404,0.17018016,0.14238623,0.85485655,0.8125097,0.90886414,0.9302074,0.94156057
1770201651.6559,0.8411758542060852,0.8887330889701843,0.680188775062561,0.20567554,0.24153422,0.22650552,0.16673529,0.15954944,0.888733,0.888733,0.888733,0.888733,0.888733
1770201651.8022,0.8445267081260681,0.8882972598075867,0.6914124488830566,0.18708888,0.24736464,0.234963,0.18200922,0.1485742,0.82404894,0.79592645,0.89959997,0.97584754,0.94606364
1770201651.9359,0.8455122113227844,0.902704656124115,0.6563575863838196,0.19310048,0.22804281,0.25718504,0.18402512,0.13764651,0.9438325,0.811413,0.8561166,0.93531644,0.9668443
1770201652.0180,0.8255643844604492,0.8987762331962585,0.620665967464447,0.2096224,0.2601898,0.20242035,0.14846717,0.17930023,0.8897907,0.7878757,0.9029032,0.96330786,0.9500036
1770201652.1050,0.863092303276062,0.8851332068443298,0.5771673917770386,0.2391724,0.24632134,0.1739112,0.16541329,0.17518176,0.79058325,0.808418,0.9706942,0.88689613,0.9690745
1770201652.2041,0.8604705333709717,0.9204042553901672,0.5413239002227783,0.16269752,0.18294428,0.28870043,0.21540682,0.15025096,0.95166886,0.9393919,0.9177601,0.82295007,0.97025025
1770201652.3180,0.8495150208473206,0.9068833589553833,0.5581640601158142,0.20016193,0.25521466,0.20033813,0.13872142,0.20556386,0.9501264,0.8156558,0.863045,0.9376756,0.9679138
1770201652.4051,0.8368592262268066,0.9014150500297546,0.5415555834770203,0.20759732,0.2646449,0.21249624,0.15133634,0.16392523,0.9182613,0.8072031,0.85222244,0.9848237,0.9445646
1770201652.5452,0.8237213492393494,0.8869426846504211,0.4999147355556488,0.18819176,0.25697535,0.264492,0.13316132,0.15717956,0.89670366,0.7903961,0.8069888,0.9997211,0.940904
1770201652.6505,0.8203682899475098,0.8869426846504211,0.520140528678894,0.18342435,0.2635879,0.26770177,0.13051736,0.15476865,0.89670366,0.7903961,0.8069888,0.9997211,0.940904
1770201652.7943,0.7952516078948975,0.8815731406211853,0.600651204586029,0.17750338,0.27057016,0.25314152,0.12671931,0.17206563,0.77097845,0.8312186,0.91329855,0.95294577,0.9394244
1770201652.9789,0.8461992740631104,0.8924164772033691,0.9885963201522827,0.16716693,0.26472422,0.22629873,0.18580806,0.15600207,0.91283333,0.8234249,0.86806744,0.917532,0.94022465
1770201653.0842,0.8179072737693787,0.8587128520011902,1.0,0.18471538,0.2737485,0.21591352,0.15790142,0.16772115,0.82611614,0.8427705,0.8120534,0.8688691,0.9437552
1770201653.2140,0.8190523386001587,0.8879985809326172,1.0,0.16652173,0.2846827,0.2694782,0.13893145,0.14038594,0.8477485,0.801409,0.8551003,0.97878975,0.9569457
1770201653.3464,0.8572610020637512,0.9204042553901672,0.8248503804206848,0.15057573,0.19267534,0.30080134,0.221595,0.13435258,0.95166886,0.9393919,0.9177601,0.82295007,0.97025025
1770201653.4743,0.8328059911727905,0.8757824301719666,0.582270085811615,0.22040257,0.2503593,0.19650471,0.16945344,0.16328001,0.8146487,0.8228289,0.9200185,0.8687917,0.95262414
1770201653.5627,0.8356137871742249,0.8439401984214783,0.5596782565116882,0.1824212,0.244356,0.2628289,0.16802476,0.14236914,0.74891824,0.7940026,0.7982933,0.93404067,0.9444462
1770201653.6759,0.8492964506149292,0.8938021063804626,0.7598506212234497,0.20123665,0.28671074,0.20705071,0.1527991,0.15220276,0.9501192,0.8402907,0.7126004,0.9966744,0.96932596
1770201653.8245,0.8345323204994202,0.8987762331962585,0.8973491191864014,0.22922076,0.25025582,0.19497988,0.16479012,0.16075337,0.8897907,0.7878757,0.9029032,0.96330786,0.9500036
1770201653.8818,0.8320680260658264,0.9014150500297546,0.8014580011367798,0.22718942,0.25254977,0.21502872,0.16279207,0.14244004,0.9182613,0.8072031,0.85222244,0.9848237,0.9445646
1770201653.9816,0.82237309217453,0.8880301713943481,0.6160682439804077,0.20358114,0.25674903,0.24268633,0.16063479,0.13634871,0.88692033,0.79904246,0.82679343,0.9698981,0.9574964
1770201654.1388,0.8180332183837891,0.8879985809326172,0.508143424987793,0.2112859,0.24666706,0.26043826,0.14397633,0.13763243,0.8477485,0.801409,0.8551003,0.97878975,0.9569457
1770201654.2725,0.7992662787437439,0.8639399409294128,0.5750839710235596,0.2548778,0.22319205,0.21123116,0.14834306,0.16235591,0.78437763,0.81282765,0.90768504,0.87250745,0.94230187
1770201654.4069,0.8326761722564697,0.8743691444396973,0.5598794221878052,0.17690952,0.23496488,0.2958213,0.15965717,0.13264714,0.90813184,0.84346,0.8040249,0.8776184,0.9386105
1770201654.4865,0.8151149749755859,0.8918272256851196,0.4660898745059967,0.2602455,0.24052347,0.18876946,0.14920351,0.16125806,0.8699688,0.81540143,0.83344376,0.9976986,0.9426235
1770201654.5837,0.816773533821106,0.8880301713943481,0.38976994156837463,0.22402446,0.24535185,0.2423859,0.14657584,0.14166199,0.88692033,0.79904246,0.82679343,0.9698981,0.9574964
1770201654.7714,0.8712363839149475,0.9350481033325195,0.43845587968826294,0.2516794,0.17605422,0.2199753,0.19036105,0.16193004,0.94981766,0.9451944,0.8980125,0.9141489,0.9680673
1770201654.8443,0.784000039100647,0.8532776832580566,0.5415961742401123,0.1947749,0.17136434,0.3343196,0.16920401,0.1303372,0.9344614,0.8646246,0.6787414,0.8314206,0.95714027
1770201654.9823,0.8231687545776367,0.8808689117431641,0.7472824454307556,0.2643868,0.21357131,0.18864717,0.15531246,0.1780823,0.8797214,0.8267178,0.81086427,0.94884866,0.9381926
1770201655.0838,0.8159739971160889,0.8587128520011902,0.835234522819519,0.2383296,0.23577978,0.2064013,0.14736329,0.17212608,0.82611614,0.8427705,0.8120534,0.8688691,0.9437552
1770201655.2071,0.8320249319076538,0.8851906657218933,0.8845295310020447,0.25693336,0.19333564,0.23512068,0.16816528,0.14644499,0.8806822,0.8626877,0.8322554,0.8855372,0.9647911
1770201655.3329,0.8301854133605957,0.8987762331962585,0.8789523839950562,0.23804033,0.23854446,0.20391354,0.14579906,0.17370257,0.8897907,0.7878757,0.9029032,0.96330786,0.9500036
1770201655.4387,0.8234542012214661,0.8987762331962585,0.8186399936676025,0.22732712,0.2408659,0.21159898,0.14221896,0.1779891,0.8897907,0.7878757,0.9029032,0.96330786,0.9500036
1770201655.6098,0.8499314785003662,0.9173080325126648,0.7318865656852722,0.18856362,0.2152207,0.27153096,0.16341887,0.16126585,0.9447911,0.8752594,0.8210922,0.9807523,0.96464545
1770201655.7120,0.8415567278862,0.8880301713943481,0.7529128789901733,0.20071338,0.23171933,0.23172705,0.14842354,0.18741675,0.88692033,0.79904246,0.82679343,0.9698981,0.9574964
1770201655.7610,0.8179584741592407,0.889599621295929,0.7992438077926636,0.2544489,0.22967556,0.18674822,0.14228669,0.18684062,0.85485655,0.8125097,0.90886414,0.9302074,0.94156057
1770201655.9051,0.8142827749252319,0.8598331809043884,0.9561541080474854,0.18646142,0.24696271,0.27328178,0.13341756,0.15987656,0.9037756,0.83501995,0.6727162,0.954379,0.9332752
1770201656.0442,0.8341777920722961,0.8887330889701843,0.8758276104927063,0.17307357,0.2477669,0.2974235,0.14480062,0.13693541,0.83966076,0.7927855,0.8754811,0.9847948,0.9509428
1770201656.1441,0.8286004066467285,0.8598331809043884,0.7210275530815125,0.18897383,0.24296796,0.2708664,0.13571644,0.16147542,0.9037756,0.83501995,0.6727162,0.954379,0.9332752
1770201656.2666,0.839257001876831,0.8627201914787292,0.514071524143219,0.17849924,0.25996307,0.2413219,0.17308,0.14713572,0.7966463,0.7999778,0.8650982,0.90828776,0.9435909
1770201656.3652,0.8511227965354919,0.8831645846366882,0.5028306841850281,0.18751894,0.26680645,0.21087947,0.17328449,0.16151059,0.8812099,0.7854421,0.8663157,0.9338431,0.949012
1770201656.4589,0.8265305161476135,0.9062773585319519,0.5885376930236816,0.19980702,0.24283062,0.20438856,0.17332089,0.1796529,0.90351295,0.85818154,0.8565655,0.97817343,0.93495333
1770201656.5939,0.819038987159729,0.8808689117431641,0.6932680606842041,0.16268922,0.26421326,0.22253686,0.18569347,0.16486718,0.8797214,0.8267178,0.81086427,0.94884866,0.9381926
1770201656.6880,0.8158363699913025,0.8598331809043884,0.6901878714561462,0.17656688,0.2502257,0.27557862,0.14601296,0.15161577,0.9037756,0.83501995,0.6727162,0.954379,0.9332752
1770201656.8617,0.8313561677932739,0.8987762331962585,0.5320534110069275,0.1948114,0.26239556,0.2083238,0.16721031,0.16725892,0.8897907,0.7878757,0.9029032,0.96330786,0.9500036
1770201656.9666,0.8490495085716248,0.8864008188247681,0.42060673236846924,0.14800477,0.2421109,0.265256,0.19950978,0.14511853,0.9069398,0.8621765,0.8077676,0.9197936,0.93532634
1770201657.0851,0.8168082237243652,0.8851906657218933,0.3990021347999573,0.19125666,0.24737024,0.22134234,0.18466325,0.1553675,0.8806822,0.8626877,0.8322554,0.8855372,0.9647911
1770201657.2378,0.8437216281890869,0.8851906657218933,0.47407665848731995,0.19945419,0.21334307,0.2211909,0.214481,0.15153082,0.8806822,0.8626877,0.8322554,0.8855372,0.9647911
1770201657.3535,0.8472133874893188,0.8751577734947205,0.5077338218688965,0.182722,0.26292318,0.23423538,0.16945526,0.15066421,0.8751578,0.8751578,0.8751578,0.8751578,0.8751578
1770201657.4794,0.8268870115280151,0.9138681292533875,0.44652077555656433,0.21663222,0.21125776,0.20115928,0.20872746,0.16222326,0.9336529,0.87833667,0.83699155,0.9643965,0.95596313
1770201657.5691,0.8386658430099487,0.8917686343193054,0.38700219988822937,0.18169722,0.23194036,0.2648945,0.17229563,0.14917232,0.8116442,0.8575231,0.89890873,0.95711654,0.93365073
1770201657.6295,0.8519201278686523,0.8851906657218933,0.36317121982574463,0.20851068,0.21475203,0.21442628,0.19295965,0.16935141,0.8806822,0.8626877,0.8322554,0.8855372,0.9647911
1770201657.7266,0.8442867994308472,0.9226114153862,0.40163367986679077,0.22226341,0.23675846,0.22122093,0.15331908,0.16643815,0.92190015,0.81698346,0.95972556,0.96643305,0.94801474
1770201657.8529,0.8384374380111694,0.8751577734947205,0.6006054878234863,0.18165113,0.23862179,0.27297667,0.15559447,0.15115596,0.90520185,0.8289958,0.83722764,0.86989534,0.9344681
1770201657.9096,0.8387358784675598,0.8627201914787292,0.7268171310424805,0.20463422,0.23116943,0.25038344,0.164216,0.14959688,0.7966463,0.7999778,0.8650982,0.90828776,0.9435909
1770201658.0231,0.8380517959594727,0.8751577734947205,0.9254167675971985,0.18262738,0.23601855,0.28055063,0.14940378,0.15139966,0.90520185,0.8289958,0.83722764,0.86989534,0.9344681
1770201658.2039,0.8829060196876526,0.9350481033325195,0.8914495706558228,0.19849382,0.21665455,0.2649853,0.16285571,0.15701061,0.94981766,0.9451944,0.8980125,0.9141489,0.9680673
1770201658.3375,0.8003712892532349,0.8598331809043884,0.6502388119697571,0.1797022,0.2172928,0.30566457,0.1495967,0.14774373,0.9037756,0.83501995,0.6727162,0.954379,0.9332752
1770201658.4279,0.813372790813446,0.8887330889701843,0.487103134393692,0.18242517,0.22771059,0.31749567,0.14013697,0.13223161,0.83966076,0.7927855,0.8754811,0.9847948,0.9509428
1770201658.5440,0.8282725811004639,0.889599621295929,0.38006070256233215,0.25768915,0.22762178,0.19238299,0.13855642,0.18374968,0.85485655,0.8125097,0.90886414,0.9302074,0.94156057
1770201658.6253,0.7895995378494263,0.8598331809043884,0.3557542562484741,0.18064152,0.23823372,0.30436477,0.13282993,0.14393005,0.9037756,0.83501995,0.6727162,0.954379,0.9332752
1770201658.7655,0.8519266247749329,0.8766016364097595,0.35152140259742737,0.19571027,0.22998676,0.2403623,0.16788347,0.16605723,0.90383,0.85116386,0.79325724,0.9001987,0.9345586
1770201659.0653,0.8408753871917725,0.889599621295929,0.3612346947193146,0.20330021,0.23167281,0.2475105,0.16929689,0.14821953,0.85485655,0.8125097,0.90886414,0.9302074,0.94156057
1770201659.1593,0.8400073051452637,0.9077682495117188,0.3716704249382019,0.1788796,0.26574814,0.2573212,0.14883819,0.14921284,0.9102454,0.87444603,0.82077014,0.9951598,0.9382201
1770201659.2875,0.8399432897567749,0.8627201914787292,0.37523606419563293,0.18095447,0.25785163,0.2535985,0.16387904,0.14371641,0.7966463,0.7999778,0.8650982,0.90828776,0.9435909
1770201659.3662,0.8324555158615112,0.9138681292533875,0.36885273456573486,0.20518567,0.22854403,0.21327557,0.19427757,0.15871722,0.9336529,0.87833667,0.83699155,0.9643965,0.95596313
1770201659.4932,0.8347403407096863,0.9138681292533875,0.3416775166988373,0.20542304,0.22798595,0.20929816,0.19751456,0.15977824,0.9336529,0.87833667,0.83699155,0.9643965,0.95596313
1770201659.6269,0.8513702750205994,0.9077682495117188,0.32126322388648987,0.16001014,0.26590395,0.26647788,0.15987793,0.14773013,0.9102454,0.87444603,0.82077014,0.9951598,0.9382201
1770201659.8226,0.8599595427513123,0.9226114153862,0.3785768151283264,0.17410162,0.24500513,0.2227614,0.1878055,0.17032637,0.92190015,0.81698346,0.95972556,0.96643305,0.94801474
1770201659.9097,0.8615347146987915,0.9068833589553833,0.3915296196937561,0.20875405,0.24503753,0.19824775,0.18013255,0.1678281,0.9501264,0.8156558,0.863045,0.9376756,0.9679138
1770201659.9723,0.818760871887207,0.9013559222221375,0.3963804543018341,0.2202177,0.25324893,0.18776047,0.15383472,0.18493813,0.92293346,0.77084816,0.91638637,0.9487156,0.94789594
1770201660.0895,0.8308758735656738,0.8587128520011902,0.4117255210876465,0.19755931,0.24224979,0.21461938,0.17053051,0.17504102,0.82611614,0.8427705,0.8120534,0.8688691,0.9437552
1770201660.2913,0.8547854423522949,0.8851906657218933,0.6045350432395935,0.20421113,0.22549893,0.20776138,0.19609928,0.16642925,0.8806822,0.8626877,0.8322554,0.8855372,0.9647911
1770201660.3567,0.8342679738998413,0.9013559222221375,0.6609882712364197,0.22922303,0.24070843,0.19224478,0.16573286,0.17209087,0.92293346,0.77084816,0.91638637,0.9487156,0.94789594
1770201660.7072,0.8360008001327515,0.8851906657218933,0.7487002611160278,0.21996425,0.20415778,0.23612684,0.19065563,0.14909543,0.8806822,0.8626877,0.8322554,0.8855372,0.9647911
1770201660.7791,0.8385399580001831,0.8864008188247681,0.7876251935958862,0.1714555,0.22294927,0.27172294,0.18899551,0.14487678,0.9069398,0.8621765,0.8077676,0.9197936,0.93532634
1770201661.3964,0.8392762541770935,0.9047664999961853,0.32701539993286133,0.19778004,0.24332045,0.24075428,0.16267379,0.15547143,0.90451247,0.8818089,0.859834,0.9424049,0.935272
1770201661.8231,0.7950625419616699,0.8619390726089478,0.45323678851127625,0.17314075,0.25636795,0.26881257,0.14789113,0.15378757,0.8966892,0.87203956,0.7293918,0.881765,0.9298097
1770201661.9115,0.8243939876556396,0.9013559222221375,0.4187454283237457,0.22506885,0.24668825,0.20681612,0.14998937,0.1714374,0.92293346,0.77084816,0.91638637,0.9487156,0.94789594
1770201662.0567,0.805832028388977,0.873396098613739,0.31563687324523926,0.19886518,0.21155368,0.25917336,0.18547332,0.14493446,0.932612,0.8609812,0.71574354,0.9022834,0.95536005
1770201662.6129,0.8290873765945435,0.8808689117431641,0.7233821749687195,0.23468548,0.23345974,0.19643787,0.15838276,0.17703417,0.8797214,0.8267178,0.81086427,0.94884866,0.9381926
1770201663.2007,0.8042151927947998,0.9013559222221375,0.6434852480888367,0.23864242,0.2533794,0.18885025,0.13782759,0.18130036,0.92293346,0.77084816,0.91638637,0.9487156,0.94789594
1770201663.6366,0.8502393960952759,0.9226114153862,0.426460862159729,0.20394318,0.23935026,0.21854886,0.16985475,0.16830286,0.92190015,0.81698346,0.95972556,0.96643305,0.94801474
1770201664.2027,0.850499153137207,0.8938021063804626,0.33019575476646423,0.21315941,0.2712016,0.21275118,0.13767384,0.16521399,0.9501192,0.8402907,0.7126004,0.9966744,0.96932596
1770201664.8461,0.8346731662750244,0.8751577734947205,0.45961126685142517,0.19530219,0.24064691,0.25553852,0.15697166,0.15154073,0.90520185,0.8289958,0.83722764,0.86989534,0.9344681
1770201665.1294,0.8535018563270569,0.9226114153862,0.5424421429634094,0.19928825,0.2394579,0.22044185,0.17285368,0.16795829,0.92190015,0.81698346,0.95972556,0.96643305,0.94801474
1770201665.4338,0.8193080425262451,0.8580968976020813,0.7519405484199524,0.21084222,0.23904413,0.23918249,0.14862865,0.16230246,0.891972,0.82036406,0.8313782,0.819373,0.9273974
1770201665.7248,0.8148288726806641,0.8598331809043884,0.7148469090461731,0.19330369,0.23254886,0.2760212,0.14905222,0.14907406,0.9037756,0.83501995,0.6727162,0.954379,0.9332752
1770201666.1293,0.8097578883171082,0.9144192934036255,0.653691291809082,0.19649167,0.21845378,0.24712569,0.17681216,0.16111666,0.9058107,0.8355337,0.9129525,0.9827308,0.9350687
1770201666.1896,0.8286080360412598,0.8918272256851196,0.8424683809280396,0.21054083,0.24185969,0.2138343,0.16157418,0.17219098,0.8699688,0.81540143,0.83344376,0.9976986,0.9426235
1770201666.5300,0.8369467258453369,0.8627201914787292,1.0,0.18958455,0.23247607,0.2505108,0.17342727,0.15400133,0.7966463,0.7999778,0.8650982,0.90828776,0.9435909
1770201667.2547,0.8444430828094482,0.8851906657218933,0.3253272473812103,0.19667071,0.22343239,0.22350086,0.1884673,0.16792867,0.8806822,0.8626877,0.8322554,0.8855372,0.9647911
1770201667.4695,0.8508816361427307,0.9226114153862,0.5241152048110962,0.18464094,0.22995174,0.2330389,0.18415041,0.16821806,0.92190015,0.81698346,0.95972556,0.96643305,0.94801474
1770201668.2541,0.848861575126648,0.8938021063804626,0.5584676861763,0.18595214,0.25601745,0.23695485,0.15596208,0.16511346,0.9501192,0.8402907,0.7126004,0.9966744,0.96932596
1770201669.2601,0.878387987613678,0.9227113723754883,0.5153680443763733,0.19560574,0.23701292,0.24629027,0.16860224,0.15248883,0.9227114,0.9227114,0.9227114,0.9227114,0.9227114
1770201670.3537,0.8464780449867249,0.8831645846366882,0.5423249006271362,0.198767,0.24462108,0.22908995,0.16710444,0.16041748,0.8812099,0.7854421,0.8663157,0.9338431,0.949012
1770201672.0323,0.8470698595046997,0.9014150500297546,0.5325444936752319,0.20443441,0.25493723,0.21384148,0.16432574,0.16246115,0.9182613,0.8072031,0.85222244,0.9848237,0.9445646
1770201673.2992,0.8372518420219421,0.9013559222221375,0.6490185856819153,0.21619716,0.24825409,0.1986801,0.16583078,0.17103788,0.92293346,0.77084816,0.91638637,0.9487156,0.94789594
1770201673.5952,0.8427889347076416,0.8987762331962585,0.5309159755706787,0.20035921,0.24957573,0.21343386,0.16722243,0.16940877,0.8897907,0.7878757,0.9029032,0.96330786,0.9500036
1770201674.1100,0.854877233505249,0.8851906657218933,0.5076929926872253,0.18129273,0.22987886,0.24682876,0.18577461,0.15622501,0.8806822,0.8626877,0.8322554,0.8855372,0.9647911
1770201674.7581,0.8360519409179688,0.89315265417099,0.6094803810119629,0.19691096,0.24098897,0.23958342,0.16442758,0.15808906,0.905397,0.8460739,0.8570092,0.918911,0.9383722
1770201675.2041,0.8453848958015442,0.889599621295929,0.4905046820640564,0.19506855,0.23235506,0.23143086,0.18449275,0.15665272,0.85485655,0.8125097,0.90886414,0.9302074,0.94156057
1770201676.5907,0.831913411617279,0.8880301713943481,0.9650334119796753,0.18377782,0.24774046,0.24210884,0.16882451,0.15754832,0.88692033,0.79904246,0.82679343,0.9698981,0.9574964
1770201677.4741,0.8493830561637878,0.9101920127868652,0.5871404409408569,0.19753352,0.2415961,0.22909793,0.16528586,0.16648659,0.90790874,0.84114414,0.9347898,0.92981243,0.9373049
1770201678.0950,0.8469208478927612,0.8924164772033691,0.8679190278053284,0.18485774,0.23677829,0.23222478,0.18213892,0.16400026,0.91283333,0.8234249,0.86806744,0.917532,0.94022465
1770201678.2176,0.819451093673706,0.889599621295929,0.8679190278053284,0.21916167,0.23955159,0.19706328,0.16139387,0.18282965,0.85485655,0.8125097,0.90886414,0.9302074,0.94156057
1770201678.5399,0.8299560546875,0.8987762331962585,0.8130995631217957,0.20015208,0.2385077,0.22168328,0.16539587,0.174261,0.8897907,0.7878757,0.9029032,0.96330786,0.9500036
1770201678.6588,0.8044124841690063,0.9013559222221375,0.575424313545227,0.21333449,0.24253345,0.20631361,0.15520832,0.1826102,0.92293346,0.77084816,0.91638637,0.9487156,0.94789594
1770201678.8808,0.8338371515274048,0.8304069638252258,0.5407561659812927,0.16608177,0.2255526,0.2801894,0.17422995,0.15394627,0.7324195,0.87069327,0.7903454,0.8363986,0.92217803
1770201679.0421,0.8345749974250793,0.9014150500297546,0.5194613933563232,0.20302528,0.23583815,0.22568901,0.16536134,0.1700863,0.9182613,0.8072031,0.85222244,0.9848237,0.9445646
1770201679.3430,0.804972231388092,0.8598331809043884,0.35873979330062866,0.18732964,0.23149611,0.2734479,0.15206288,0.15566343,0.9037756,0.83501995,0.6727162,0.954379,0.9332752
1770201680.2045,0.8671386241912842,0.9350481033325195,0.5036033987998962,0.20963559,0.20298174,0.22239557,0.20453613,0.16045089,0.94981766,0.9451944,0.8980125,0.9141489,0.9680673
1770201680.9517,0.8441535234451294,0.902704656124115,0.5426127910614014,0.19310619,0.22697987,0.25831863,0.17160892,0.14998637,0.9438325,0.811413,0.8561166,0.93531644,0.9668443
1770201681.7758,0.8498623967170715,0.8851906657218933,0.4034992456436157,0.21521124,0.22090504,0.22336951,0.18523538,0.15527883,0.8806822,0.8626877,0.8322554,0.8855372,0.9647911
1770201682.1911,0.8342944383621216,0.89315265417099,0.3444976508617401,0.20672068,0.23542899,0.24056952,0.16032712,0.15695366,0.905397,0.8460739,0.8570092,0.918911,0.9383722
1770201682.9938,0.8602349758148193,0.9173080325126648,0.9004193544387817,0.19441646,0.21816525,0.24972409,0.1865392,0.151155,0.9447911,0.8752594,0.8210922,0.9807523,0.96464545
1770201683.1230,0.8345203995704651,0.8987762331962585,0.7971773147583008,0.21053246,0.24121155,0.2181079,0.1650444,0.16510376,0.8897907,0.7878757,0.9029032,0.96330786,0.9500036
1770201683.8638,0.8150213956832886,0.8639399409294128,0.34407761693000793,0.22143935,0.24355745,0.20637529,0.1589438,0.16968405,0.78437763,0.81282765,0.90768504,0.87250745,0.94230187
1770201684.7494,0.8128379583358765,0.8532776832580566,0.15786144137382507,0.18973142,0.20000398,0.27318427,0.18978304,0.1472973,0.9344614,0.8646246,0.6787414,0.8314206,0.95714027
1770201685.6023,0.8230096101760864,0.8751577734947205,0.3272414803504944,0.19700749,0.23998527,0.25112444,0.16206636,0.14981644,0.90520185,0.8289958,0.83722764,0.86989534,0.9344681
1770201686.3119,0.8316199779510498,0.8766016364097595,0.1807282567024231,0.20133911,0.2296959,0.23110947,0.18190692,0.15594861,0.90383,0.85116386,0.79325724,0.9001987,0.9345586
1770201686.9681,0.8439677953720093,0.8851906657218933,0.15073257684707642,0.20180437,0.22871363,0.24171038,0.17590176,0.15186985,0.8806822,0.8626877,0.8322554,0.8855372,0.9647911
1770201687.5563,0.8300792574882507,0.8304069638252258,0.23723793029785156,0.1854402,0.23462151,0.26176125,0.17288858,0.14528851,0.7324195,0.87069327,0.7903454,0.8363986,0.92217803
1770201688.0203,0.8511260151863098,0.9047664999961853,0.17917029559612274,0.21959765,0.24780032,0.21866712,0.16011223,0.15382257,0.90451247,0.8818089,0.859834,0.9424049,0.935272
1770201688.4918,0.8423141241073608,0.8864008188247681,0.3623972237110138,0.1986646,0.2346936,0.24458882,0.17513916,0.1469139,0.9069398,0.8621765,0.8077676,0.9197936,0.93532634
1770201688.8274,0.8452139496803284,0.889599621295929,0.4869103729724884,0.23277573,0.23407292,0.21066852,0.16684012,0.15564275,0.85485655,0.8125097,0.90886414,0.9302074,0.94156057
1770201689.1147,0.8253344893455505,0.8304069638252258,0.39630386233329773,0.20100904,0.23152025,0.24350616,0.17247833,0.15148625,0.7324195,0.87069327,0.7903454,0.8363986,0.92217803
1770201689.2805,0.8694700598716736,0.9350481033325195,0.5596475005149841,0.22335276,0.2094102,0.21149817,0.19915752,0.15658134,0.94981766,0.9451944,0.8980125,0.9141489,0.9680673
1770201689.3971,0.8451516628265381,0.9101920127868652,0.6335827708244324,0.2194824,0.22205466,0.22494161,0.17547047,0.15805086,0.90790874,0.84114414,0.9347898,0.92981243,0.9373049
1770201689.6977,0.8097134828567505,0.8532776832580566,0.4471533000469208,0.23809719,0.2250765,0.19938417,0.16905576,0.16838644,0.9344614,0.8646246,0.6787414,0.8314206,0.95714027
1770201691.1651,0.8570087552070618,0.8851906657218933,0.521416962146759,0.21219553,0.2341292,0.21307279,0.17674023,0.16386217,0.8806822,0.8626877,0.8322554,0.8855372,0.9647911
1770201691.8870,0.8196748495101929,0.9144192934036255,0.2699835002422333,0.20388754,0.230007,0.2251749,0.17440128,0.16652933,0.9058107,0.8355337,0.9129525,0.9827308,0.9350687
1770201693.1033,0.8859012722969055,0.9227113723754883,1.0,0.20151098,0.2467123,0.22800161,0.16674991,0.15702525,0.9227114,0.9227114,0.9227114,0.9227114,0.9227114
1770201693.5756,0.8438937664031982,0.8987762331962585,0.8609969019889832,0.19939144,0.24712643,0.21295026,0.17118233,0.16934954,0.8897907,0.7878757,0.9029032,0.96330786,0.9500036
1770201694.5438,0.8073811531066895,0.8598331809043884,0.9545444250106812,0.1759854,0.24229117,0.26189673,0.16220722,0.15761949,0.9037756,0.83501995,0.6727162,0.954379,0.9332752
1770201694.7842,0.8456346988677979,0.8627201914787292,0.39321109652519226,0.18149777,0.25575727,0.2279451,0.17519358,0.15960625,0.7966463,0.7999778,0.8650982,0.90828776,0.9435909
1770201695.1278,0.843062698841095,0.9014150500297546,0.42253974080085754,0.18879008,0.2658025,0.21173508,0.16904844,0.16462387,0.9182613,0.8072031,0.85222244,0.9848237,0.9445646
1770201695.3866,0.7984420657157898,0.8598331809043884,0.3576192259788513,0.16597727,0.24623463,0.2596148,0.17147173,0.15670158,0.9037756,0.83501995,0.6727162,0.954379,0.9332752
1770201695.6088,0.8363646268844604,0.889599621295929,0.2577964961528778,0.1857115,0.24899371,0.22355789,0.1786195,0.1631175,0.85485655,0.8125097,0.90886414,0.9302074,0.94156057
1770201695.9684,0.831633985042572,0.8880301713943481,0.3365721106529236,0.17870961,0.26519853,0.22313817,0.17063361,0.16232006,0.88692033,0.79904246,0.82679343,0.9698981,0.9574964
1770201696.1521,0.8382241725921631,0.8864008188247681,0.3905971348285675,0.16585693,0.25109646,0.245807,0.18241961,0.15481998,0.9069398,0.8621765,0.8077676,0.9197936,0.93532634
1770201696.2211,0.8727169036865234,0.8851332068443298,0.4219623804092407,0.19701314,0.2597926,0.20387125,0.17720571,0.16211735,0.79058325,0.808418,0.9706942,0.88689613,0.9690745
1770201696.5444,0.7979210615158081,0.8598331809043884,0.7999677062034607,0.17634168,0.24424987,0.25558868,0.16408159,0.15973815,0.9037756,0.83501995,0.6727162,0.954379,0.9332752
1770201696.8851,0.8454107046127319,0.8851906657218933,0.6140978336334229,0.20195219,0.2341818,0.21866591,0.180854,0.16434607,0.8806822,0.8626877,0.8322554,0.8855372,0.9647911
1770201697.2712,0.8277139663696289,0.8851906657218933,0.5964745283126831,0.21594732,0.23531656,0.20704153,0.16913605,0.17255859,0.8806822,0.8626877,0.8322554,0.8855372,0.9647911
1770201697.5137,0.8407207131385803,0.889599621295929,0.4026269316673279,0.20828968,0.23061287,0.22346516,0.17045628,0.16717605,0.85485655,0.8125097,0.90886414,0.9302074,0.94156057
1770201697.8270,0.8335402607917786,0.9101920127868652,0.36893054842948914,0.20577411,0.21798691,0.2382321,0.17348082,0.164526,0.90790874,0.84114414,0.9347898,0.92981243,0.9373049
1770201698.4261,0.8333725333213806,0.8304069638252258,0.40139123797416687,0.1862184,0.21950655,0.2654926,0.16963299,0.15914945,0.7324195,0.87069327,0.7903454,0.8363986,0.92217803
1770201698.9194,0.836138904094696,0.8627201914787292,0.28948792815208435,0.20554547,0.22501965,0.24152003,0.164822,0.1630928,0.7966463,0.7999778,0.8650982,0.90828776,0.9435909
1770201699.1633,0.8393704891204834,0.8851906657218933,0.20529480278491974,0.20001161,0.21223405,0.25608647,0.16970572,0.16196214,0.8806822,0.8626877,0.8322554,0.8855372,0.9647911
1770201700.2262,0.83041912317276,0.8851906657218933,0.29328060150146484,0.21167052,0.20515618,0.24912918,0.17405175,0.15999232,0.8806822,0.8626877,0.8322554,0.8855372,0.9647911
1770201701.2097,0.8228903412818909,0.8998098373413086,0.5202823877334595,0.21084462,0.21207164,0.23358138,0.17897841,0.16452391,0.9140813,0.8694906,0.84121335,0.9329447,0.94131935
1770201701.9970,0.8406841158866882,0.89315265417099,1.0,0.21950865,0.22368777,0.23535247,0.1588271,0.16262393,0.905397,0.8460739,0.8570092,0.918911,0.9383722
1770201702.3647,0.846427321434021,0.8880910873413086,0.4167959690093994,0.20854609,0.22244012,0.23936541,0.16998504,0.15966332,0.8880911,0.8880911,0.8880911,0.8880911,0.8880911
1770201702.9658,0.8422313928604126,0.902704656124115,0.11916790157556534,0.20805955,0.22669716,0.24362081,0.16713713,0.15448533,0.9438325,0.811413,0.8561166,0.93531644,0.9668443
1770201703.5737,0.8540010452270508,0.9042374491691589,0.148860365152359,0.21665688,0.2367877,0.22280179,0.16783233,0.15592133,0.92764914,0.81407714,0.83016324,0.98665327,0.96264446
1770201704.5691,0.8374404907226562,0.889599621295929,0.28475770354270935,0.21068726,0.22939685,0.22487243,0.17754428,0.15749918,0.85485655,0.8125097,0.90886414,0.9302074,0.94156057
1770201704.7291,0.853736400604248,0.8917686343193054,0.2528705298900604,0.20189357,0.24085778,0.2292009,0.17472151,0.15332635,0.8116442,0.8575231,0.89890873,0.95711654,0.93365073
1770201705.3935,0.833121657371521,0.9402899742126465,0.1613163948059082,0.19809112,0.23073621,0.22576107,0.18835095,0.15706064,0.94029,0.94029,0.94029,0.94029,0.94029
1770201706.3736,0.8457549810409546,0.9042374491691589,0.16179706156253815,0.20187023,0.25248456,0.21392733,0.17642565,0.15529221,0.92764914,0.81407714,0.83016324,0.98665327,0.96264446
1770201706.7371,0.8563182353973389,0.9101920127868652,0.08739673346281052,0.2032197,0.25243413,0.21116133,0.17557113,0.15761374,0.90790874,0.84114414,0.9347898,0.92981243,0.9373049
1770201707.7637,0.8417600989341736,0.8864008188247681,0.35583633184432983,0.1849816,0.24593723,0.23185262,0.18476585,0.15246272,0.9069398,0.8621765,0.8077676,0.9197936,0.93532634
1770201709.2593,0.8323537111282349,0.8580968976020813,0.21446439623832703,0.1975573,0.24714409,0.2189568,0.17626537,0.16007641,0.891972,0.82036406,0.8313782,0.819373,0.9273974
1770201710.2936,0.8331320285797119,0.8580968976020813,0.08771311491727829,0.19777496,0.24661677,0.2192132,0.17574553,0.1606495,0.891972,0.82036406,0.8313782,0.819373,0.9273974
1770201712.1200,0.8323303461074829,0.8987762331962585,0.29407116770744324,0.19900899,0.25101125,0.21056938,0.1767806,0.16262981,0.8897907,0.7878757,0.9029032,0.96330786,0.9500036
1770201949.9746,0.4144529104232788,0.8916651606559753,0.7830701470375061,0.10608783,0.06805139,0.36567405,0.30203694,0.15814978,0.89166516,0.89166516,0.89166516,0.89166516,0.89166516
1770201950.0887,0.4956203103065491,0.8916651606559753,0.37613916397094727,0.13806745,0.14413461,0.2697214,0.34930515,0.09877147,0.89166516,0.89166516,0.89166516,0.89166516,0.89166516
1770201950.2070,0.5265698432922363,0.8916651010513306,0.2509056627750397,0.15497325,0.20412976,0.18140306,0.3617491,0.09774481,0.9234583,0.9825832,0.79677445,0.80642414,0.9490852
1770201950.2865,0.5737955570220947,0.89300137758255,0.1967685967683792,0.20611742,0.2205598,0.19291066,0.24002437,0.14038774,0.8930014,0.8930014,0.8930014,0.8930014,0.8930014
1770201950.3635,0.5589772462844849,0.8916651010513306,0.166767880320549,0.1399197,0.18362501,0.20010585,0.3275453,0.14880414,0.9234583,0.9825832,0.79677445,0.80642414,0.9490852
1770201950.4530,0.5267282724380493,0.8916651010513306,0.15465925633907318,0.13181688,0.16780384,0.10204653,0.52401274,0.07431996,0.9234583,0.9825832,0.79677445,0.80642414,0.9490852
1770201950.5395,0.5777159333229065,0.8916651010513306,0.15806593000888824,0.2000271,0.16988525,0.13141735,0.39967677,0.09899355,0.9234583,0.9825832,0.79677445,0.80642414,0.9490852
1770201950.7224,0.5721220970153809,0.9211929440498352,0.2673746347427368,0.16660626,0.15520994,0.1276225,0.43579313,0.11476819,0.92119294,0.92119294,0.92119294,0.92119294,0.92119294
1770201950.8360,0.6421518325805664,0.9211929440498352,0.3735353946685791,0.34163108,0.11360951,0.15392345,0.2548435,0.13599242,0.92119294,0.92119294,0.92119294,0.92119294,0.92119294
1770201950.9127,0.639773964881897,0.9211929440498352,0.40951409935951233,0.2393443,0.12751299,0.15733,0.3101071,0.16570567,0.92119294,0.92119294,0.92119294,0.92119294,0.92119294
1770201951.0042,0.6572014093399048,0.89300137758255,0.4019007086753845,0.24934514,0.10616116,0.21469088,0.20732716,0.22247568,0.92677486,0.9753201,0.78768146,0.82383424,0.95139647
1770201951.0914,0.6480833292007446,0.9211929440498352,0.33984947204589844,0.1897085,0.11656043,0.15977357,0.37192586,0.16203159,0.94207996,0.9849857,0.83697057,0.87926954,0.9626586
1770201951.1902,0.6288121938705444,0.9211929440498352,0.25716620683670044,0.1216088,0.06857848,0.13878313,0.4918703,0.17915936,0.94207996,0.9849857,0.83697057,0.87926954,0.9626586
1770201951.2901,0.7196478247642517,0.9211929440498352,0.23230284452438354,0.21306694,0.114478424,0.23160899,0.27314028,0.16770542,0.94207996,0.9849857,0.83697057,0.87926954,0.9626586
1770201951.3556,0.7308109998703003,0.9211929440498352,0.24960334599018097,0.18715522,0.10573179,0.2786476,0.22108735,0.20737803,0.94207996,0.9849857,0.83697057,0.87926954,0.9626586
1770201951.5005,0.7742854356765747,0.9211929440498352,0.328055202960968,0.15084162,0.12745793,0.27917132,0.28494966,0.1575794,0.94207996,0.9849857,0.83697057,0.87926954,0.9626586
1770201951.5800,0.7682440280914307,0.9286519289016724,0.3688364028930664,0.15897535,0.098922536,0.25680855,0.27094164,0.2143519,0.9476935,0.98128957,0.8367676,0.9105198,0.966989
1770201951.7522,0.7751892805099487,0.9286519289016724,0.42535337805747986,0.14540485,0.10545624,0.32487902,0.22085753,0.20340243,0.9476935,0.98128957,0.8367676,0.9105198,0.966989
1770201952.0583,0.7780013084411621,0.9286519289016724,0.2114606350660324,0.13284093,0.07175961,0.20878789,0.34928364,0.23732796,0.9476935,0.98128957,0.8367676,0.9105198,0.966989
1770201952.4196,0.7972872853279114,0.9339025616645813,0.28789442777633667,0.16737404,0.09116466,0.2333934,0.22758172,0.28048614,0.93390256,0.93390256,0.93390256,0.93390256,0.93390256
1770201952.6741,0.8067147135734558,0.89300137758255,0.4478411078453064,0.2026864,0.12981112,0.19052657,0.32883242,0.14814346,0.92677486,0.9753201,0.78768146,0.82383424,0.95139647
1770201952.9791,0.8106900453567505,0.9339025616645813,0.47116124629974365,0.1882319,0.1147204,0.20329139,0.3047162,0.18904011,0.93390256,0.93390256,0.93390256,0.93390256,0.93390256
1770201953.0175,0.8270760178565979,0.89300137758255,0.4768373370170593,0.23520365,0.12406328,0.1459829,0.33715275,0.15759736,0.92677486,0.9753201,0.78768146,0.82383424,0.95139647
1770201953.1870,0.8372921943664551,0.89300137758255,0.4528740644454956,0.24249814,0.15740985,0.14273123,0.32868022,0.12868063,0.92677486,0.9753201,0.78768146,0.82383424,0.95139647
1770201953.3133,0.8307185173034668,0.9286519289016724,0.3880724608898163,0.20080839,0.19000445,0.23640805,0.22939892,0.1433802,0.9476935,0.98128957,0.8367676,0.9105198,0.966989
1770201953.4463,0.8604883551597595,0.9339025616645813,0.3277256190776825,0.21670564,0.26147658,0.18140233,0.2555915,0.08482393,0.9532832,0.97543824,0.9325715,0.83689386,0.97132605
1770201953.4968,0.8636549115180969,0.9339025616645813,0.2825861871242523,0.19853131,0.20676428,0.17902313,0.25138378,0.16429748,0.9532832,0.97543824,0.9325715,0.83689386,0.97132605
1770201954.0083,0.8810052275657654,0.9339025616645813,0.32408034801483154,0.16639893,0.192755,0.23852648,0.24759565,0.1547239,0.9532832,0.97543824,0.9325715,0.83689386,0.97132605
1770201954.4649,0.767107367515564,0.8927704691886902,0.24306991696357727,0.1280129,0.24047774,0.27486768,0.21092038,0.14572129,0.89277047,0.89277047,0.89277047,0.89277047,0.89277047
1770201955.1750,0.7878251671791077,0.9339025616645813,0.24570602178573608,0.17221403,0.23043627,0.22720218,0.20837569,0.1617719,0.9532832,0.97543824,0.9325715,0.83689386,0.97132605
1770201955.2780,0.8790532946586609,0.9339025616645813,0.2554723024368286,0.17585829,0.21274318,0.21106474,0.2664551,0.1338787,0.9532832,0.97543824,0.9325715,0.83689386,0.97132605
1770201955.3309,0.8301445841789246,0.9339025616645813,0.26014378666877747,0.19188446,0.17877947,0.20475285,0.23206773,0.1925155,0.9532832,0.97543824,0.9325715,0.83689386,0.97132605
1770201955.4497,0.8285139799118042,0.9286519289016724,0.27485546469688416,0.1817618,0.18231076,0.2172176,0.25030783,0.16840208,0.9476935,0.98128957,0.8367676,0.9105198,0.966989
1770201955.5667,0.8407245874404907,0.9339025616645813,0.2708112597465515,0.18712084,0.1789152,0.20857508,0.22643466,0.1989542,0.9532832,0.97543824,0.9325715,0.83689386,0.97132605
1770201955.6529,0.8330975770950317,0.9339025616645813,0.2481423169374466,0.22093359,0.1755998,0.20118745,0.22644721,0.17583202,0.9532832,0.97543824,0.9325715,0.83689386,0.97132605
1770201955.7553,0.810894250869751,0.8927704691886902,0.2073459029197693,0.20585316,0.19131707,0.23116796,0.18907465,0.1825872,0.89277047,0.89277047,0.89277047,0.89277047,0.89277047
1770201955.8538,0.8255426287651062,0.9286519289016724,0.17106513679027557,0.17599238,0.16840649,0.26070756,0.22773223,0.16716138,0.9476935,0.98128957,0.8367676,0.9105198,0.966989
1770201955.9624,0.825639009475708,0.9339025616645813,0.14692199230194092,0.1629685,0.19138712,0.26738706,0.20251893,0.17573844,0.9532832,0.97543824,0.9325715,0.83689386,0.97132605
1770201956.0622,0.8052555918693542,0.9339025616645813,0.12822368741035461,0.16152392,0.17063157,0.2972892,0.18061866,0.18993667,0.9532832,0.97543824,0.9325715,0.83689386,0.97132605
1770201956.1685,0.8293952941894531,0.9339025616645813,0.11147034913301468,0.15915191,0.19965108,0.24795975,0.20565069,0.18758664,0.9532832,0.97543824,0.9325715,0.83689386,0.97132605
1770201956.2630,0.8354623317718506,0.9286519289016724,0.09760908037424088,0.18272136,0.17298965,0.26144257,0.19308038,0.18976608,0.9476935,0.98128957,0.8367676,0.9105198,0.966989
1770201956.4140,0.8248885869979858,0.9339025616645813,0.11254645138978958,0.17412244,0.1622321,0.25825602,0.18036962,0.22501986,0.9532832,0.97543824,0.9325715,0.83689386,0.97132605
1770201956.4606,0.8031773567199707,0.9339025616645813,0.1286962330341339,0.1905432,0.19659056,0.2528922,0.18047604,0.17949799,0.9532832,0.97543824,0.9325715,0.83689386,0.97132605
1770201956.5706,0.7918717861175537,0.9294781684875488,0.18393513560295105,0.1915067,0.18288629,0.27924138,0.16946155,0.17690402,0.9379976,0.897727,0.8591175,0.9936074,0.95894134
1770201956.6632,0.7859806418418884,0.9339025616645813,0.22599101066589355,0.23779717,0.21073537,0.22005172,0.15170522,0.17971057,0.9532832,0.97543824,0.9325715,0.83689386,0.97132605
1770201956.7469,0.8789083361625671,0.9339025616645813,0.24283075332641602,0.19489105,0.18283586,0.21561658,0.2377623,0.16889417,0.9532832,0.97543824,0.9325715,0.83689386,0.97132605
1770201956.8681,0.8099826574325562,0.9294781684875488,0.247776597738266,0.21103777,0.25986066,0.25210577,0.13547064,0.14152515,0.9379976,0.897727,0.8591175,0.9936074,0.95894134
1770201956.9313,0.7991130948066711,0.9339025616645813,0.2528671324253082,0.17716302,0.2099299,0.20363326,0.19756599,0.21170786,0.9532832,0.97543824,0.9325715,0.83689386,0.97132605
1770201957.0536,0.8016679883003235,0.9339025616645813,0.27526697516441345,0.18171994,0.20740667,0.21934015,0.21758153,0.17395179,0.9532832,0.97543824,0.9325715,0.83689386,0.97132605
1770201957.1240,0.7896944284439087,0.8850815892219543,0.3048383593559265,0.18357284,0.20795132,0.23105091,0.19582811,0.18159676,0.8070876,0.80407846,0.96531606,0.87998027,0.9689456
1770201957.2487,0.7647777795791626,0.9339025616645813,0.37482133507728577,0.21145166,0.18786536,0.187274,0.19274174,0.22066729,0.9532832,0.97543824,0.9325715,0.83689386,0.97132605
1770201957.3384,0.8369194865226746,0.9339025616645813,0.43493735790252686,0.1900796,0.19158512,0.19892241,0.20589915,0.21351372,0.9532832,0.97543824,0.9325715,0.83689386,0.97132605
1770201957.4433,0.7736109495162964,0.8927704691886902,0.467096745967865,0.12778269,0.2808127,0.21443829,0.18072803,0.19623823,0.89277047,0.89277047,0.89277047,0.89277047,0.89277047
1770201957.5707,0.8256576061248779,0.9339025616645813,0.4430474638938904,0.22198676,0.21841793,0.20474368,0.1674184,0.18743333,0.9532832,0.97543824,0.9325715,0.83689386,0.97132605
1770201957.6627,0.8148754835128784,0.9339025616645813,0.41553959250450134,0.20992148,0.25522515,0.21841487,0.13474093,0.18169759,0.9532832,0.97543824,0.9325715,0.83689386,0.97132605
1770201957.7360,0.7537683248519897,0.8853050470352173,0.3950101435184479,0.22729953,0.27137518,0.20268333,0.12800124,0.17064069,0.8135209,0.82563156,0.931117,0.90516233,0.9510933
1770201957.8580,0.7858636975288391,0.9339025616645813,0.35920003056526184,0.23177934,0.23915918,0.1861648,0.16233677,0.18055996,0.9532832,0.97543824,0.9325715,0.83689386,0.97132605
1770201957.9615,0.7698496580123901,0.9339025616645813,0.3063388764858246,0.26403597,0.21020186,0.18536557,0.14725806,0.19313855,0.9532832,0.97543824,0.9325715,0.83689386,0.97132605
1770201958.0510,0.8025121092796326,0.8999956250190735,0.2623153030872345,0.288458,0.2508553,0.19079834,0.11845312,0.15143527,0.8448928,0.8129317,0.9427916,0.94454736,0.95481443
1770201958.1400,0.8072089552879333,0.9339025616645813,0.236808642745018,0.2547002,0.18228795,0.17320968,0.18041798,0.20938416,0.9532832,0.97543824,0.9325715,0.83689386,0.97132605
1770201958.2543,0.7938417792320251,0.8545944094657898,0.27897536754608154,0.27636182,0.20055138,0.17295635,0.17301133,0.1771191,0.81712365,0.8242426,0.7206742,0.9484244,0.9625075
1770201958.3601,0.7745656371116638,0.8545944094657898,0.36285144090652466,0.23452294,0.21951722,0.19993584,0.17663626,0.16938771,0.81712365,0.8242426,0.7206742,0.9484244,0.9625075
1770201958.4574,0.803882360458374,0.9022508859634399,0.41545170545578003,0.19017206,0.24363671,0.21501368,0.223372,0.12780553,0.94568723,0.8782218,0.76481,0.95629716,0.96623826
1770201958.5555,0.7783663868904114,0.8946699500083923,0.5079144835472107,0.21424441,0.20750414,0.230787,0.20567225,0.14179216,0.8648612,0.85836124,0.87739813,0.9153614,0.9573676
1770201958.6613,0.7796565294265747,0.8946699500083923,0.7697829604148865,0.18819259,0.21834067,0.24845812,0.20253117,0.14247738,0.8648612,0.85836124,0.87739813,0.9153614,0.9573676
1770201958.7589,0.78596031665802,0.8927704691886902,1.0,0.15183216,0.23920137,0.25331622,0.20713677,0.14851347,0.89277047,0.89277047,0.89277047,0.89277047,0.89277047
1770201958.8774,0.7904675006866455,0.8745166659355164,1.0,0.20576711,0.19623433,0.26455808,0.20249434,0.1309461,0.8538884,0.81041664,0.77441657,0.9714414,0.9624207
1770201958.9401,0.7789047956466675,0.8745166659355164,1.0,0.20362681,0.21113813,0.25952026,0.18956487,0.13614994,0.8538884,0.81041664,0.77441657,0.9714414,0.9624207
1770201959.0654,0.7414568662643433,0.8745166659355164,0.9564631581306458,0.19117206,0.23322664,0.2543354,0.17639615,0.14486974,0.8538884,0.81041664,0.77441657,0.9714414,0.9624207
1770201959.1632,0.7309426069259644,0.8927704691886902,0.5668469071388245,0.13114956,0.25550234,0.2943506,0.16216758,0.1568299,0.89277047,0.89277047,0.89277047,0.89277047,0.89277047
1770201959.2440,0.7370623350143433,0.8646078109741211,0.38230541348457336,0.19797999,0.27082497,0.21392259,0.1571218,0.1601506,0.8344318,0.809767,0.75914437,0.971958,0.947738
1770201959.3769,0.7290529012680054,0.9124259948730469,0.3269738554954529,0.1772425,0.2673762,0.27057874,0.1490744,0.13572817,0.8862884,0.8077398,0.962682,0.9503946,0.95502496
1770201959.4571,0.7697840929031372,0.9339025616645813,0.3547566831111908,0.1742149,0.21591936,0.24457154,0.2001667,0.16512749,0.9532832,0.97543824,0.9325715,0.83689386,0.97132605
1770201959.5469,0.7260291576385498,0.9124259948730469,0.4456515610218048,0.19191375,0.2544419,0.25700432,0.15530242,0.14133759,0.8862884,0.8077398,0.962682,0.9503946,0.95502496
1770201959.6442,0.7552371025085449,0.8911303877830505,0.5439630150794983,0.19674024,0.21661364,0.24806777,0.16062613,0.17795226,0.8911304,0.8911304,0.8911304,0.8911304,0.8911304
1770201959.7580,0.7620235085487366,0.9124259948730469,0.5902213454246521,0.23874871,0.21205766,0.20275176,0.17313774,0.17330417,0.8862884,0.8077398,0.962682,0.9503946,0.95502496
1770201959.8443,0.7664383053779602,0.8911303877830505,0.555722713470459,0.22300406,0.22428541,0.20826411,0.17787217,0.16657425,0.91034955,0.81077147,0.79129195,0.9837029,0.9595358
1770201959.9668,0.8267103433609009,0.8938388228416443,0.43131083250045776,0.24726391,0.19366652,0.16812336,0.19624408,0.19470222,0.8439072,0.84662503,0.91838497,0.91670483,0.9435717
1770201960.0529,0.8062844276428223,0.8938388228416443,0.3831692337989807,0.23930587,0.20425887,0.18002068,0.20686127,0.16955326,0.8439072,0.84662503,0.91838497,0.91670483,0.9435717
1770201960.1463,0.8189626336097717,0.9339025616645813,0.38400840759277344,0.23506132,0.18660815,0.16805112,0.22128883,0.18899058,0.9532832,0.97543824,0.9325715,0.83689386,0.97132605
1770201960.2549,0.8266271352767944,0.8745166659355164,0.4046333134174347,0.2305436,0.20846651,0.2239483,0.19014771,0.14689387,0.8538884,0.81041664,0.77441657,0.9714414,0.9624207
1770201960.3706,0.8039654493331909,0.8745166659355164,0.40340274572372437,0.21662536,0.19647801,0.2262258,0.20056203,0.16010879,0.8538884,0.81041664,0.77441657,0.9714414,0.9624207
1770201960.4642,0.8001890182495117,0.8938388228416443,0.40329426527023315,0.23117326,0.2171508,0.17606495,0.20096439,0.17464665,0.8439072,0.84662503,0.91838497,0.91670483,0.9435717
1770201960.5618,0.786242663860321,0.9339025616645813,0.4150392711162567,0.20954756,0.19326673,0.21039581,0.22496453,0.16182536,0.9532832,0.97543824,0.9325715,0.83689386,0.97132605
1770201960.6657,0.7962284684181213,0.8927704691886902,0.42434507608413696,0.1628163,0.25893402,0.23124987,0.17053607,0.17646372,0.89277047,0.89277047,0.89277047,0.89277047,0.89277047
1770201960.7365,0.7712737917900085,0.8758875131607056,0.4213625192642212,0.2027808,0.21085353,0.20297265,0.20164149,0.18175152,0.82710946,0.7877552,0.86383104,0.9539612,0.94678074
1770201960.8732,0.8058212399482727,0.9339025616645813,0.42629337310791016,0.19634102,0.23670058,0.22238567,0.17534351,0.16922918,0.9532832,0.97543824,0.9325715,0.83689386,0.97132605
1770201961.0119,0.796157956123352,0.8758875131607056,0.5158953070640564,0.2032621,0.2354978,0.21575658,0.17393716,0.17154635,0.82710946,0.7877552,0.86383104,0.9539612,0.94678074
1770201961.0924,0.7556013464927673,0.9339025616645813,0.6099246144294739,0.23473531,0.22986364,0.19720031,0.17479695,0.16340381,0.9532832,0.97543824,0.9325715,0.83689386,0.97132605
1770201961.1660,0.7571508884429932,0.8841974139213562,0.6839449405670166,0.19010332,0.27710605,0.21389903,0.16316472,0.15572686,0.8482122,0.8154934,0.8397461,0.97653824,0.9409974
1770201961.2746,0.7455834150314331,0.8841974139213562,0.7860446572303772,0.22685914,0.24311176,0.18549687,0.17641835,0.16811386,0.8482122,0.8154934,0.8397461,0.97653824,0.9409974
1770201961.3757,0.7848745584487915,0.9339025616645813,0.8270918130874634,0.19266585,0.26428044,0.2142968,0.1657452,0.16301171,0.9532832,0.97543824,0.9325715,0.83689386,0.97132605
1770201961.4786,0.7707488536834717,0.8911303877830505,0.7717095613479614,0.20904808,0.26531258,0.2206215,0.15360552,0.15141232,0.91034955,0.81077147,0.79129195,0.9837029,0.9595358
1770201961.5645,0.7637325525283813,0.8855586051940918,0.6711090803146362,0.20623308,0.207237,0.1853116,0.20689242,0.19432591,0.8200324,0.8289571,0.89774966,0.9460504,0.9350036
1770201961.6612,0.7902869582176208,0.9073058366775513,0.5433951020240784,0.2182465,0.21868904,0.18700948,0.19421215,0.18184285,0.88684803,0.8167616,0.90887684,0.9704367,0.953606
1770201961.8001,0.7496817111968994,0.8745166659355164,0.5139533877372742,0.22961839,0.20285438,0.18651552,0.1942918,0.18671995,0.8538884,0.81041664,0.77441657,0.9714414,0.9624207
1770201961.8801,0.7735893130302429,0.9339025616645813,0.5547955632209778,0.21967383,0.18926845,0.18491478,0.22726265,0.17888026,0.9532832,0.97543824,0.9325715,0.83689386,0.97132605
1770201962.0106,0.7912462949752808,0.8911303877830505,0.654699981212616,0.21819407,0.22969218,0.19487643,0.18677182,0.17046556,0.91034955,0.81077147,0.79129195,0.9837029,0.9595358
1770201962.0673,0.7867799997329712,0.9222347140312195,0.67542964220047,0.23281983,0.1995495,0.17475957,0.20909621,0.18377481,0.92190015,0.81509984,0.95972556,0.96643305,0.94801474
1770201962.1949,0.8064120411872864,0.8745166659355164,0.6856508851051331,0.2030472,0.26450485,0.23956448,0.14245032,0.15043312,0.8538884,0.81041664,0.77441657,0.9714414,0.9624207
1770201962.2854,0.8156383037567139,0.8927704691886902,0.7072815895080566,0.18962374,0.2273073,0.20327717,0.16813797,0.2116538,0.89277047,0.89277047,0.89277047,0.89277047,0.89277047
1770201962.3642,0.7646989822387695,0.9222347140312195,0.7785899043083191,0.23637208,0.20046982,0.17290014,0.18817548,0.20208247,0.92190015,0.81509984,0.95972556,0.96643305,0.94801474
1770201962.4596,0.8117217421531677,0.9339025616645813,0.9188466668128967,0.22041269,0.231226,0.19774967,0.16695626,0.18365538,0.9532832,0.97543824,0.9325715,0.83689386,0.97132605
1770201962.6539,0.8022865056991577,0.9004126787185669,0.9188466668128967,0.21225835,0.18167852,0.179621,0.20658061,0.2198615,0.9157974,0.8275773,0.85146916,0.9644985,0.94272083
1770201962.7696,0.8132358193397522,0.9004126787185669,0.9752041697502136,0.20422724,0.20220481,0.19247228,0.18777329,0.21332249,0.9157974,0.8275773,0.85146916,0.9644985,0.94272083
1770201962.8428,0.8247714042663574,0.9073058366775513,0.9996394515037537,0.22068185,0.23319158,0.20034295,0.1690472,0.17673649,0.88684803,0.8167616,0.90887684,0.9704367,0.953606
1770201962.9368,0.8054854869842529,0.8733660578727722,0.9484251737594604,0.22670102,0.21902062,0.1858848,0.19277318,0.17562036,0.87336606,0.87336606,0.87336606,0.87336606,0.87336606
1770201963.0814,0.8361196517944336,0.9004126787185669,0.7149261236190796,0.22441696,0.23626263,0.23255554,0.14313827,0.16362657,0.9157974,0.8275773,0.85146916,0.9644985,0.94272083
1770201963.2228,0.7921123504638672,0.8733659982681274,0.4643537104129791,0.20263264,0.23726308,0.21554358,0.15212089,0.19243981,0.851691,0.7883301,0.8663157,0.904251,0.9562418
1770201963.3723,0.813797116279602,0.9339025616645813,0.28001976013183594,0.18035501,0.24801719,0.22771047,0.16175126,0.18216605,0.9532832,0.97543824,0.9325715,0.83689386,0.97132605
1770201963.4714,0.779344916343689,0.9022508859634399,0.2160431295633316,0.16433102,0.27472004,0.26474908,0.14225307,0.15394682,0.94568723,0.8782218,0.76481,0.95629716,0.96623826
1770201963.5817,0.8027927875518799,0.8733659982681274,0.18635766208171844,0.19564937,0.23460065,0.19810674,0.17264311,0.19900009,0.851691,0.7883301,0.8663157,0.904251,0.9562418
1770201963.7052,0.8019307851791382,0.9073058366775513,0.24340632557868958,0.16334988,0.28499153,0.24767567,0.1466091,0.15737382,0.88684803,0.8167616,0.90887684,0.9704367,0.953606
1770201963.8700,0.8153855800628662,0.8824846148490906,0.3894928991794586,0.18922111,0.23470232,0.22393401,0.18738124,0.1647613,0.9145035,0.82874286,0.7833671,0.9424176,0.9433919
1770201963.9610,0.8105592131614685,0.9286519289016724,0.4957753121852875,0.17898138,0.23110265,0.23085202,0.2012685,0.15779558,0.9476935,0.98128957,0.8367676,0.9105198,0.966989
1770201964.1146,0.7926494479179382,0.8824846148490906,0.6494976878166199,0.17328864,0.22491659,0.19581825,0.21136041,0.19461614,0.9145035,0.82874286,0.7833671,0.9424176,0.9433919
1770201964.1898,0.7742984294891357,0.9222347140312195,0.6500174403190613,0.1588108,0.28122503,0.24695472,0.17138077,0.14162871,0.92190015,0.81509984,0.95972556,0.96643305,0.94801474
1770201964.3047,0.8131746053695679,0.9034482836723328,0.594028890132904,0.15962216,0.28228253,0.21641761,0.20562285,0.13605483,0.9034483,0.9034483,0.9034483,0.9034483,0.9034483
1770201964.3824,0.7741620540618896,0.9014150500297546,0.5410247445106506,0.16768424,0.26274946,0.22221078,0.1841977,0.16315776,0.9182613,0.8072031,0.85222244,0.9848237,0.9445646
1770201964.5068,0.7678658962249756,0.9014150500297546,0.5180916786193848,0.1807145,0.26052472,0.22257973,0.17710088,0.15908015,0.9182613,0.8072031,0.85222244,0.9848237,0.9445646
1770201964.6015,0.7989809513092041,0.9073058366775513,0.5548239350318909,0.1812362,0.2638188,0.21341546,0.181446,0.16008356,0.88684803,0.8167616,0.90887684,0.9704367,0.953606
1770201964.7554,0.7961094975471497,0.9034482836723328,0.5835483074188232,0.20126797,0.24509649,0.2000306,0.20139833,0.15220656,0.90205365,0.8022729,0.9587052,0.9226242,0.9315856
1770201964.8958,0.7859407663345337,0.8745166659355164,0.5960128903388977,0.15721388,0.28431764,0.27501857,0.1383639,0.145086,0.8538884,0.81041664,0.77441657,0.9714414,0.9624207
1770201964.9795,0.796527624130249,0.9339025616645813,0.573943555355072,0.1675334,0.24353336,0.23383698,0.17616676,0.17892954,0.9532832,0.97543824,0.9325715,0.83689386,0.97132605
1770201965.1912,0.8218113780021667,0.9339025616645813,0.4957158863544464,0.2030485,0.23089196,0.2051542,0.18081644,0.18008901,0.9532832,0.97543824,0.9325715,0.83689386,0.97132605
1770201965.2928,0.7913709282875061,0.9073058366775513,0.4629305303096771,0.21773095,0.2331036,0.21504225,0.1650384,0.16908482,0.88684803,0.8167616,0.90887684,0.9704367,0.953606
1770201965.3691,0.7968987226486206,0.8855586051940918,0.4773592948913574,0.22774215,0.2249879,0.2353537,0.14896336,0.16295299,0.8200324,0.8289571,0.89774966,0.9460504,0.9350036
1770201965.5079,0.7732194662094116,0.8824846148490906,0.5064978003501892,0.22361284,0.21014005,0.20787747,0.17676614,0.1816035,0.9145035,0.82874286,0.7833671,0.9424176,0.9433919
1770201965.6035,0.7850371599197388,0.8927704691886902,0.48950788378715515,0.23734123,0.18696272,0.21087418,0.17853844,0.18628338,0.89277047,0.89277047,0.89277047,0.89277047,0.89277047
1770201965.6657,0.7506271600723267,0.8824846148490906,0.4479128420352936,0.25856066,0.20184608,0.19570549,0.15247189,0.19141588,0.9145035,0.82874286,0.7833671,0.9424176,0.9433919
1770201965.7585,0.7425437569618225,0.8823301196098328,0.37280362844467163,0.25139955,0.21932332,0.19026326,0.15895288,0.18006104,0.87721044,0.83098924,0.7873547,0.9783674,0.93772864
1770201965.8673,0.7858666181564331,0.8927704691886902,0.3122260570526123,0.19300118,0.22043593,0.24236636,0.14018267,0.2040139,0.89277047,0.89277047,0.89277047,0.89277047,0.89277047
1770201965.9615,0.7603932619094849,0.8420812487602234,0.30725759267807007,0.21894951,0.23404413,0.2287959,0.15152773,0.16668266,0.9220435,0.77875394,0.6566426,0.90408826,0.9488779
1770201966.0436,0.7482017278671265,0.8823301196098328,0.3641901910305023,0.22914627,0.21214768,0.22135909,0.16381103,0.1735359,0.87721044,0.83098924,0.7873547,0.9783674,0.93772864
1770201966.2002,0.7903805375099182,0.8823301196098328,0.4623083174228668,0.24552658,0.23827992,0.21321122,0.14750463,0.15547764,0.87721044,0.83098924,0.7873547,0.9783674,0.93772864
1770201966.3008,0.8143552541732788,0.9339025616645813,0.4164983630180359,0.19855589,0.19216312,0.20974828,0.21292928,0.18660337,0.9532832,0.97543824,0.9325715,0.83689386,0.97132605
1770201966.3988,0.7829011678695679,0.9339025616645813,0.33837640285491943,0.17186403,0.22736901,0.26487684,0.17497298,0.16091716,0.9532832,0.97543824,0.9325715,0.83689386,0.97132605
1770201966.5180,0.7869831323623657,0.872667133808136,0.27840185165405273,0.15609328,0.24939024,0.26624638,0.17875913,0.1495109,0.83344036,0.818583,0.79085284,0.9783925,0.94206685
1770201966.6608,0.79039466381073,0.8824846148490906,0.26807573437690735,0.16863005,0.24366894,0.25845438,0.1500313,0.1792153,0.9145035,0.82874286,0.7833671,0.9424176,0.9433919
1770201966.7371,0.7992849349975586,0.9339025616645813,0.2733917534351349,0.16315524,0.23292805,0.26353115,0.16298276,0.1774028,0.9532832,0.97543824,0.9325715,0.83689386,0.97132605
1770201966.8576,0.7590458393096924,0.8823301196098328,0.29341524839401245,0.19794743,0.21452844,0.20345686,0.18618524,0.19788206,0.87721044,0.83098924,0.7873547,0.9783674,0.93772864
1770201966.9862,0.7786203622817993,0.8927704691886902,0.34610000252723694,0.2178552,0.17728199,0.20231187,0.19918886,0.20336206,0.89277047,0.89277047,0.89277047,0.89277047,0.89277047
1770201967.1374,0.7680597305297852,0.8938388228416443,0.38760048151016235,0.18569045,0.24841371,0.23757206,0.15610474,0.17221905,0.8439072,0.84662503,0.91838497,0.91670483,0.9435717
1770201967.2236,0.7913732528686523,0.9124259948730469,0.385195255279541,0.1917058,0.24624634,0.23075035,0.1632376,0.16805989,0.8862884,0.8077398,0.962682,0.9503946,0.95502496
1770201967.3720,0.776611328125,0.9004126787185669,0.3469769060611725,0.20732608,0.2181787,0.20034645,0.17914449,0.19500421,0.9157974,0.8275773,0.85146916,0.9644985,0.94272083
1770201967.5065,0.7871538400650024,0.9286519289016724,0.2933364510536194,0.19684939,0.19343238,0.20732722,0.21409582,0.18829525,0.9476935,0.98128957,0.8367676,0.9105198,0.966989
1770201967.6088,0.7998430132865906,0.8745166659355164,0.2405368685722351,0.18794386,0.24426918,0.26435888,0.1415332,0.16189492,0.8538884,0.81041664,0.77441657,0.9714414,0.9624207
1770201967.6982,0.7741681337356567,0.8841974139213562,0.20007866621017456,0.19486845,0.2240047,0.20669152,0.18767722,0.18675807,0.8482122,0.8154934,0.8397461,0.97653824,0.9409974
1770201967.7972,0.7647361159324646,0.8823301196098328,0.17416134476661682,0.22662154,0.22900808,0.18950275,0.16929673,0.18557093,0.87721044,0.83098924,0.7873547,0.9783674,0.93772864
1770201967.8915,0.7888448238372803,0.889599621295929,0.18157102167606354,0.21420428,0.2275828,0.21460728,0.17478569,0.16881998,0.85485655,0.8125097,0.90886414,0.9302074,0.94156057
1770201967.9942,0.8115476369857788,0.9124259948730469,0.21771280467510223,0.18981436,0.237584,0.23990823,0.17096862,0.16172487,0.8862884,0.8077398,0.962682,0.9503946,0.95502496
1770201968.1344,0.7910112738609314,0.9339025616645813,0.33182385563850403,0.19886467,0.20764157,0.2006539,0.19999881,0.19284101,0.9532832,0.97543824,0.9325715,0.83689386,0.97132605
1770201968.2239,0.8020616769790649,0.9004126787185669,0.3931908905506134,0.20480609,0.2427978,0.19663052,0.17749625,0.17826942,0.9157974,0.8275773,0.85146916,0.9644985,0.94272083
1770201968.3747,0.7962180972099304,0.8680574297904968,0.44687798619270325,0.18702762,0.24545644,0.2715456,0.14940849,0.14656189,0.91564053,0.7915046,0.82609874,0.8628792,0.9441642
1770201968.4708,0.7766234874725342,0.9124259948730469,0.44826436042785645,0.16677263,0.26230663,0.26660985,0.15247615,0.15183476,0.8862884,0.8077398,0.962682,0.9503946,0.95502496
1770201968.5982,0.7819158434867859,0.9014150500297546,0.5382073521614075,0.19089805,0.24068932,0.2266954,0.17522638,0.16649082,0.9182613,0.8072031,0.85222244,0.9848237,0.9445646
1770201968.6827,0.7571561336517334,0.8823301196098328,0.6252211332321167,0.20522584,0.2546432,0.21961193,0.1614146,0.15910439,0.87721044,0.83098924,0.7873547,0.9783674,0.93772864
1770201968.7608,0.782470166683197,0.8927704691886902,0.6803766489028931,0.19687626,0.19783123,0.21554722,0.20058788,0.18915738,0.89277047,0.89277047,0.89277047,0.89277047,0.89277047
1770201968.8918,0.7836480736732483,0.9124259948730469,0.6960436105728149,0.17756216,0.25364366,0.2409643,0.16900595,0.15882392,0.8862884,0.8077398,0.962682,0.9503946,0.95502496
1770201969.0264,0.7801288366317749,0.889599621295929,0.6790823340415955,0.20022646,0.24054876,0.2142609,0.17924552,0.16571839,0.85485655,0.8125097,0.90886414,0.9302074,0.94156057
1770201969.1420,0.8227821588516235,0.9286519289016724,0.6920753717422485,0.18015073,0.22055677,0.22549139,0.21597494,0.15782613,0.9476935,0.98128957,0.8367676,0.9105198,0.966989
1770201969.2295,0.7784236073493958,0.9286519289016724,0.6687888503074646,0.1859909,0.22786726,0.2267274,0.19416764,0.16524678,0.9476935,0.98128957,0.8367676,0.9105198,0.966989
1770201969.3837,0.7875431180000305,0.9339025616645813,0.5994977951049805,0.1700342,0.21493016,0.21103983,0.21766995,0.18632591,0.9532832,0.97543824,0.9325715,0.83689386,0.97132605
1770201969.5816,0.7957034707069397,0.9339025616645813,0.5437530279159546,0.20654178,0.21958968,0.20033987,0.20440647,0.1691222,0.9532832,0.97543824,0.9325715,0.83689386,0.97132605
1770201969.7174,0.8146974444389343,0.9339025616645813,0.5488450527191162,0.18910702,0.21781848,0.20239516,0.20521943,0.1854599,0.9532832,0.97543824,0.9325715,0.83689386,0.97132605
1770201969.8607,0.776495635509491,0.8868350386619568,0.5023557543754578,0.2054292,0.26143888,0.21581839,0.1447893,0.17252421,0.88683504,0.88683504,0.88683504,0.88683504,0.88683504
1770201969.9897,0.7673028707504272,0.8823301196098328,0.526383638381958,0.1952886,0.22186753,0.19757761,0.20028348,0.18498276,0.87721044,0.83098924,0.7873547,0.9783674,0.93772864
1770201970.0912,0.7903218269348145,0.9073058366775513,0.5554142594337463,0.19861166,0.24882856,0.20675616,0.1780861,0.16771749,0.88684803,0.8167616,0.90887684,0.9704367,0.953606
1770201970.1434,0.7868659496307373,0.8938388228416443,0.624117374420166,0.17572,0.257261,0.23875467,0.16361919,0.16464512,0.8439072,0.84662503,0.91838497,0.91670483,0.9435717
1770201970.3074,0.7805564403533936,0.8933401107788086,0.9885963201522827,0.20750031,0.24355638,0.22120208,0.14933187,0.1784093,0.8714574,0.84399176,0.8215381,0.991871,0.9378422
1770201970.6068,0.761549711227417,0.8841974139213562,1.0,0.17915757,0.23185745,0.22432117,0.19284919,0.17181468,0.8482122,0.8154934,0.8397461,0.97653824,0.9409974
1770201970.6873,0.7820802927017212,0.889599621295929,0.7996234893798828,0.21768367,0.23298272,0.2056657,0.17867397,0.1649939,0.85485655,0.8125097,0.90886414,0.9302074,0.94156057
1770201970.8667,0.7820700407028198,0.8823301196098328,0.553985595703125,0.19584343,0.24677989,0.22943808,0.16621783,0.16172084,0.87721044,0.83098924,0.7873547,0.9783674,0.93772864
1770201970.9481,0.7810182571411133,0.8680574297904968,0.6753538250923157,0.1954173,0.23555923,0.26635677,0.15291634,0.14975041,0.91564053,0.7915046,0.82609874,0.8628792,0.9441642
1770201971.3256,0.7662032246589661,0.8823301196098328,0.5994654893875122,0.21674591,0.2295268,0.20567662,0.17499,0.17306069,0.87721044,0.83098924,0.7873547,0.9783674,0.93772864
1770201971.4611,0.7871631383895874,0.8868350386619568,0.509757399559021,0.1832239,0.23705117,0.25673214,0.1670604,0.15593235,0.89670366,0.7898576,0.8069888,0.9997211,0.940904
1770201971.5759,0.7651326656341553,0.8933401107788086,0.5750839710235596,0.18263912,0.23536633,0.2612088,0.15117292,0.16961281,0.8714574,0.84399176,0.8215381,0.991871,0.9378422
1770201971.6697,0.7987422943115234,0.9073058366775513,0.5947766900062561,0.19245972,0.24197155,0.23965895,0.16570069,0.16020915,0.88684803,0.8167616,0.90887684,0.9704367,0.953606
1770201972.0457,0.8177105188369751,0.9339025616645813,0.40140584111213684,0.18790522,0.20230098,0.2184862,0.21132821,0.17997935,0.9532832,0.97543824,0.9325715,0.83689386,0.97132605
1770201972.1557,0.783787190914154,0.8680574297904968,0.5135825872421265,0.19724658,0.23775306,0.27063128,0.14559036,0.14877869,0.91564053,0.7915046,0.82609874,0.8628792,0.9441642
1770201972.2947,0.7822118997573853,0.8806341290473938,0.7072780728340149,0.20017566,0.21967286,0.25415593,0.16445494,0.16154061,0.8130483,0.79871935,0.8939668,0.95243937,0.9449968
1770201972.4512,0.753045916557312,0.8824846148490906,0.8470631241798401,0.21517876,0.21996133,0.20852149,0.16682981,0.1895086,0.9145035,0.82874286,0.7833671,0.9424176,0.9433919
1770201972.6755,0.7824323177337646,0.9339025616645813,0.8693247437477112,0.21079051,0.21664749,0.20886497,0.18345283,0.18024427,0.9532832,0.97543824,0.9325715,0.83689386,0.97132605
1770201972.8258,0.7794405817985535,0.8680574297904968,0.7732163667678833,0.19798827,0.24773651,0.2636187,0.14224333,0.14841314,0.91564053,0.7915046,0.82609874,0.8628792,0.9441642
1770201972.9014,0.8162521123886108,0.9339025616645813,0.7483761310577393,0.17548062,0.21274212,0.22566377,0.1972382,0.18887527,0.9532832,0.97543824,0.9325715,0.83689386,0.97132605
1770201972.9645,0.7973794937133789,0.889599621295929,0.7277252674102783,0.19268338,0.24025689,0.19407941,0.20095406,0.17202628,0.85485655,0.8125097,0.90886414,0.9302074,0.94156057
1770201973.4506,0.763845682144165,0.8824846148490906,0.7790664434432983,0.18822916,0.25459233,0.23472962,0.15555412,0.16689484,0.9145035,0.82874286,0.7833671,0.9424176,0.9433919
1770201973.7948,0.7721078395843506,0.9014150500297546,0.6004229187965393,0.20081002,0.26055726,0.22551009,0.1461281,0.16699454,0.9182613,0.8072031,0.85222244,0.9848237,0.9445646
1770201974.1336,0.7530322074890137,0.8824846148490906,0.6299751996994019,0.20217767,0.24267022,0.22430362,0.1572825,0.17356592,0.9145035,0.82874286,0.7833671,0.9424176,0.9433919
1770201974.2676,0.75101637840271,0.9111821055412292,0.4532228112220764,0.19312921,0.22176036,0.20596604,0.19606477,0.18307965,0.9111821,0.9111821,0.9111821,0.9111821,0.9111821
1770201974.3633,0.7512311339378357,0.9128198623657227,0.39046457409858704,0.1827732,0.2574749,0.24173674,0.15587454,0.16214064,0.86489195,0.8281829,0.9382504,0.9907674,0.94200665
1770201974.7934,0.7568255662918091,0.9286519289016724,0.4617820978164673,0.18205616,0.2233668,0.22330375,0.21105805,0.16021524,0.9476935,0.98128957,0.8367676,0.9105198,0.966989
1770201974.9272,0.6981801986694336,0.9339025616645813,0.3702611029148102,0.21240717,0.21869187,0.2030291,0.1829568,0.18291508,0.9532832,0.97543824,0.9325715,0.83689386,0.97132605
1770201975.1469,0.6939007639884949,0.9128198623657227,0.542232096195221,0.18794936,0.2431924,0.23945588,0.16182218,0.16758011,0.86489195,0.8281829,0.9382504,0.9907674,0.94200665
1770201975.3350,0.695936918258667,0.8824846148490906,0.9254167675971985,0.1964991,0.22348967,0.20875022,0.19318193,0.17807904,0.9145035,0.82874286,0.7833671,0.9424176,0.9433919
1770201975.4379,0.7564787268638611,0.9339025616645813,0.97674560546875,0.18890418,0.2124044,0.21857844,0.21243241,0.16768058,0.9532832,0.97543824,0.9325715,0.83689386,0.97132605
1770201975.6380,0.6908605694770813,0.8868350386619568,0.6919824481010437,0.1965428,0.21548708,0.2439628,0.17865202,0.16535527,0.89670366,0.7898576,0.8069888,0.9997211,0.940904
1770201975.7947,0.6990144848823547,0.9014150500297546,0.4330475330352783,0.21785694,0.20542155,0.1921117,0.20736578,0.1772441,0.9182613,0.8072031,0.85222244,0.9848237,0.9445646
1770201975.9359,0.7668120861053467,0.8994520306587219,0.35922107100486755,0.20484065,0.1955651,0.18232791,0.23853242,0.1787339,0.91102004,0.8543751,0.8272422,0.965,0.9396229
1770201976.1836,0.727760910987854,0.889599621295929,0.3487657606601715,0.22511823,0.2177932,0.16915207,0.2068738,0.18106261,0.85485655,0.8125097,0.90886414,0.9302074,0.94156057
1770201976.4557,0.7499779462814331,0.8994520306587219,0.37076371908187866,0.23454767,0.19473733,0.16756321,0.2044348,0.198717,0.91102004,0.8543751,0.8272422,0.965,0.9396229
1770201976.5255,0.7907015085220337,0.9339025616645813,0.3715866804122925,0.23367192,0.20238419,0.15880865,0.21401286,0.19112237,0.9532832,0.97543824,0.9325715,0.83689386,0.97132605
1770201976.6877,0.7627757787704468,0.9128198623657227,0.36885273456573486,0.24267727,0.21138386,0.18122293,0.16576679,0.19894916,0.86489195,0.8281829,0.9382504,0.9907674,0.94200665
1770201976.8631,0.7528612613677979,0.8823301196098328,0.3349897861480713,0.24959463,0.20124169,0.15203571,0.18985707,0.20727089,0.87721044,0.83098924,0.7873547,0.9783674,0.93772864
1770201977.6688,0.7370211482048035,0.9286519289016724,0.6437450647354126,0.2309178,0.20143229,0.19069755,0.17996405,0.19698828,0.9476935,0.98128957,0.8367676,0.9105198,0.966989
1770201977.7361,0.7694252729415894,0.8680574297904968,0.7001729607582092,0.25168857,0.20867656,0.18957186,0.16677438,0.18328868,0.91564053,0.7915046,0.82609874,0.8628792,0.9441642
1770201978.1083,0.7904340028762817,0.8868350386619568,0.7876251935958862,0.23194546,0.21698382,0.18426026,0.17630693,0.19050343,0.89670366,0.7898576,0.8069888,0.9997211,0.940904
1770201978.5317,0.751496434211731,0.8933401107788086,0.4649159610271454,0.19149663,0.21214806,0.2133652,0.18345381,0.19953628,0.8714574,0.84399176,0.8215381,0.991871,0.9378422
1770201978.9367,0.7634419202804565,0.8745166659355164,0.3610224723815918,0.22041957,0.21218364,0.19516698,0.18778265,0.18444721,0.8538884,0.81041664,0.77441657,0.9714414,0.9624207
1770201979.2894,0.7625694274902344,0.9339025616645813,0.37838974595069885,0.1916602,0.2254514,0.23618694,0.16885896,0.17784248,0.9532832,0.97543824,0.9325715,0.83689386,0.97132605
1770201979.4841,0.7953677773475647,0.8842129111289978,0.31167587637901306,0.19914605,0.20980816,0.22530231,0.18892248,0.17682105,0.9074195,0.8393498,0.82674503,0.9098966,0.9376536
1770201979.7635,0.806963324546814,0.8927704691886902,0.44952768087387085,0.17861077,0.20843114,0.2336401,0.19910556,0.18021241,0.89277047,0.89277047,0.89277047,0.89277047,0.89277047
1770201980.1815,0.7650988101959229,0.9222347140312195,0.9579861760139465,0.19884098,0.22613907,0.22305158,0.18574949,0.1662189,0.92190015,0.81509984,0.95972556,0.96643305,0.94801474
1770201980.5992,0.7944884896278381,0.8680574297904968,0.6816549897193909,0.18262117,0.2125011,0.2801325,0.17947316,0.14527205,0.91564053,0.7915046,0.82609874,0.8628792,0.9441642
1770201981.0060,0.804976224899292,0.9339025616645813,0.41994020342826843,0.17835961,0.21650688,0.24698281,0.20221214,0.15593855,0.9532832,0.97543824,0.9325715,0.83689386,0.97132605
1770201981.2992,0.8149339556694031,0.8938388228416443,0.39298802614212036,0.17833966,0.24794699,0.23808819,0.18802604,0.1475992,0.8439072,0.84662503,0.91838497,0.91670483,0.9435717
1770201981.5621,0.8226451873779297,0.8823301196098328,0.32644787430763245,0.16384752,0.22352326,0.23494253,0.22105573,0.1566309,0.87721044,0.83098924,0.7873547,0.9783674,0.93772864
1770201981.9275,0.8362587690353394,0.8994520306587219,0.5225721001625061,0.19550459,0.2361789,0.21884523,0.19167377,0.15779743,0.91102004,0.8543751,0.8272422,0.965,0.9396229
1770201982.3514,0.8209214210510254,0.8994520306587219,0.49587899446487427,0.1848783,0.24389139,0.24027699,0.17338772,0.15756558,0.91102004,0.8543751,0.8272422,0.965,0.9396229
1770201982.5613,0.8322699069976807,0.9073058366775513,0.5735301971435547,0.19015327,0.26923996,0.20526455,0.18481833,0.15052393,0.88684803,0.8167616,0.90887684,0.9704367,0.953606
1770201983.0922,0.7995491027832031,0.889599621295929,0.6421992182731628,0.20016523,0.27857032,0.21225074,0.15898384,0.15002984,0.85485655,0.8125097,0.90886414,0.9302074,0.94156057
1770201983.2679,0.7366446256637573,0.9060994982719421,0.4165422022342682,0.20565596,0.26081613,0.2124969,0.15609069,0.16494028,0.9390825,0.84382826,0.8146858,0.9706287,0.9622724
1770201983.6764,0.7658201456069946,0.8806341290473938,1.0,0.20198202,0.2628317,0.21275698,0.15858516,0.16384418,0.8130483,0.79871935,0.8939668,0.95243937,0.9449968
1770201984.0296,0.7710291147232056,0.8745166659355164,0.9670941829681396,0.20382299,0.24731873,0.19246872,0.1808802,0.1755094,0.8538884,0.81041664,0.77441657,0.9714414,0.9624207
1770201984.3407,0.8222793340682983,0.9128198623657227,0.47060197591781616,0.2254014,0.26264295,0.18258983,0.16001053,0.1693553,0.86489195,0.8281829,0.9382504,0.9907674,0.94200665
1770201984.9301,0.7870776653289795,0.8855586051940918,0.6075703501701355,0.23024641,0.26133,0.16921689,0.17288734,0.16631933,0.8200324,0.8289571,0.89774966,0.9460504,0.9350036
1770201985.4697,0.774212658405304,0.8994520306587219,0.5037685632705688,0.20340113,0.2572488,0.20546225,0.15652966,0.17735822,0.91102004,0.8543751,0.8272422,0.965,0.9396229
1770201987.2729,0.7963609099388123,0.8823301196098328,0.5992884039878845,0.20289804,0.24089463,0.18926542,0.18986067,0.17708123,0.87721044,0.83098924,0.7873547,0.9783674,0.93772864
1770201989.2973,0.804649293422699,0.9339025616645813,0.504856526851654,0.19717455,0.24413967,0.20185147,0.18894917,0.16788514,0.9532832,0.97543824,0.9325715,0.83689386,0.97132605
1770201990.8982,0.8356186151504517,0.8994520306587219,0.544158399105072,0.20585199,0.22802943,0.1901561,0.19854748,0.17741503,0.91102004,0.8543751,0.8272422,0.965,0.9396229
1770201991.8275,0.7757811546325684,0.9339025616645813,0.8094048500061035,0.21592462,0.22791414,0.188266,0.19000092,0.17789435,0.9532832,0.97543824,0.9325715,0.83689386,0.97132605
1770201992.0762,0.7927724123001099,0.8824846148490906,0.6038380861282349,0.19687657,0.2509696,0.20794052,0.1803818,0.16383147,0.9145035,0.82874286,0.7833671,0.9424176,0.9433919
1770201992.4542,0.8149725198745728,0.8927704691886902,0.48660340905189514,0.17469865,0.2417712,0.23607942,0.18253762,0.16491309,0.89277047,0.89277047,0.89277047,0.89277047,0.89277047
1770201993.2913,0.8135548830032349,0.889599621295929,0.7773346900939941,0.19399089,0.25983095,0.21528077,0.17986898,0.15102838,0.85485655,0.8125097,0.90886414,0.9302074,0.94156057
1770201994.8004,0.8057373762130737,0.9073058366775513,0.5889368057250977,0.17283101,0.2652238,0.24397466,0.16510104,0.15286945,0.88684803,0.8167616,0.90887684,0.9704367,0.953606
1770201995.2435,0.8227787017822266,0.8655948638916016,0.6752421259880066,0.17577457,0.26000443,0.23490614,0.17631234,0.15300253,0.86559486,0.86559486,0.86559486,0.86559486,0.86559486
1770201995.3122,0.8137269020080566,0.9339025616645813,0.7544364333152771,0.22172976,0.20221421,0.22238977,0.18640827,0.16725802,0.9532832,0.97543824,0.9325715,0.83689386,0.97132605
1770201995.5539,0.7370178699493408,0.8823301196098328,0.8679190278053284,0.18979387,0.23475863,0.25810352,0.16231398,0.15503004,0.87721044,0.83098924,0.7873547,0.9783674,0.93772864
1770201996.0255,0.7827467918395996,0.9339025616645813,0.5181555151939392,0.20194131,0.21548387,0.22919258,0.18426466,0.16911757,0.9532832,0.97543824,0.9325715,0.83689386,0.97132605
1770201996.1595,0.7898503541946411,0.8655948638916016,0.5193473100662231,0.18503335,0.25696945,0.24340467,0.17243503,0.14215751,0.86559486,0.86559486,0.86559486,0.86559486,0.86559486
1770201996.4716,0.7925942540168762,0.8994520306587219,0.4339040517807007,0.19301076,0.24354675,0.24711388,0.16123427,0.15509436,0.91102004,0.8543751,0.8272422,0.965,0.9396229
1770201996.8630,0.748252272605896,0.9073058366775513,0.4655073285102844,0.18777631,0.25071484,0.24299192,0.16669631,0.15182063,0.88684803,0.8167616,0.90887684,0.9704367,0.953606
1770201997.0907,0.7034220695495605,0.9004126787185669,0.4351995289325714,0.19866265,0.23501788,0.22200689,0.1809202,0.16339238,0.9157974,0.8275773,0.85146916,0.9644985,0.94272083
1770201997.2958,0.7512445449829102,0.8824846148490906,0.3779710829257965,0.20153528,0.23711479,0.23211907,0.16749516,0.16173568,0.9145035,0.82874286,0.7833671,0.9424176,0.9433919
1770201997.8506,0.7069693803787231,0.9022508859634399,0.7171571850776672,0.2017777,0.23452114,0.2326839,0.18250753,0.14850974,0.94568723,0.8782218,0.76481,0.95629716,0.96623826
1770201998.1929,0.7145394682884216,0.8927704691886902,0.5269315838813782,0.2007183,0.20857735,0.21175857,0.19405244,0.18489335,0.89277047,0.89277047,0.89277047,0.89277047,0.89277047
1770201998.6679,0.718062698841095,0.9014150500297546,0.906461775302887,0.21535616,0.21478854,0.20085013,0.17829265,0.1907125,0.9182613,0.8072031,0.85222244,0.9848237,0.9445646
1770201999.0433,0.7509423494338989,0.8824846148490906,0.5062225461006165,0.2278405,0.2194044,0.19430114,0.17230633,0.18614763,0.9145035,0.82874286,0.7833671,0.9424176,0.9433919
1770201999.8804,0.7702618837356567,0.9004126787185669,0.8766076564788818,0.22313978,0.21551433,0.18152504,0.18835545,0.19146544,0.9157974,0.8275773,0.85146916,0.9644985,0.94272083
1770202000.4134,0.7879500389099121,0.9339025616645813,0.8103147149085999,0.22929199,0.21293993,0.17234966,0.17035756,0.2150609,0.9532832,0.97543824,0.9325715,0.83689386,0.97132605
1770202000.5846,0.7457985281944275,0.8868350386619568,0.7356038093566895,0.21553011,0.20758946,0.2024846,0.17185356,0.2025422,0.89670366,0.7898576,0.8069888,0.9997211,0.940904
1770202001.0956,0.7265532612800598,0.9339025616645813,0.4031769335269928,0.21873865,0.20366684,0.1879998,0.1779997,0.211595,0.9532832,0.97543824,0.9325715,0.83689386,0.97132605
1770202001.3864,0.7339572906494141,0.9222347140312195,0.2871430516242981,0.23005474,0.20988321,0.18113844,0.16539241,0.21353121,0.92190015,0.81509984,0.95972556,0.96643305,0.94801474
1770202001.5174,0.7347473502159119,0.9014150500297546,0.2744710445404053,0.2028374,0.20836963,0.2067495,0.16650595,0.21553747,0.9182613,0.8072031,0.85222244,0.9848237,0.9445646
1770202001.6427,0.6905691623687744,0.8680574297904968,0.2489376664161682,0.21042828,0.20766547,0.2097325,0.16658632,0.20558742,0.91564053,0.7915046,0.82609874,0.8628792,0.9441642
1770202001.8765,0.7247856259346008,0.9217155575752258,0.16908146440982819,0.18619405,0.20789349,0.22320832,0.17144889,0.2112553,0.9028599,0.8307479,0.9606819,0.9813788,0.9329094
1770202002.1008,0.746832549571991,0.9339025616645813,0.16414357721805573,0.212024,0.20741497,0.19015588,0.16561158,0.22479354,0.9532832,0.97543824,0.9325715,0.83689386,0.97132605
1770202002.4029,0.7657317519187927,0.8655948638916016,0.4050710201263428,0.20214091,0.23042957,0.19100858,0.16813132,0.20828964,0.86559486,0.86559486,0.86559486,0.86559486,0.86559486
1770202002.8950,0.7358409762382507,0.9022508859634399,0.30867549777030945,0.19167188,0.21947044,0.21837285,0.18925044,0.18123439,0.94568723,0.8782218,0.76481,0.95629716,0.96623826
1770202003.3233,0.7385650873184204,0.8994520306587219,0.27153223752975464,0.20137344,0.21882671,0.21982905,0.15682983,0.20314097,0.91102004,0.8543751,0.8272422,0.965,0.9396229
1770202003.6529,0.7682770490646362,0.8745166659355164,0.17787356674671173,0.21215312,0.23340423,0.21769468,0.14708944,0.1896585,0.8538884,0.81041664,0.77441657,0.9714414,0.9624207
1770202003.9846,0.7915356755256653,0.9339025616645813,0.16152872145175934,0.21499497,0.22228634,0.19007076,0.17476583,0.19788218,0.9532832,0.97543824,0.9325715,0.83689386,0.97132605
1770202004.1689,0.749549150466919,0.8841974139213562,0.16477318108081818,0.22270209,0.23727962,0.18361233,0.17303091,0.18337505,0.8482122,0.8154934,0.8397461,0.97653824,0.9409974
1770202004.2509,0.7867697477340698,0.889599621295929,0.15713277459144592,0.23019609,0.22961214,0.18591729,0.18393856,0.17033586,0.85485655,0.8125097,0.90886414,0.9302074,0.94156057
1770202004.7655,0.778537929058075,0.9132227301597595,0.22705525159835815,0.22533691,0.21555135,0.20359045,0.19236448,0.1631568,0.90661454,0.8787633,0.8457605,0.99886525,0.9361095
1770202005.0372,0.7979094982147217,0.9132227301597595,0.19320327043533325,0.21739243,0.22016303,0.19701596,0.18646242,0.17896616,0.90661454,0.8787633,0.8457605,0.99886525,0.9361095
1770202005.2175,0.7284093499183655,0.9222347140312195,0.17541305720806122,0.20667146,0.2252438,0.22599332,0.18499227,0.15709908,0.92190015,0.81509984,0.95972556,0.96643305,0.94801474
1770202005.3368,0.7696558237075806,0.9286519289016724,0.17917029559612274,0.22027607,0.20962584,0.21640955,0.18900548,0.16468313,0.9476935,0.98128957,0.8367676,0.9105198,0.966989
1770202005.7441,0.7654485702514648,0.9339025616645813,0.2831442654132843,0.2070759,0.22194149,0.20900771,0.19477285,0.1672021,0.9532832,0.97543824,0.9325715,0.83689386,0.97132605
1770202006.0626,0.7946172952651978,0.889599621295929,0.5216902494430542,0.21038166,0.22483875,0.20169197,0.20379926,0.15928833,0.85485655,0.8125097,0.90886414,0.9302074,0.94156057
1770202006.3676,0.7627265453338623,0.9014150500297546,0.36053264141082764,0.20148298,0.21992901,0.20902577,0.20164567,0.1679165,0.9182613,0.8072031,0.85222244,0.9848237,0.9445646
1770202006.4351,0.7858434915542603,0.8824846148490906,0.3823023736476898,0.2086343,0.22676551,0.19288474,0.20650667,0.1652088,0.9145035,0.82874286,0.7833671,0.9424176,0.9433919
1770202006.5760,0.7784935832023621,0.9339025616645813,0.5381104946136475,0.19156075,0.21890074,0.2151712,0.20845002,0.1659173,0.9532832,0.97543824,0.9325715,0.83689386,0.97132605
1770202006.8509,0.7968865633010864,0.889599621295929,0.5950692296028137,0.19482529,0.23067102,0.22027516,0.19600515,0.15822342,0.85485655,0.8125097,0.90886414,0.9302074,0.94156057
1770202006.9771,0.7942249774932861,0.889599621295929,0.4798987805843353,0.18782493,0.24361163,0.20105965,0.2062274,0.1612764,0.85485655,0.8125097,0.90886414,0.9302074,0.94156057
1770202007.2262,0.7897709608078003,0.9060994982719421,0.37497538328170776,0.19077411,0.25116512,0.20042409,0.18611883,0.17151786,0.9390825,0.84382826,0.8146858,0.9706287,0.9622724
1770202007.7810,0.7867621183395386,0.8824846148490906,0.28253987431526184,0.19383718,0.24756277,0.19920532,0.18593305,0.17346169,0.9145035,0.82874286,0.7833671,0.9424176,0.9433919
1770202008.0162,0.8201984167098999,0.9128198623657227,0.42584410309791565,0.18186261,0.26424265,0.22025502,0.16651072,0.16712907,0.86489195,0.8281829,0.9382504,0.9907674,0.94200665
1770202008.2143,0.827652633190155,0.889599621295929,0.47149816155433655,0.19305117,0.27630708,0.19228737,0.17542164,0.16293274,0.85485655,0.8125097,0.90886414,0.9302074,0.94156057
1770202008.3257,0.8337465524673462,0.8806341290473938,0.4855409860610962,0.19019304,0.2617496,0.20331,0.18164359,0.16310373,0.8130483,0.79871935,0.8939668,0.95243937,0.9449968
1770202008.4273,0.8231162428855896,0.8994520306587219,0.5105603337287903,0.19558884,0.25549757,0.22128321,0.16732024,0.16031004,0.91102004,0.8543751,0.8272422,0.965,0.9396229
1770202008.6449,0.7975153923034668,0.8911303877830505,0.4812008738517761,0.20259269,0.26506978,0.20549196,0.15907,0.16777557,0.91034955,0.81077147,0.79129195,0.9837029,0.9595358
1770202008.9383,0.7776462435722351,0.889599621295929,0.32052844762802124,0.21624923,0.25223863,0.20357789,0.15984815,0.16808604,0.85485655,0.8125097,0.90886414,0.9302074,0.94156057
1770202009.3554,0.7946544885635376,0.8824846148490906,0.24019688367843628,0.20968862,0.24856967,0.20332304,0.17655306,0.1618656,0.9145035,0.82874286,0.7833671,0.9424176,0.9433919
1770202009.5767,0.7796822786331177,0.8823301196098328,0.3950808644294739,0.20697255,0.24605075,0.22000305,0.16938783,0.15758575,0.87721044,0.83098924,0.7873547,0.9783674,0.93772864
1770202009.7122,0.7609024047851562,0.9022508859634399,0.5126118063926697,0.19350915,0.24176048,0.2358308,0.18758212,0.14131746,0.94568723,0.8782218,0.76481,0.95629716,0.96623826
1770202009.8549,0.7905440926551819,0.8842129111289978,0.592955470085144,0.21083187,0.23889367,0.20924969,0.18134491,0.15967984,0.9074195,0.8393498,0.82674503,0.9098966,0.9376536
1770202009.9188,0.7417581081390381,0.9190666079521179,0.6232354640960693,0.1998075,0.22009414,0.23651521,0.17650637,0.16707687,0.8836536,0.94691724,0.8511929,0.9811354,0.9324336
1770202010.0416,0.7814271450042725,0.8842129111289978,0.6389861106872559,0.1959098,0.23198943,0.23523495,0.18519203,0.15167376,0.9074195,0.8393498,0.82674503,0.9098966,0.9376536
1770202010.2742,0.8012820482254028,0.9217155575752258,0.5712855458259583,0.19351366,0.23104823,0.23934813,0.18673958,0.14935046,0.9028599,0.8307479,0.9606819,0.9813788,0.9329094
1770202010.6180,0.7864561080932617,0.9014150500297546,1.0,0.19887991,0.23572259,0.22471155,0.18666962,0.15401633,0.9182613,0.8072031,0.85222244,0.9848237,0.9445646
1770202010.8342,0.7822218537330627,0.8680574297904968,1.0,0.19452566,0.23282982,0.25584677,0.17365916,0.14313857,0.91564053,0.7915046,0.82609874,0.8628792,0.9441642
1770202010.9357,0.7780309319496155,0.8933401107788086,0.7626981139183044,0.1889323,0.22884391,0.24324524,0.18362069,0.15535788,0.8714574,0.84399176,0.8215381,0.991871,0.9378422
1770202011.1889,0.7866899371147156,0.8927704691886902,0.23425684869289398,0.18788004,0.21603695,0.24202389,0.18820688,0.16585231,0.89277047,0.89277047,0.89277047,0.89277047,0.89277047
1770202011.3393,0.7527727484703064,0.8927704691886902,0.4841140806674957,0.1908518,0.21524076,0.24659644,0.18532357,0.16198744,0.89277047,0.89277047,0.89277047,0.89277047,0.89277047
1770202011.7670,0.7723031044006348,0.9339025616645813,1.0,0.19210942,0.22162512,0.22791338,0.19354336,0.16480874,0.9532832,0.97543824,0.9325715,0.83689386,0.97132605
1770202012.3204,0.7677348256111145,0.9060994982719421,0.3552390933036804,0.20017664,0.22270098,0.23416372,0.17963241,0.1633262,0.9390825,0.84382826,0.8146858,0.9706287,0.9622724
1770202012.6585,0.7806878089904785,0.9060994982719421,0.3879829943180084,0.19656011,0.21670167,0.23648292,0.18241304,0.16784227,0.9390825,0.84382826,0.8146858,0.9706287,0.9622724
1770202012.8853,0.7973946332931519,0.9004126787185669,0.2738678753376007,0.1982667,0.230877,0.22430491,0.18075709,0.1657943,0.9157974,0.8275773,0.85146916,0.9644985,0.94272083
1770202013.1621,0.7870664000511169,0.8824846148490906,0.28956592082977295,0.18399751,0.22268844,0.24386907,0.17916852,0.17027642,0.9145035,0.82874286,0.7833671,0.9424176,0.9433919
1770202013.5954,0.7798278331756592,0.8938388228416443,0.4445004165172577,0.19117266,0.23941113,0.23700437,0.16268936,0.16972244,0.8439072,0.84662503,0.91838497,0.91670483,0.9435717
1770202014.1270,0.7713429927825928,0.9339025616645813,0.6577255129814148,0.19774501,0.2274969,0.2220608,0.18091948,0.17177783,0.9532832,0.97543824,0.9325715,0.83689386,0.97132605
1770202014.2466,0.7707765102386475,0.9339025616645813,0.6056487560272217,0.20554037,0.21410447,0.22466615,0.17860177,0.1770873,0.9532832,0.97543824,0.9325715,0.83689386,0.97132605
1770202014.7161,0.7290469408035278,0.9014150500297546,0.5007275938987732,0.19888711,0.22119991,0.23369665,0.17149265,0.17472363,0.9182613,0.8072031,0.85222244,0.9848237,0.9445646
1770202014.9987,0.7828582525253296,0.9339025616645813,0.36511433124542236,0.19910473,0.23240599,0.22652692,0.16950664,0.17245568,0.9532832,0.97543824,0.9325715,0.83689386,0.97132605
1770202015.1444,0.7634963989257812,0.9073058366775513,0.36893054842948914,0.2049638,0.23587392,0.2255537,0.16529791,0.16831067,0.88684803,0.8167616,0.90887684,0.9704367,0.953606
1770202015.3356,0.770599365234375,0.8842129111289978,0.3789839744567871,0.2082937,0.22296733,0.22452547,0.17586914,0.16834435,0.9074195,0.8393498,0.82674503,0.9098966,0.9376536
1770202015.6944,0.7220790386199951,0.8823301196098328,0.43912458419799805,0.21212211,0.2200388,0.21559946,0.17756222,0.17467745,0.87721044,0.83098924,0.7873547,0.9783674,0.93772864
1770202015.9660,0.7459775805473328,0.8988721966743469,0.27735719084739685,0.21118732,0.21256305,0.23272489,0.17374092,0.16978383,0.90234494,0.888136,0.7731555,0.9986203,0.93210435
1770202016.0867,0.7151051759719849,0.9190666079521179,0.2600730359554291,0.20124689,0.20620191,0.22834003,0.18200994,0.18220122,0.8836536,0.94691724,0.8511929,0.9811354,0.9324336
1770202016.2290,0.7487211227416992,0.0,0.2893317639827728,0.18661258,0.22657654,0.25975934,0.16188444,0.16516711,0.0,0.0,0.0,0.0,0.0
1770202016.5143,0.7723772525787354,0.8855586051940918,0.1801484227180481,0.22585757,0.22919358,0.20417824,0.16858053,0.1721901,0.8200324,0.8289571,0.89774966,0.9460504,0.9350036
1770202016.7600,0.7432923316955566,0.9339025616645813,0.15197180211544037,0.20428035,0.21756826,0.2248767,0.17991105,0.17336366,0.9532832,0.97543824,0.9325715,0.83689386,0.97132605
1770202016.8805,0.753282904624939,0.8868350386619568,0.16645009815692902,0.20021956,0.21740118,0.23373878,0.17327823,0.1753622,0.89670366,0.7898576,0.8069888,0.9997211,0.940904
1770202017.0292,0.7676786184310913,0.9111820459365845,0.16933169960975647,0.2033158,0.22196744,0.21642165,0.17883106,0.17946409,0.8968318,0.87591016,0.85647935,0.9987463,0.9279425
1770202017.5224,0.7622578740119934,0.921037495136261,0.281846821308136,0.19978538,0.22073942,0.22296773,0.18366814,0.17283936,0.9210375,0.9210375,0.9210375,0.9210375,0.9210375
1770202018.2149,0.7708852291107178,0.9217155575752258,0.23900678753852844,0.20410927,0.21417841,0.22051184,0.17734405,0.18385644,0.9028599,0.8307479,0.9606819,0.9813788,0.9329094
1770202018.3790,0.771407425403595,0.8911303877830505,0.3885843753814697,0.20065977,0.22891253,0.21927284,0.16041474,0.19074015,0.91034955,0.81077147,0.79129195,0.9837029,0.9595358
1770202018.5099,0.7387677431106567,0.8824846148490906,0.4988553822040558,0.20405039,0.2193002,0.21232133,0.17352125,0.19080687,0.9145035,0.82874286,0.7833671,0.9424176,0.9433919
1770202018.6555,0.7403531670570374,0.9215998649597168,0.6373457312583923,0.199492,0.21093267,0.2121273,0.1807956,0.19665249,0.92375875,0.9126407,0.8754218,0.94743836,0.94873965
1770202019.1821,0.7231053113937378,0.9014150500297546,1.0,0.18919286,0.21348073,0.23081481,0.17443198,0.1920796,0.9182613,0.8072031,0.85222244,0.9848237,0.9445646
1770202019.5426,0.7351182699203491,0.8988721966743469,0.6876517534255981,0.20116536,0.21254304,0.20800316,0.17728287,0.20100552,0.90234494,0.888136,0.7731555,0.9986203,0.93210435
1770202020.1601,0.7346293926239014,0.8824846148490906,0.16733039915561676,0.20237216,0.20742704,0.21450418,0.17731814,0.19837853,0.9145035,0.82874286,0.7833671,0.9424176,0.9433919
1770202020.5865,0.7185253500938416,0.0,0.08771991729736328,0.17116842,0.21611288,0.26197022,0.16121933,0.18952914,0.0,0.0,0.0,0.0,0.0
1770202020.8768,0.7675917148590088,0.8806341290473938,0.148860365152359,0.1920693,0.21481372,0.22815104,0.17119174,0.19377413,0.8130483,0.79871935,0.8939668,0.95243937,0.9449968
1770202021.0182,0.7189828753471375,0.8806341290473938,0.1750040054321289,0.19082235,0.20841229,0.23105434,0.17664017,0.19307087,0.8130483,0.79871935,0.8939668,0.95243937,0.9449968
1770202021.2437,0.755618691444397,0.9339025616645813,0.15468570590019226,0.18759401,0.21092589,0.24119556,0.17508826,0.18519637,0.9532832,0.97543824,0.9325715,0.83689386,0.97132605
1770202021.5165,0.7580138444900513,0.8994520306587219,0.14139461517333984,0.19436674,0.22334103,0.22455063,0.16967209,0.18806943,0.91102004,0.8543751,0.8272422,0.965,0.9396229
1770202021.6316,0.6907951235771179,0.889599621295929,0.17888247966766357,0.2003509,0.21281517,0.22114122,0.18222634,0.18346642,0.85485655,0.8125097,0.90886414,0.9302074,0.94156057
1770202022.0045,0.7826000452041626,0.8938388228416443,0.27866682410240173,0.19846487,0.23915146,0.21760413,0.16560905,0.17917047,0.8439072,0.84662503,0.91838497,0.91670483,0.9435717
1770202022.1378,0.7368044257164001,0.9222347140312195,0.21516074240207672,0.20202142,0.22121005,0.21351513,0.18148024,0.18177313,0.92190015,0.81509984,0.95972556,0.96643305,0.94801474
1770202022.4181,0.7816983461380005,0.9124259948730469,0.16135263442993164,0.21324906,0.2308849,0.20453516,0.17269386,0.17863703,0.8862884,0.8077398,0.962682,0.9503946,0.95502496
1770202022.8858,0.792930006980896,0.8994520306587219,0.13445010781288147,0.20664552,0.2268153,0.20974275,0.18166912,0.17512734,0.91102004,0.8543751,0.8272422,0.965,0.9396229
1770202023.2024,0.8158442974090576,0.9339025616645813,0.09526296705007553,0.20798284,0.23005132,0.20978911,0.17864363,0.17353317,0.9532832,0.97543824,0.9325715,0.83689386,0.97132605
1770202023.3267,0.7906427979469299,0.8988721966743469,0.11532943695783615,0.22372714,0.2189988,0.18690608,0.18910244,0.18126552,0.90234494,0.888136,0.7731555,0.9986203,0.93210435
1770202023.5854,0.7959686517715454,0.8927704691886902,0.14167068898677826,0.20024239,0.21574755,0.22116879,0.18888843,0.1739528,0.89277047,0.89277047,0.89277047,0.89277047,0.89277047
1770202024.1528,0.8334638476371765,0.8911303877830505,0.07642365247011185,0.21167623,0.23106325,0.20517908,0.17985414,0.17222728,0.91034955,0.81077147,0.79129195,0.9837029,0.9595358
1770202024.2284,0.8111351728439331,0.8911303877830505,0.09507884085178375,0.20247103,0.22076146,0.21248479,0.1911502,0.17313248,0.91034955,0.81077147,0.79129195,0.9837029,0.9595358
1770202024.6033,0.7731157541275024,0.9339025616645813,0.22977496683597565,0.21995628,0.20745474,0.18528937,0.20187399,0.18542558,0.9532832,0.97543824,0.9325715,0.83689386,0.97132605
1770202024.9145,0.8069548010826111,0.9286519289016724,0.3373582065105438,0.20474742,0.1983667,0.20521091,0.21077983,0.18089518,0.9476935,0.98128957,0.8367676,0.9105198,0.966989
1770202025.0440,0.7819374799728394,0.9018238186836243,0.35821297764778137,0.20294756,0.20869589,0.21150841,0.19361259,0.18323553,0.9329146,0.9462751,0.82304376,0.8508865,0.95599896
1770202025.1204,0.777399480342865,0.889599621295929,0.35119110345840454,0.1900524,0.2068015,0.23058031,0.20490983,0.16765594,0.85485655,0.8125097,0.90886414,0.9302074,0.94156057
1770202025.6927,0.8006000518798828,0.9217155575752258,0.46494224667549133,0.18709083,0.20894739,0.22636,0.2114536,0.1661482,0.9028599,0.8307479,0.9606819,0.9813788,0.9329094
1770202026.6872,0.803077220916748,0.8994520306587219,0.16052675247192383,0.19246905,0.22269602,0.23353112,0.186712,0.16459173,0.91102004,0.8543751,0.8272422,0.965,0.9396229
1770202341.1067,0.4865495264530182,0.8877898454666138,1.0,0.13905896,0.10268133,0.3340888,0.19162588,0.23254493,0.922753,0.9378841,0.79768544,0.83232886,0.94829786
1770202341.2139,0.4533744156360626,0.8877898454666138,0.8302487730979919,0.14812373,0.1392975,0.2521621,0.3816706,0.07874612,0.922753,0.9378841,0.79768544,0.83232886,0.94829786
1770202341.2889,0.41627442836761475,0.8877898454666138,0.5270191431045532,0.13721886,0.14530493,0.119095154,0.5626601,0.035720877,0.922753,0.9378841,0.79768544,0.83232886,0.94829786
1770202341.4204,0.4768577516078949,0.9049885869026184,0.30819228291511536,0.15479255,0.13308695,0.14772546,0.48650476,0.077890284,0.9123165,0.9356676,0.7954326,0.941303,0.94022316
1770202341.5172,0.501630425453186,0.9049885869026184,0.20648644864559174,0.14157476,0.16209862,0.11929665,0.5176614,0.05936861,0.9123165,0.9356676,0.7954326,0.941303,0.94022316
1770202341.6153,0.521713376045227,0.9049885869026184,0.16958221793174744,0.13347548,0.1810716,0.09271464,0.5457815,0.04695673,0.9123165,0.9356676,0.7954326,0.941303,0.94022316
1770202341.6899,0.5425161719322205,0.9049885869026184,0.15428999066352844,0.14001153,0.17248535,0.09395421,0.54166466,0.051884264,0.9123165,0.9356676,0.7954326,0.941303,0.94022316
1770202341.7953,0.5795881748199463,0.9049885869026184,0.15806593000888824,0.16195676,0.20253412,0.10392894,0.47553664,0.05604352,0.9123165,0.9356676,0.7954326,0.941303,0.94022316
1770202341.9113,0.6053193807601929,0.9049885869026184,0.19871275126934052,0.17882478,0.20701054,0.10795732,0.449413,0.056794334,0.9123165,0.9356676,0.7954326,0.941303,0.94022316
1770202341.9738,0.6287680268287659,0.9159833788871765,0.2673746347427368,0.26067027,0.2031533,0.20144865,0.23636745,0.09836034,0.9159834,0.9159834,0.9159834,0.9159834,0.9159834
1770202342.1241,0.6436154842376709,0.887582004070282,0.3813019096851349,0.23177335,0.18271193,0.19239563,0.28830272,0.10481636,0.9225278,0.9369226,0.78956586,0.84070295,0.9481907
1770202342.2148,0.658900797367096,0.887582004070282,0.41667428612709045,0.23586243,0.17511672,0.18111224,0.31593573,0.091972835,0.9225278,0.9369226,0.78956586,0.84070295,0.9481907
1770202342.3252,0.6555947065353394,0.887582004070282,0.35543349385261536,0.23685652,0.17515093,0.17899783,0.30327815,0.1057165,0.9225278,0.9369226,0.78956586,0.84070295,0.9481907
1770202342.3736,0.6757611632347107,0.9159833788871765,0.3159417510032654,0.21776354,0.15658283,0.23276217,0.2609704,0.13192101,0.9159834,0.9159834,0.9159834,0.9159834,0.9159834
1770202342.4502,0.6640238761901855,0.9270313382148743,0.25716620683670044,0.27829537,0.14055489,0.27122748,0.20317183,0.10675041,0.92703134,0.92703134,0.92703134,0.92703134,0.92703134
1770202342.7268,0.7159563302993774,0.887582004070282,0.2996898889541626,0.2408677,0.1346482,0.19094187,0.33453238,0.09900988,0.9225278,0.9369226,0.78956586,0.84070295,0.9481907
1770202342.8999,0.7152076363563538,0.9270313382148743,0.401003360748291,0.23313951,0.14167546,0.23902105,0.2309689,0.1551951,0.92703134,0.92703134,0.92703134,0.92703134,0.92703134
1770202343.0388,0.7508106827735901,0.9159833788871765,0.42126357555389404,0.2378933,0.11975051,0.18065232,0.3447444,0.1169594,0.9563446,0.98126745,0.7874507,0.88180625,0.9730482
1770202343.1806,0.7399305701255798,0.9270313382148743,0.3638652265071869,0.16962603,0.107413866,0.28501815,0.30042017,0.1375218,0.92703134,0.92703134,0.92703134,0.92703134,0.92703134
1770202343.2424,0.7438027858734131,0.9159833788871765,0.2667292356491089,0.15579234,0.12173944,0.32497704,0.2635397,0.13395149,0.9563446,0.98126745,0.7874507,0.88180625,0.9730482
1770202343.3083,0.7903528213500977,0.887582004070282,0.2114606350660324,0.16924964,0.08975018,0.2797266,0.3449569,0.116316766,0.9225278,0.9369226,0.78956586,0.84070295,0.9481907
1770202343.4518,0.7886248826980591,0.887582004070282,0.1603984236717224,0.1491525,0.10478402,0.33195993,0.30754888,0.10655468,0.9225278,0.9369226,0.78956586,0.84070295,0.9481907
1770202343.5206,0.8122413158416748,0.9270313382148743,0.17899169027805328,0.20451134,0.12119797,0.2846448,0.24867542,0.14097045,0.92703134,0.92703134,0.92703134,0.92703134,0.92703134
1770202343.6625,0.7810171246528625,0.9159833788871765,0.2704285979270935,0.18994308,0.15794736,0.26014343,0.188204,0.20376208,0.9563446,0.98126745,0.7874507,0.88180625,0.9730482
1770202343.7090,0.8534085154533386,0.9270313382148743,0.3056105971336365,0.24969895,0.15432301,0.15652712,0.2914414,0.14800951,0.9532832,0.9748532,0.8988002,0.83689386,0.97132605
1770202343.9350,0.8154268264770508,0.8853384852409363,0.448966383934021,0.19733523,0.10948018,0.19069234,0.25348848,0.24900383,0.8853385,0.8853385,0.8853385,0.8853385,0.8853385
1770202344.0552,0.8407897353172302,0.9159833788871765,0.448537141084671,0.17398714,0.16646719,0.23685318,0.279005,0.14368752,0.9563446,0.98126745,0.7874507,0.88180625,0.9730482
1770202344.1745,0.8406897783279419,0.8853384852409363,0.4529498815536499,0.20953995,0.13610652,0.18369068,0.28083625,0.1898266,0.8853385,0.8853385,0.8853385,0.8853385,0.8853385
1770202344.2301,0.8466807007789612,0.9159833788871765,0.46339738368988037,0.16059041,0.17570513,0.22112615,0.2761,0.16647826,0.9563446,0.98126745,0.7874507,0.88180625,0.9730482
1770202344.2933,0.8604208827018738,0.8853384256362915,0.48097190260887146,0.16555007,0.19628324,0.20028146,0.2922594,0.14562587,0.94217944,0.9579584,0.691256,0.87239766,0.9629003
1770202344.3564,0.791252851486206,0.8853384256362915,0.4782065749168396,0.14653772,0.21338731,0.23868361,0.18609817,0.21529315,0.94217944,0.9579584,0.691256,0.87239766,0.9629003
1770202344.4529,0.813407301902771,0.9270313382148743,0.4528740644454956,0.1393897,0.27977479,0.2547466,0.16483381,0.16125515,0.9532832,0.9748532,0.8988002,0.83689386,0.97132605
1770202344.6274,0.8535150289535522,0.8853384256362915,0.36210164427757263,0.15386485,0.17285353,0.20998515,0.25532722,0.20796926,0.94217944,0.9579584,0.691256,0.87239766,0.9629003
1770202344.6961,0.8926219940185547,0.8853384256362915,0.3277256190776825,0.19620013,0.20514908,0.13998666,0.26621228,0.19245178,0.94217944,0.9579584,0.691256,0.87239766,0.9629003
1770202344.7658,0.7803582549095154,0.8853384256362915,0.2825861871242523,0.14084373,0.19649535,0.2428505,0.24211285,0.1776975,0.94217944,0.9579584,0.691256,0.87239766,0.9629003
1770202344.8997,0.7390305995941162,0.8853384256362915,0.22151947021484375,0.109049045,0.18647198,0.31599468,0.1571029,0.23138143,0.94217944,0.9579584,0.691256,0.87239766,0.9629003
1770202344.9874,0.8225268125534058,0.8853384256362915,0.21737758815288544,0.14757065,0.14048584,0.2272678,0.23885596,0.24581976,0.94217944,0.9579584,0.691256,0.87239766,0.9629003
1770202345.1141,0.8180605173110962,0.8853384256362915,0.27234795689582825,0.14541101,0.13592176,0.26061663,0.23162487,0.22642572,0.94217944,0.9579584,0.691256,0.87239766,0.9629003
1770202345.4741,0.8088074922561646,0.9096323847770691,0.3035423755645752,0.13220571,0.16711698,0.31477576,0.21674769,0.16915384,0.9255279,0.9862316,0.803896,0.88189757,0.95060897
1770202345.5340,0.7177650928497314,0.9096323847770691,0.2816620171070099,0.12629937,0.12257331,0.36735594,0.19789328,0.18587811,0.9255279,0.9862316,0.803896,0.88189757,0.95060897
1770202345.6817,0.821850061416626,0.9096323847770691,0.24278168380260468,0.16702518,0.15178765,0.27844,0.20551969,0.19722748,0.9255279,0.9862316,0.803896,0.88189757,0.95060897
1770202345.7568,0.7890278100967407,0.9096323847770691,0.25296133756637573,0.16210158,0.11396337,0.278215,0.2055229,0.24019718,0.9255279,0.9862316,0.803896,0.88189757,0.95060897
1770202345.8301,0.7988530993461609,0.9096323847770691,0.26343363523483276,0.1839867,0.12141548,0.2785359,0.19594495,0.22011703,0.9255279,0.9862316,0.803896,0.88189757,0.95060897
1770202346.0816,0.8071228265762329,0.8665606379508972,0.24806223809719086,0.19593,0.12520671,0.29552254,0.21053958,0.1728011,0.9344614,0.93103945,0.6787414,0.8314206,0.95714027
1770202346.1498,0.7496283054351807,0.8665606379508972,0.23847070336341858,0.1928858,0.13907802,0.2840231,0.18621357,0.19779949,0.9344614,0.93103945,0.6787414,0.8314206,0.95714027
1770202346.2414,0.8247259855270386,0.9096323847770691,0.22354449331760406,0.2031553,0.10585928,0.24653251,0.22881824,0.21563464,0.9255279,0.9862316,0.803896,0.88189757,0.95060897
1770202346.3936,0.7559086680412292,0.8665606379508972,0.2392481118440628,0.15445477,0.15245816,0.34330526,0.21489388,0.13488792,0.9344614,0.93103945,0.6787414,0.8314206,0.95714027
1770202346.4366,0.8303530216217041,0.8665606379508972,0.24570602178573608,0.21388318,0.17054693,0.26783735,0.19641694,0.15131557,0.9344614,0.93103945,0.6787414,0.8314206,0.95714027
1770202346.5821,0.8611531853675842,0.8665606379508972,0.26014378666877747,0.21260747,0.1542926,0.2629311,0.24208735,0.1280815,0.9344614,0.93103945,0.6787414,0.8314206,0.95714027
1770202346.8237,0.7986512184143066,0.8867214322090149,0.2722187936306,0.18143448,0.14657466,0.3040667,0.22503921,0.14288495,0.8806822,0.8703413,0.8322554,0.8855372,0.9647911
1770202346.9825,0.769926905632019,0.8867214322090149,0.21990162134170532,0.19427735,0.18897876,0.27041012,0.1651992,0.18113455,0.8806822,0.8703413,0.8322554,0.8855372,0.9647911
1770202347.0870,0.7682540416717529,0.8867214322090149,0.17828845977783203,0.13244794,0.18272536,0.31517315,0.20542094,0.16423264,0.8806822,0.8703413,0.8322554,0.8855372,0.9647911
1770202347.1738,0.7831481695175171,0.8867214322090149,0.15452668070793152,0.24547732,0.1923445,0.20163713,0.15531926,0.20522182,0.8806822,0.8703413,0.8322554,0.8855372,0.9647911
1770202347.2321,0.7703745365142822,0.8867214322090149,0.14329375326633453,0.19315273,0.1995735,0.25842157,0.19248445,0.15636773,0.8806822,0.8703413,0.8322554,0.8855372,0.9647911
1770202347.3735,0.7978758811950684,0.8867214322090149,0.12159945070743561,0.13151334,0.17338525,0.35547522,0.22903647,0.110589795,0.8806822,0.8703413,0.8322554,0.8855372,0.9647911
1770202347.4285,0.786845326423645,0.8867214322090149,0.11147034913301468,0.20164262,0.22346061,0.2163433,0.17572832,0.18282518,0.8806822,0.8703413,0.8322554,0.8855372,0.9647911
1770202347.5116,0.7969775199890137,0.8665606379508972,0.0988888069987297,0.13161302,0.16914298,0.28768975,0.22983219,0.18172209,0.9344614,0.93103945,0.6787414,0.8314206,0.95714027
1770202347.7745,0.8235635161399841,0.8665606379508972,0.15835723280906677,0.17282164,0.23751557,0.22598748,0.184641,0.17903426,0.9344614,0.93103945,0.6787414,0.8314206,0.95714027
1770202347.8793,0.753654420375824,0.906135082244873,0.2116418182849884,0.19317612,0.28665125,0.228805,0.14034557,0.15102208,0.944458,0.8617704,0.8542557,0.90673804,0.96345323
1770202348.0057,0.8167608976364136,0.9098126292228699,0.24283075332641602,0.29453802,0.229403,0.17440468,0.11690813,0.18474613,0.9098126,0.9098126,0.9098126,0.9098126,0.9098126
1770202348.0943,0.8251000642776489,0.906135082244873,0.24749326705932617,0.21105415,0.14881998,0.2237599,0.2491367,0.16722926,0.944458,0.8617704,0.8542557,0.90673804,0.96345323
1770202348.3266,0.8336277604103088,0.8665606379508972,0.27811700105667114,0.18766977,0.14581583,0.24225062,0.22621788,0.19804585,0.9344614,0.93103945,0.6787414,0.8314206,0.95714027
1770202348.4221,0.7910304069519043,0.9045866131782532,0.31988525390625,0.16761254,0.22584915,0.31168398,0.13350138,0.16135299,0.9045866,0.9045866,0.9045866,0.9045866,0.9045866
1770202348.6665,0.7544866800308228,0.9098125696182251,0.4592713713645935,0.15890071,0.22023234,0.29550338,0.18082392,0.14453973,0.9362372,0.8622401,0.8133803,0.97960585,0.9575989
1770202348.7164,0.8061126470565796,0.9098126292228699,0.4677441716194153,0.19947276,0.17113964,0.2503552,0.20142911,0.17760324,0.9098126,0.9098126,0.9098126,0.9098126,0.9098126
1770202348.8541,0.7982553243637085,0.9098125696182251,0.4397180676460266,0.16713263,0.13706596,0.27046168,0.262614,0.16272567,0.9362372,0.8622401,0.8133803,0.97960585,0.9575989
1770202435.1913,0.43206632137298584,0.8903695940971375,1.0,0.12251533,0.064373,0.32377848,0.30057925,0.18875393,0.8903696,0.8903696,0.8903696,0.8903696,0.8903696
1770202435.3074,0.5001782178878784,0.8903695940971375,1.0,0.114944726,0.16903189,0.27207056,0.3539784,0.08997441,0.8903696,0.8903696,0.8903696,0.8903696,0.8903696
1770202435.3666,0.523104727268219,0.8918939828872681,1.0,0.09552772,0.20059371,0.19070052,0.4494812,0.06369683,0.9243405,0.90494114,0.8063031,0.87463164,0.9492534
1770202435.4552,0.5164229869842529,0.8903695940971375,1.0,0.09242965,0.18314013,0.15888153,0.51030594,0.055242755,0.8903696,0.8903696,0.8903696,0.8903696,0.8903696
1770202435.5966,0.5838141441345215,0.0,0.9897765517234802,0.1933402,0.18609574,0.18344621,0.3074988,0.12961906,0.0,0.0,0.0,0.0,0.0
1770202435.7022,0.5701930522918701,0.9250485301017761,0.5562775731086731,0.1362317,0.18397975,0.2489178,0.2749862,0.15588456,0.92504853,0.92504853,0.92504853,0.92504853,0.92504853
1770202435.7978,0.5575786232948303,0.8903695344924927,0.34611815214157104,0.10313551,0.17284359,0.21630314,0.39083114,0.11688662,0.9202526,0.9356676,0.82015043,0.8291803,0.94659674
1770202435.8789,0.6188993453979492,0.9250485301017761,0.2571687400341034,0.207167,0.18451403,0.20528162,0.2539816,0.14905573,0.92504853,0.92504853,0.92504853,0.92504853,0.92504853
1770202435.9860,0.6269127130508423,0.8903695344924927,0.18731233477592468,0.1539402,0.15505303,0.22583072,0.3085731,0.15660298,0.9202526,0.9356676,0.82015043,0.8291803,0.94659674
1770202436.0788,0.6386945247650146,0.9269992709159851,0.15847907960414886,0.25636053,0.14617619,0.28893438,0.1528699,0.15565896,0.9269993,0.9269993,0.9269993,0.9269993,0.9269993
1770202436.2266,0.6557864546775818,0.9250484704971313,0.15968166291713715,0.11092709,0.13676551,0.31739458,0.23701823,0.19789457,0.93973076,0.977294,0.8430448,0.9044806,0.96069235
1770202436.3042,0.6463909149169922,0.9269992709159851,0.19200973212718964,0.13009676,0.116150744,0.32827845,0.2263407,0.19913332,0.9269993,0.9269993,0.9269993,0.9269993,0.9269993
1770202436.3662,0.6784958243370056,0.8903695344924927,0.2385571449995041,0.08795483,0.07783436,0.2717891,0.35508174,0.20733999,0.9202526,0.9356676,0.82015043,0.8291803,0.94659674
1770202436.5039,0.684657096862793,0.9269992709159851,0.3652140498161316,0.22946024,0.12227125,0.31243756,0.12143256,0.2143984,0.95367104,0.98271805,0.85540944,0.87193656,0.9712615
1770202436.5901,0.7241966128349304,0.9269992709159851,0.40951409935951233,0.40003732,0.10848096,0.16588373,0.11410869,0.21148926,0.95367104,0.98271805,0.85540944,0.87193656,0.9712615
1770202436.6534,0.7509599924087524,0.9269992709159851,0.4133939743041992,0.13847841,0.07783255,0.29881227,0.23251528,0.25236145,0.95367104,0.98271805,0.85540944,0.87193656,0.9712615
1770202436.7763,0.7361139059066772,0.948270320892334,0.3242119550704956,0.12845425,0.064439125,0.30644414,0.22120652,0.27945593,0.9482703,0.9482703,0.9482703,0.9482703,0.9482703
1770202436.9129,0.759758710861206,0.948270320892334,0.23957516252994537,0.11155705,0.04997844,0.2239853,0.36985698,0.24462216,0.9405967,0.9671426,0.9428074,0.9293484,0.9614565
1770202436.9685,0.783092737197876,0.948270320892334,0.23245063424110413,0.09862619,0.06415633,0.3070597,0.27684876,0.253309,0.9405967,0.9671426,0.9428074,0.9293484,0.9614565
1770202437.0942,0.7836241722106934,0.948270320892334,0.29062652587890625,0.061994255,0.06104482,0.27560166,0.44268948,0.15866984,0.9405967,0.9671426,0.9428074,0.9293484,0.9614565
1770202437.2115,0.7832655906677246,0.8750800490379333,0.34860384464263916,0.12361672,0.065596685,0.23518945,0.28999,0.28560713,0.9453417,0.9681475,0.7222412,0.773887,0.9657827
1770202437.3385,0.8099715113639832,0.8750800490379333,0.41010621190071106,0.23018332,0.0785031,0.17019445,0.3486464,0.17247275,0.9453417,0.9681475,0.7222412,0.773887,0.9657827
1770202437.4063,0.8088905811309814,0.8750800490379333,0.42212027311325073,0.17829284,0.073840186,0.17804392,0.36760905,0.20221397,0.9453417,0.9681475,0.7222412,0.773887,0.9657827
1770202437.4918,0.8187558650970459,0.8750800490379333,0.4034218490123749,0.19682793,0.08860082,0.15861195,0.3874529,0.16850641,0.9453417,0.9681475,0.7222412,0.773887,0.9657827
1770202437.6301,0.8389824628829956,0.8750800490379333,0.306585431098938,0.24421705,0.1036404,0.13035622,0.37578344,0.14600284,0.9453417,0.9681475,0.7222412,0.773887,0.9657827
1770202437.7232,0.8014785647392273,0.8836507201194763,0.2114606350660324,0.20761906,0.21094683,0.2216284,0.21867749,0.14112823,0.9267639,0.93969464,0.77700347,0.8226942,0.95209724
1770202437.8035,0.8385974168777466,0.8836507201194763,0.16609153151512146,0.18131079,0.13779859,0.16386399,0.34926134,0.16776524,0.9267639,0.93969464,0.77700347,0.8226942,0.95209724
1770202437.8755,0.8611878156661987,0.948270320892334,0.1580156534910202,0.22500822,0.28835323,0.16339494,0.21722327,0.106020294,0.9405967,0.9671426,0.9428074,0.9293484,0.9614565
1770202437.9780,0.8306381702423096,0.8836507201194763,0.19818346202373505,0.13148622,0.18702763,0.22338067,0.30207598,0.15602943,0.9267639,0.93969464,0.77700347,0.8226942,0.95209724
1770202438.1155,0.8297659158706665,0.925137460231781,0.3056105971336365,0.14016448,0.20706631,0.26964033,0.20782918,0.17529972,0.92513746,0.92513746,0.92513746,0.92513746,0.92513746
1770202438.2037,0.8115546703338623,0.8836507201194763,0.3739270567893982,0.12269392,0.2945031,0.26860496,0.2085611,0.10563691,0.9267639,0.93969464,0.77700347,0.8226942,0.95209724
1770202438.3618,0.8525413274765015,0.925137460231781,0.4507770836353302,0.10147992,0.25845143,0.2567809,0.25784418,0.12544358,0.94007635,0.9912485,0.8371599,0.8959792,0.9612232
1770202438.4391,0.7577534914016724,0.925137460231781,0.45084473490715027,0.088598475,0.2080078,0.38877964,0.17173833,0.14287578,0.94007635,0.9912485,0.8371599,0.8959792,0.9612232
1770202438.5668,0.7656932473182678,0.925137460231781,0.4519541263580322,0.10431104,0.1812123,0.39051136,0.16108832,0.16287698,0.94007635,0.9912485,0.8371599,0.8959792,0.9612232
1770202438.6495,0.8374254703521729,0.899226188659668,0.46871212124824524,0.10310954,0.21807909,0.2766034,0.26895556,0.13325246,0.9404793,0.9557343,0.803896,0.8344152,0.96160614
1770202438.7135,0.8096131086349487,0.899226188659668,0.48097190260887146,0.1074926,0.15866585,0.29329515,0.2334494,0.20709696,0.9404793,0.9557343,0.803896,0.8344152,0.96160614
1770202438.8118,0.8474762439727783,0.899226188659668,0.46678969264030457,0.10389222,0.17097183,0.2612937,0.25138083,0.21246137,0.9404793,0.9557343,0.803896,0.8344152,0.96160614
1770202438.8963,0.8271384239196777,0.899226188659668,0.4362040162086487,0.17910948,0.22075993,0.23599745,0.2290063,0.13512684,0.9404793,0.9557343,0.803896,0.8344152,0.96160614
1770202439.0147,0.8826690912246704,0.899226188659668,0.3773405849933624,0.17299801,0.118919566,0.1743747,0.325257,0.20845069,0.9404793,0.9557343,0.803896,0.8344152,0.96160614
1770202439.0936,0.7501956224441528,0.925137460231781,0.3339666724205017,0.12229237,0.11783393,0.29449412,0.23355481,0.23182476,0.94007635,0.9912485,0.8371599,0.8959792,0.9612232
1770202439.2532,0.8580701351165771,0.8678503036499023,0.23696491122245789,0.17235668,0.12573093,0.21323912,0.2700697,0.21860357,0.92721105,0.9112971,0.72316825,0.825549,0.95202595
1770202439.3236,0.8294000625610352,0.8678503036499023,0.21645161509513855,0.2206627,0.1398645,0.19203946,0.2558951,0.19153826,0.92721105,0.9112971,0.72316825,0.825549,0.95202595
1770202439.5567,0.83180832862854,0.8678503036499023,0.2838549315929413,0.20696932,0.17455813,0.23920038,0.21847758,0.1607945,0.92721105,0.9112971,0.72316825,0.825549,0.95202595
1770202439.6559,0.8565233945846558,0.8678503036499023,0.32408034801483154,0.2057614,0.16621543,0.22556639,0.21857014,0.18388665,0.92721105,0.9112971,0.72316825,0.825549,0.95202595
1770202439.7492,0.8558311462402344,0.8678503036499023,0.3327510952949524,0.25726596,0.17890295,0.2079544,0.23098011,0.12489664,0.92721105,0.9112971,0.72316825,0.825549,0.95202595
1770202439.8779,0.8361853361129761,0.899226188659668,0.3067116439342499,0.18209502,0.12012549,0.25513116,0.25625682,0.18639153,0.9404793,0.9557343,0.803896,0.8344152,0.96160614
1770202439.9991,0.7853045463562012,0.899226188659668,0.267195463180542,0.18892865,0.10990759,0.2812252,0.22191781,0.19802074,0.9404793,0.9557343,0.803896,0.8344152,0.96160614
1770202440.2311,0.7060461044311523,0.8722869753837585,0.2605091333389282,0.081889465,0.16284636,0.43286806,0.19201158,0.13038455,0.92873216,0.87340176,0.76201427,0.84439427,0.95289236
1770202440.3334,0.7717759013175964,0.8722869753837585,0.2687262296676636,0.15805626,0.14507622,0.32104334,0.21881874,0.15700552,0.92873216,0.87340176,0.76201427,0.84439427,0.95289236
1770202440.3945,0.7404613494873047,0.8678503036499023,0.2633025348186493,0.09327362,0.189314,0.43747836,0.15295127,0.12698276,0.92721105,0.9112971,0.72316825,0.825549,0.95202595
1770202440.5032,0.775299072265625,0.8678503036499023,0.24806223809719086,0.093748525,0.1798952,0.37981912,0.21058886,0.13594829,0.92721105,0.9112971,0.72316825,0.825549,0.95202595
1770202440.6366,0.722408652305603,0.8722869753837585,0.2256721556186676,0.10514767,0.18083636,0.37879345,0.18288785,0.15233466,0.872287,0.872287,0.872287,0.872287,0.872287
1770202440.8550,0.771553635597229,0.8780126571655273,0.2414805144071579,0.2023346,0.17207596,0.2562601,0.21965402,0.14967525,0.932612,0.8609812,0.73882645,0.9022834,0.95536005
1770202441.2933,0.7791270613670349,0.8780126571655273,0.25885769724845886,0.18595804,0.17871025,0.24259602,0.23982866,0.15290698,0.932612,0.8609812,0.73882645,0.9022834,0.95536005
1770202441.4082,0.8161298036575317,0.8678503036499023,0.21545596420764923,0.12268981,0.21588701,0.285538,0.2345762,0.14130895,0.92721105,0.9112971,0.72316825,0.825549,0.95202595
1770202441.8734,0.7774354219436646,0.8678503036499023,0.10493054986000061,0.14994048,0.15633236,0.26424426,0.25766668,0.1718162,0.92721105,0.9112971,0.72316825,0.825549,0.95202595
1770202442.8462,0.7512376308441162,0.8780126571655273,0.3253420293331146,0.17317201,0.20329276,0.25880292,0.19946414,0.1652682,0.932612,0.8609812,0.73882645,0.9022834,0.95536005
1770202443.2943,0.8143690824508667,0.8678503036499023,0.4291383922100067,0.16369383,0.18724467,0.26830706,0.22096385,0.15979059,0.92721105,0.9112971,0.72316825,0.825549,0.95202595
1770202443.3550,0.7592722177505493,0.8780126571655273,0.4091169238090515,0.15904418,0.1670194,0.24117288,0.2897237,0.14303987,0.932612,0.8609812,0.73882645,0.9022834,0.95536005
1770202444.0089,0.7578645944595337,0.8780126571655273,0.3344194293022156,0.20287405,0.15228252,0.24750696,0.23531348,0.162023,0.932612,0.8609812,0.73882645,0.9022834,0.95536005
1770202444.8258,0.7757105827331543,0.9035084843635559,0.599432110786438,0.16043663,0.21245724,0.29865423,0.19344205,0.13500986,0.93608886,0.8759388,0.84934586,0.8980977,0.958071
1770202444.9091,0.7652999758720398,0.8780126571655273,0.41630759835243225,0.14422491,0.1661381,0.33899698,0.18141635,0.1692237,0.932612,0.8609812,0.73882645,0.9022834,0.95536005
1770202444.9913,0.810303270816803,0.8678503036499023,0.3221793472766876,0.16706887,0.14641124,0.25081193,0.26070634,0.17500159,0.92721105,0.9112971,0.72316825,0.825549,0.95202595
1770202445.1106,0.8015472888946533,0.8780126571655273,0.3462541401386261,0.14393616,0.17489353,0.2748146,0.23227707,0.17407866,0.932612,0.8609812,0.73882645,0.9022834,0.95536005
1770202445.1921,0.7347586750984192,0.8890451788902283,0.40178945660591125,0.16351612,0.22057773,0.27955315,0.18612862,0.15022445,0.8890451,0.8890451,0.8890451,0.8890451,0.8890451
1770202445.3099,0.7618356943130493,0.8780126571655273,0.5352093577384949,0.1939673,0.24483462,0.17767274,0.18949305,0.19403236,0.932612,0.8609812,0.73882645,0.9022834,0.95536005
1770202445.3973,0.7836730480194092,0.9035084843635559,0.5894051194190979,0.2599352,0.2510904,0.17279412,0.14784455,0.16833568,0.93608886,0.8759388,0.84934586,0.8980977,0.958071
1770202445.4987,0.7090225219726562,0.8780126571655273,0.5636388659477234,0.1380802,0.249619,0.28499544,0.18829317,0.13901219,0.932612,0.8609812,0.73882645,0.9022834,0.95536005
1770202445.5968,0.7612910270690918,0.8780126571655273,0.48909831047058105,0.18569298,0.18415505,0.22742215,0.20057918,0.20215067,0.932612,0.8609812,0.73882645,0.9022834,0.95536005
1770202445.7179,0.8341624140739441,0.8678503036499023,0.38656139373779297,0.16968752,0.17781658,0.2685456,0.20249632,0.18145399,0.92721105,0.9112971,0.72316825,0.825549,0.95202595
1770202445.7874,0.7248934507369995,0.897953450679779,0.3772745728492737,0.16063115,0.25562292,0.25188294,0.18796502,0.14389794,0.8377098,0.83856714,0.91855085,0.94469625,0.9502433
1770202445.9227,0.7521377801895142,0.8722869753837585,0.4046333134174347,0.24911281,0.24785753,0.19536187,0.13060561,0.17706217,0.92873216,0.87340176,0.76201427,0.84439427,0.95289236
1770202445.9975,0.7641743421554565,0.9035084843635559,0.4068164825439453,0.23165023,0.24448673,0.21220832,0.155771,0.15588364,0.93608886,0.8759388,0.84934586,0.8980977,0.958071
1770202446.1100,0.7185887098312378,0.8780126571655273,0.4009220004081726,0.1700407,0.2379397,0.2642532,0.1706273,0.1571391,0.932612,0.8609812,0.73882645,0.9022834,0.95536005
1770202446.1907,0.7838040590286255,0.8780126571655273,0.4087417721748352,0.1328516,0.19982933,0.33215398,0.18843943,0.14672567,0.932612,0.8609812,0.73882645,0.9022834,0.95536005
1770202446.3075,0.8113409280776978,0.8764061331748962,0.4227258563041687,0.16032192,0.16797355,0.23926666,0.23973432,0.19270349,0.87640613,0.87640613,0.87640613,0.87640613,0.87640613
1770202446.3778,0.7885646224021912,0.8780126571655273,0.4235820174217224,0.15576857,0.2065675,0.3348479,0.1851924,0.117623575,0.932612,0.8609812,0.73882645,0.9022834,0.95536005
1770202446.5362,0.7597779631614685,0.8764061331748962,0.42155352234840393,0.13782711,0.23099463,0.2992034,0.17847428,0.15350054,0.8728876,0.81330293,0.7988263,0.95501465,0.94199896
1770202446.6098,0.8156583309173584,0.8764061331748962,0.45387133955955505,0.16414323,0.19481191,0.25076243,0.21186452,0.17841792,0.8728876,0.81330293,0.7988263,0.95501465,0.94199896
1770202446.7161,0.7829829454421997,0.8764061331748962,0.5449119210243225,0.18511625,0.19816417,0.24233505,0.20720829,0.1671763,0.8728876,0.81330293,0.7988263,0.95501465,0.94199896
1770202446.8079,0.7120660543441772,0.8913543820381165,0.6533107757568359,0.12324225,0.30028096,0.30026212,0.14988016,0.12633446,0.8815401,0.81279725,0.82400626,0.9883336,0.950095
1770202446.8918,0.7704315185546875,0.8989960551261902,0.7344797849655151,0.19596009,0.21787816,0.23594786,0.1883156,0.16189831,0.89899606,0.89899606,0.89899606,0.89899606,0.89899606
1770202447.0001,0.7799580097198486,0.8780126571655273,0.815782368183136,0.117165476,0.22914521,0.3473825,0.18540606,0.12090079,0.932612,0.8609812,0.73882645,0.9022834,0.95536005
1770202447.0788,0.7354616522789001,0.8780126571655273,0.8230680823326111,0.18894547,0.2037984,0.25115007,0.18484388,0.17126219,0.932612,0.8609812,0.73882645,0.9022834,0.95536005
1770202447.2136,0.8169493675231934,0.8780126571655273,0.7252800464630127,0.17690502,0.2545627,0.24279773,0.14920203,0.1765325,0.87801266,0.87801266,0.87801266,0.87801266,0.87801266
1770202447.3306,0.7792866826057434,0.8780126571655273,0.5534316897392273,0.18048704,0.22402298,0.25672966,0.15797266,0.18078764,0.932612,0.8609812,0.73882645,0.9022834,0.95536005
1770202447.3964,0.7793878316879272,0.9081647992134094,0.5046189427375793,0.1996068,0.18428506,0.21378398,0.20085484,0.20146923,0.8496163,0.8087606,0.9612792,0.983895,0.93727267
1770202447.5414,0.7690752744674683,0.8780126571655273,0.5402775406837463,0.20015371,0.20580289,0.22549348,0.1790619,0.18948798,0.932612,0.8609812,0.73882645,0.9022834,0.95536005
1770202447.6581,0.7831209897994995,0.8780126571655273,0.6388454437255859,0.17809452,0.16061062,0.25466555,0.20617335,0.2004559,0.932612,0.8609812,0.73882645,0.9022834,0.95536005
1770202447.7314,0.7430652379989624,0.8780126571655273,0.6715643405914307,0.22493133,0.17256987,0.20308039,0.20089947,0.19851892,0.932612,0.8609812,0.73882645,0.9022834,0.95536005
1770202447.8315,0.8112474679946899,0.9094158411026001,0.685060977935791,0.23806544,0.19211888,0.19277753,0.20346123,0.17357689,0.9154059,0.8123002,0.9010771,0.9759997,0.94229627
1770202447.8987,0.8259256482124329,0.9094158411026001,0.6864299178123474,0.22258045,0.22585274,0.22234963,0.1656945,0.16352268,0.9154059,0.8123002,0.9010771,0.9759997,0.94229627
1770202447.9926,0.7596532106399536,0.8780126571655273,0.7260929346084595,0.18397035,0.21078074,0.23067911,0.19112265,0.1834471,0.932612,0.8609812,0.73882645,0.9022834,0.95536005
1770202448.1030,0.7703032493591309,0.8780126571655273,0.8615133166313171,0.1480195,0.24418527,0.27329537,0.18762216,0.1468777,0.932612,0.8609812,0.73882645,0.9022834,0.95536005
1770202448.2112,0.7603474855422974,0.8989959955215454,0.9188466668128967,0.22483225,0.2435806,0.22537759,0.14728482,0.15892477,0.9026834,0.81792337,0.83016324,0.9800505,0.9641591
1770202448.3057,0.7437393069267273,0.8780126571655273,0.9188466668128967,0.12693775,0.25073746,0.27291656,0.18615563,0.16325267,0.932612,0.8609812,0.73882645,0.9022834,0.95536005
1770202448.4383,0.7500542998313904,0.8780126571655273,0.9752041697502136,0.17534657,0.23706383,0.23184896,0.1848479,0.17089276,0.932612,0.8609812,0.73882645,0.9022834,0.95536005
1770202448.5740,0.7723958492279053,0.8928074836730957,0.9824060797691345,0.20708022,0.18313463,0.20377433,0.22877803,0.17723273,0.9280461,0.7953058,0.85488284,0.92812014,0.9576828
1770202448.7181,0.7412737011909485,0.8989960551261902,0.7683982849121094,0.18967973,0.21155442,0.21304648,0.19184378,0.19387557,0.89899606,0.89899606,0.89899606,0.89899606,0.89899606
1770202448.8278,0.7682246565818787,0.8928074836730957,0.5744117498397827,0.22939993,0.21821882,0.19567682,0.16810122,0.1886032,0.9280461,0.7953058,0.85488284,0.92812014,0.9576828
1770202449.0135,0.7769483327865601,0.8780126571655273,0.3239113688468933,0.14524561,0.18960784,0.2681615,0.20043798,0.19654708,0.932612,0.8609812,0.73882645,0.9022834,0.95536005
1770202449.1211,0.7696791887283325,0.8596156239509583,0.2160431295633316,0.21247062,0.1772283,0.20187506,0.20089807,0.20752794,0.77921855,0.7656294,0.92531615,0.88935405,0.9385598
1770202449.3149,0.8016778826713562,0.8890451788902283,0.20809313654899597,0.18920045,0.23119217,0.22924766,0.17069824,0.17966157,0.8890451,0.8890451,0.8890451,0.8890451,0.8890451
1770202449.3709,0.7416139841079712,0.8780126571655273,0.24340632557868958,0.17472804,0.22529009,0.2271254,0.16886266,0.20399387,0.932612,0.8609812,0.73882645,0.9022834,0.95536005
1770202449.5363,0.7582118511199951,0.8928074836730957,0.3656567931175232,0.21911795,0.24936925,0.21528754,0.14774081,0.16848439,0.9280461,0.7953058,0.85488284,0.92812014,0.9576828
1770202449.7154,0.7705963850021362,0.8678503036499023,0.594996452331543,0.14801371,0.22330537,0.23517598,0.19994147,0.19356348,0.92721105,0.9112971,0.72316825,0.825549,0.95202595
1770202449.8665,0.7762916684150696,0.893790066242218,0.651099443435669,0.25185585,0.2807577,0.17332228,0.12983485,0.1642294,0.8909806,0.78856665,0.8961821,0.95842665,0.93479425
1770202449.9964,0.7864999771118164,0.893790066242218,0.5867407321929932,0.22521606,0.28258407,0.1946029,0.12838432,0.16921265,0.8909806,0.78856665,0.8961821,0.95842665,0.93479425
1770202450.0963,0.7584176659584045,0.8780126571655273,0.5237885117530823,0.15058821,0.2840675,0.26252368,0.14772505,0.15509552,0.932612,0.8609812,0.73882645,0.9022834,0.95536005
1770202450.1942,0.7879413962364197,0.8780126571655273,0.5180916786193848,0.18212718,0.26461592,0.22188331,0.1632726,0.16810097,0.932612,0.8609812,0.73882645,0.9022834,0.95536005
1770202450.3168,0.740117073059082,0.8780126571655273,0.5650946497917175,0.15511496,0.2747432,0.24823174,0.1757036,0.14620648,0.932612,0.8609812,0.73882645,0.9022834,0.95536005
1770202450.4049,0.7499487400054932,0.8678503036499023,0.5757430195808411,0.19154008,0.23959781,0.21986116,0.18453924,0.16446167,0.92721105,0.9112971,0.72316825,0.825549,0.95202595
1770202450.5820,0.7864675521850586,0.8952713012695312,0.5952584147453308,0.23764136,0.24593526,0.19035298,0.18892,0.1371505,0.90392834,0.8061706,0.8765091,0.9561707,0.93357766
1770202450.6795,0.7581590414047241,0.9035084843635559,0.5666201710700989,0.19974966,0.22574012,0.22578439,0.18941112,0.15931468,0.93608886,0.8759388,0.84934586,0.8980977,0.958071
1770202450.7785,0.7947938442230225,0.8780126571655273,0.5233467817306519,0.14250663,0.21506949,0.2497962,0.20196433,0.19066328,0.932612,0.8609812,0.73882645,0.9022834,0.95536005
1770202450.8514,0.7299550771713257,0.8989960551261902,0.4983554780483246,0.18877676,0.21515477,0.23291612,0.18950875,0.17364357,0.89899606,0.89899606,0.89899606,0.89899606,0.89899606
1770202450.9244,0.7688716650009155,0.8780126571655273,0.4729984402656555,0.1609244,0.21772902,0.24576136,0.19426446,0.18132073,0.932612,0.8609812,0.73882645,0.9022834,0.95536005
1770202451.0146,0.7913355827331543,0.8951076865196228,0.46626630425453186,0.17827666,0.19168657,0.25714865,0.21372268,0.15916544,0.8951076,0.8951076,0.8951076,0.8951076,0.8951076
1770202451.1183,0.731802225112915,0.8780126571655273,0.4924442172050476,0.17803755,0.22001202,0.24044308,0.19328468,0.16822268,0.932612,0.8609812,0.73882645,0.9022834,0.95536005
1770202451.2742,0.7644639015197754,0.8861129879951477,0.4758128523826599,0.19424753,0.20693249,0.23000011,0.17828974,0.1905301,0.9122424,0.82713693,0.798128,0.95315474,0.9399026
1770202451.3650,0.828420102596283,0.8951076865196228,0.43097764253616333,0.25186923,0.17235944,0.19512767,0.18333405,0.19730966,0.8951076,0.8951076,0.8951076,0.8951076,0.8951076
1770202451.4442,0.7669346332550049,0.8780126571655273,0.37280362844467163,0.18738815,0.22263843,0.22078197,0.19103025,0.1781613,0.932612,0.8609812,0.73882645,0.9022834,0.95536005
1770202451.5854,0.7577496767044067,0.8780126571655273,0.2972259819507599,0.19221365,0.23861147,0.22786798,0.15517181,0.18613507,0.932612,0.8609812,0.73882645,0.9022834,0.95536005
1770202451.7239,0.7468674182891846,0.8722869753837585,0.3641901910305023,0.20393738,0.2329171,0.2034957,0.15889986,0.20074987,0.92873216,0.87340176,0.76201427,0.84439427,0.95289236
1770202451.8145,0.7384876012802124,0.9081647992134094,0.4411087930202484,0.19869496,0.2590719,0.1958352,0.16199866,0.18439926,0.8496163,0.8087606,0.9612792,0.983895,0.93727267
1770202451.9258,0.7412875890731812,0.8780126571655273,0.45147815346717834,0.16436158,0.29834422,0.22452739,0.15603527,0.15673158,0.932612,0.8609812,0.73882645,0.9022834,0.95536005
1770202452.0057,0.791007399559021,0.8951076865196228,0.4014853835105896,0.21074481,0.2732782,0.21628791,0.13698204,0.162707,0.90450263,0.8175357,0.8926287,0.92552227,0.935349
1770202452.0621,0.7640214562416077,0.8463361859321594,0.3539784550666809,0.2094049,0.25498328,0.20715947,0.14490545,0.18354687,0.8831418,0.7755159,0.74458504,0.87865806,0.94978
1770202452.2112,0.7629570960998535,0.8989959955215454,0.27642080187797546,0.16868679,0.24261501,0.23926677,0.16719377,0.18223764,0.9026834,0.81792337,0.83016324,0.9800505,0.9641591
1770202452.3220,0.762488842010498,0.8780126571655273,0.26811230182647705,0.15897861,0.24795698,0.24811837,0.18121366,0.16373236,0.932612,0.8609812,0.73882645,0.9022834,0.95536005
1770202452.4492,0.7549703121185303,0.8780126571655273,0.27776584029197693,0.13568424,0.23009138,0.2288491,0.1928677,0.21250765,0.932612,0.8609812,0.73882645,0.9022834,0.95536005
1770202452.5700,0.7303165197372437,0.8780126571655273,0.3027069866657257,0.11508671,0.24553593,0.27544662,0.19785415,0.16607665,0.932612,0.8609812,0.73882645,0.9022834,0.95536005
1770202452.7736,0.7426233887672424,0.8780126571655273,0.37254494428634644,0.11571953,0.2248978,0.28624836,0.19815803,0.17497629,0.932612,0.8609812,0.73882645,0.9022834,0.95536005
1770202452.8464,0.7930693626403809,0.8678503036499023,0.38895994424819946,0.101826355,0.21422736,0.25470906,0.24000968,0.18922758,0.92721105,0.9112971,0.72316825,0.825549,0.95202595
1770202452.9665,0.7780599594116211,0.8678503036499023,0.3730766475200653,0.11710697,0.21540281,0.27294832,0.21343037,0.18111148,0.92721105,0.9112971,0.72316825,0.825549,0.95202595
1770202453.0932,0.7380719184875488,0.8665443658828735,0.32896992564201355,0.1581468,0.22853048,0.24570432,0.18576457,0.18185385,0.8868865,0.82616556,0.7187786,0.9618278,0.9390631
1770202453.2397,0.7350833415985107,0.8780126571655273,0.26426517963409424,0.18754633,0.1937819,0.21326269,0.1952877,0.21012141,0.87801266,0.87801266,0.87801266,0.87801266,0.87801266
1770202453.5638,0.7852597832679749,0.893790066242218,0.17712830007076263,0.18347627,0.20022503,0.21445802,0.19012837,0.21171239,0.8909806,0.78856665,0.8961821,0.95842665,0.93479425
1770202453.7934,0.7499611377716064,0.8780126571655273,0.30763888359069824,0.19478518,0.22890472,0.22387837,0.17117254,0.18125923,0.932612,0.8609812,0.73882645,0.9022834,0.95536005
1770202453.9083,0.7681333422660828,0.9163795709609985,0.39963096380233765,0.21112983,0.24820124,0.21237426,0.17128305,0.15701169,0.93976843,0.806851,0.90142363,0.97214276,0.9617117
1770202454.0194,0.720854640007019,0.8780126571655273,0.44750484824180603,0.18851535,0.25107962,0.22828498,0.15751097,0.17460908,0.932612,0.8609812,0.73882645,0.9022834,0.95536005
1770202454.1058,0.7843692302703857,0.8952713012695312,0.4431222379207611,0.25211817,0.26472294,0.20943798,0.1248637,0.14885724,0.90392834,0.8061706,0.8765091,0.9561707,0.93357766
1770202454.2249,0.7782811522483826,0.8463361859321594,0.4802378714084625,0.2371004,0.27247298,0.20864539,0.13425873,0.14752254,0.8831418,0.7755159,0.74458504,0.87865806,0.94978
1770202454.4109,0.7839143872261047,0.8890451788902283,0.6429727673530579,0.22390823,0.25349805,0.22766554,0.15764503,0.13728316,0.8890451,0.8890451,0.8890451,0.8890451,0.8890451
1770202454.5118,0.7703734636306763,0.8780126571655273,0.6968498229980469,0.22428317,0.24449213,0.21707186,0.15976873,0.15438408,0.932612,0.8609812,0.73882645,0.9022834,0.95536005
1770202454.6234,0.7718119025230408,0.8989959955215454,0.684748113155365,0.1949332,0.25281537,0.25521827,0.15303487,0.14399824,0.9026834,0.81792337,0.83016324,0.9800505,0.9641591
1770202454.7728,0.7576432228088379,0.8780126571655273,0.6873133182525635,0.2014276,0.22622561,0.22785036,0.17793903,0.16655749,0.932612,0.8609812,0.73882645,0.9022834,0.95536005
1770202454.8916,0.7701841592788696,0.8951076865196228,0.6766855716705322,0.19373775,0.26286286,0.24785858,0.1592916,0.13624915,0.90450263,0.8175357,0.8926287,0.92552227,0.935349
1770202454.9904,0.7728946208953857,0.8456613421440125,0.6298714876174927,0.19665876,0.22156447,0.2563569,0.15966879,0.1657511,0.8456613,0.8456613,0.8456613,0.8456613,0.8456613
1770202455.1070,0.7586522102355957,0.885179340839386,0.5771673917770386,0.19477983,0.20739362,0.21898653,0.1959733,0.18286669,0.88517934,0.88517934,0.88517934,0.88517934,0.88517934
1770202455.2442,0.7646657824516296,0.8952713012695312,0.5414689183235168,0.17967606,0.22125751,0.26563224,0.17068627,0.16274789,0.90392834,0.8061706,0.8765091,0.9561707,0.93357766
1770202455.3517,0.7827100157737732,0.9035084843635559,0.5577317476272583,0.15456077,0.2258884,0.2726487,0.18437347,0.16252868,0.93608886,0.8759388,0.84934586,0.8980977,0.958071
1770202455.6857,0.7758594751358032,0.8780126571655273,0.5296440720558167,0.1945038,0.19739245,0.20678681,0.20060174,0.20071524,0.932612,0.8609812,0.73882645,0.9022834,0.95536005
1770202455.7690,0.7145708799362183,0.8917198181152344,0.5692569613456726,0.17749302,0.22892162,0.24842325,0.17850885,0.16665325,0.8917198,0.8917198,0.8917198,0.8917198,0.8917198
1770202455.8635,0.7426801919937134,0.8678503036499023,0.7041165828704834,0.15941823,0.22716692,0.25256583,0.19336501,0.16748403,0.92721105,0.9112971,0.72316825,0.825549,0.95202595
1770202456.0236,0.7335314750671387,0.8780126571655273,1.0,0.19147593,0.21075952,0.22555615,0.1877147,0.18449372,0.932612,0.8609812,0.73882645,0.9022834,0.95536005
1770202456.3176,0.7598127126693726,0.8456613421440125,0.8988034129142761,0.19332597,0.21180795,0.20454542,0.18899103,0.20132963,0.86390114,0.79804283,0.6755898,0.944858,0.9459149
1770202456.4285,0.7879707217216492,0.8456613421440125,0.649225652217865,0.18866572,0.2122946,0.22233239,0.17612845,0.2005789,0.86390114,0.79804283,0.6755898,0.944858,0.9459149
1770202456.5533,0.7888465523719788,0.8928074836730957,0.5596782565116882,0.17924888,0.21319231,0.22350734,0.18915683,0.19489461,0.9280461,0.7953058,0.85488284,0.92812014,0.9576828
1770202457.0364,0.7750886678695679,0.891568124294281,0.5695230960845947,0.21256377,0.22819431,0.20731325,0.18181625,0.17011237,0.8499008,0.8148483,0.88936037,0.962881,0.9408498
1770202457.3990,0.7704169154167175,0.9062746167182922,0.5881342887878418,0.2282183,0.21507098,0.19713797,0.16585617,0.19371654,0.84589106,0.84014523,0.9382504,0.9679843,0.93910176
1770202457.6200,0.7597917318344116,0.8780126571655273,0.37840378284454346,0.20568442,0.19994806,0.20593455,0.18479149,0.20364146,0.932612,0.8609812,0.73882645,0.9022834,0.95536005
1770202457.6934,0.7570993900299072,0.8861129879951477,0.3779412508010864,0.20252784,0.22639054,0.21706542,0.16816776,0.18584852,0.9122424,0.82713693,0.798128,0.95315474,0.9399026
1770202457.8292,0.770402193069458,0.8780126571655273,0.5135825872421265,0.19195315,0.22873402,0.23382877,0.16401765,0.18146648,0.932612,0.8609812,0.73882645,0.9022834,0.95536005
1770202457.9359,0.7535204291343689,0.8780126571655273,0.6810587048530579,0.21344513,0.22464035,0.21693197,0.17004852,0.17493404,0.932612,0.8609812,0.73882645,0.9022834,0.95536005
1770202458.0557,0.7498412132263184,0.8678503036499023,0.8160043358802795,0.1939184,0.22206959,0.23190944,0.186915,0.16518751,0.92721105,0.9112971,0.72316825,0.825549,0.95202595
1770202458.1814,0.7530421018600464,0.8780126571655273,0.8744040131568909,0.17853735,0.23882776,0.24969448,0.17158361,0.16135687,0.932612,0.8609812,0.73882645,0.9022834,0.95536005
1770202458.3154,0.7614263296127319,0.8722869753837585,0.8815759420394897,0.17639907,0.22432199,0.2284256,0.20509174,0.16576156,0.92873216,0.87340176,0.76201427,0.84439427,0.95289236
1770202458.4855,0.786345362663269,0.9064232110977173,0.7915217876434326,0.17056796,0.25179684,0.25546828,0.18000713,0.14215977,0.9064232,0.9064232,0.9064232,0.9064232,0.9064232
1770202458.6341,0.7683538198471069,0.8951076865196228,0.7273243069648743,0.20060481,0.24875483,0.24152881,0.16889167,0.14021982,0.90450263,0.8175357,0.8926287,0.92552227,0.935349
1770202458.8570,0.7928510308265686,0.8649393916130066,0.9196954369544983,0.20033988,0.23626542,0.2578143,0.14926153,0.15631887,0.8883819,0.80864155,0.7368268,0.95673996,0.9341067
1770202458.9163,0.7721631526947021,0.8649393916130066,0.9561541080474854,0.18869343,0.24027108,0.25626558,0.17106469,0.1437052,0.8883819,0.80864155,0.7368268,0.95673996,0.9341067
1770202458.9649,0.7635530829429626,0.891568124294281,0.9606610536575317,0.19039762,0.24922389,0.23735584,0.1748764,0.14814623,0.8499008,0.8148483,0.88936037,0.962881,0.9408498
1770202459.1142,0.7902559638023376,0.8989959955215454,0.7790664434432983,0.14493768,0.23794149,0.2679854,0.19293316,0.15620226,0.9026834,0.81792337,0.83016324,0.9800505,0.9641591
1770202459.3633,0.7884953022003174,0.8797354102134705,0.49815768003463745,0.19088763,0.24103822,0.23101023,0.20134592,0.13571796,0.9389616,0.8352936,0.736685,0.9273363,0.9604005
1770202459.4737,0.7383837103843689,0.8748847842216492,0.6004229187965393,0.17750545,0.25821745,0.23877962,0.17612834,0.14936914,0.8748848,0.8748848,0.8748848,0.8748848,0.8748848
1770202459.5811,0.801821231842041,0.9070717692375183,0.6706532835960388,0.20410685,0.22023953,0.22375473,0.1782146,0.17368424,0.902349,0.87591016,0.86646223,0.958569,0.9320683
1770202459.7075,0.752642035484314,0.8748847246170044,0.685016930103302,0.18028589,0.23983525,0.23787154,0.18327129,0.15873604,0.90448314,0.9094157,0.68127793,0.9448484,0.93439835
1770202459.8492,0.7692718505859375,0.8678503036499023,0.5444254279136658,0.19725755,0.20788027,0.22472137,0.18722413,0.18291672,0.92721105,0.9112971,0.72316825,0.825549,0.95202595
1770202459.9158,0.7740089893341064,0.8678503036499023,0.46310555934906006,0.18179007,0.22849457,0.22039235,0.18376055,0.18556242,0.92721105,0.9112971,0.72316825,0.825549,0.95202595
1770202460.0127,0.7536423206329346,0.8722869753837585,0.39376768469810486,0.21094167,0.21505888,0.21348768,0.16357131,0.19694047,0.92873216,0.87340176,0.76201427,0.84439427,0.95289236
1770202460.2574,0.7387808561325073,0.8678503036499023,0.48566532135009766,0.17088838,0.23330201,0.24911018,0.16260394,0.18409546,0.92721105,0.9112971,0.72316825,0.825549,0.95202595
1770202460.3692,0.8104262948036194,0.9292598962783813,0.5063576698303223,0.20195323,0.2153353,0.21537703,0.17122896,0.19610548,0.9035156,0.86151123,0.9905053,0.95711654,0.93365073
1770202460.5376,0.7848765850067139,0.8989960551261902,0.4224192202091217,0.21857628,0.2173218,0.20981936,0.16355012,0.19073246,0.89899606,0.89899606,0.89899606,0.89899606,0.89899606
1770202460.6065,0.7309455871582031,0.891568124294281,0.3702611029148102,0.20424654,0.22534522,0.23474054,0.15483409,0.18083362,0.8499008,0.8148483,0.88936037,0.962881,0.9408498
1770202461.0015,0.7614825963973999,0.8780126571655273,0.8293942809104919,0.17681164,0.22729757,0.25733572,0.15518805,0.18336697,0.932612,0.8609812,0.73882645,0.9022834,0.95536005
1770202461.0734,0.77604740858078,0.8678503036499023,0.970495343208313,0.12583475,0.268282,0.2929014,0.1730599,0.13992193,0.92721105,0.9112971,0.72316825,0.825549,0.95202595
1770202461.2103,0.7440818548202515,0.8748847246170044,0.8914495706558228,0.16226508,0.24670902,0.28573427,0.14176428,0.16352735,0.90448314,0.9094157,0.68127793,0.9448484,0.93439835
1770202461.3324,0.7719894051551819,0.8910270929336548,0.6715320944786072,0.16640525,0.23126395,0.26662573,0.15600774,0.17969728,0.90525913,0.82466924,0.83722764,0.95246315,0.9355162
1770202461.6806,0.7662363648414612,0.8665443658828735,0.35626643896102905,0.17179637,0.23654564,0.2713643,0.1701283,0.15016541,0.8868865,0.82616556,0.7187786,0.9618278,0.9390631
1770202461.8146,0.7274430990219116,0.9062746167182922,0.3488426208496094,0.18478906,0.23210207,0.26208037,0.15391363,0.1671149,0.84589106,0.84014523,0.9382504,0.9679843,0.93910176
1770202461.8829,0.7404384613037109,0.8780126571655273,0.34886497259140015,0.16641393,0.2230337,0.25194743,0.18536997,0.173235,0.932612,0.8609812,0.73882645,0.9022834,0.95536005
1770202461.9577,0.7744312882423401,0.8951076865196228,0.35277265310287476,0.20406426,0.23272498,0.23621796,0.15727311,0.16971971,0.90450263,0.8175357,0.8926287,0.92552227,0.935349
1770202462.2750,0.8124982118606567,0.8989959955215454,0.3732900023460388,0.18529621,0.20615397,0.23812006,0.18224077,0.18818901,0.9026834,0.81792337,0.83016324,0.9800505,0.9641591
1770202462.3603,0.7589659690856934,0.8722869753837585,0.36885273456573486,0.16660024,0.22388785,0.23788944,0.19140363,0.18021886,0.92873216,0.87340176,0.76201427,0.84439427,0.95289236
1770202462.4666,0.744479775428772,0.8780126571655273,0.3481709659099579,0.18274483,0.2178055,0.22113323,0.1852554,0.19306101,0.932612,0.8609812,0.73882645,0.9022834,0.95536005
1770202462.5456,0.7768778800964355,0.8463361859321594,0.3323977589607239,0.21545266,0.2173328,0.2087617,0.17849934,0.1799535,0.8831418,0.7755159,0.74458504,0.87865806,0.94978
1770202462.6975,0.8088395595550537,0.8910270929336548,0.33326706290245056,0.19774166,0.2156887,0.20385697,0.18673074,0.19598188,0.90525913,0.82466924,0.83722764,0.95246315,0.9355162
1770202462.8434,0.7649891376495361,0.9035084843635559,0.38189586997032166,0.19776978,0.22551133,0.21561952,0.17118682,0.18991253,0.9035085,0.9035085,0.9035085,0.9035085,0.9035085
1770202463.1937,0.8088109493255615,0.893790066242218,0.46359342336654663,0.1988119,0.23005071,0.21275705,0.18214065,0.17623967,0.8909806,0.78856665,0.8961821,0.95842665,0.93479425
1770202463.3034,0.7467944622039795,0.8780126571655273,0.6045350432395935,0.1802458,0.23476192,0.24301282,0.1653316,0.17664792,0.932612,0.8609812,0.73882645,0.9022834,0.95536005
1770202463.4438,0.7562568783760071,0.8780126571655273,0.7001729607582092,0.20117685,0.23783877,0.20349486,0.17933065,0.17815892,0.932612,0.8609812,0.73882645,0.9022834,0.95536005
1770202463.5372,0.800186276435852,0.8796804547309875,0.7096902132034302,0.17538229,0.26364678,0.25574532,0.15550204,0.14972362,0.85804987,0.8545417,0.8146192,0.94252455,0.92866707
1770202463.8412,0.7145556211471558,0.8780126571655273,0.8080572485923767,0.1794263,0.24129406,0.2438425,0.17039773,0.16503942,0.932612,0.8609812,0.73882645,0.9022834,0.95536005
1770202464.0046,0.7692915201187134,0.8951076865196228,0.71160489320755,0.20196562,0.2529062,0.23808745,0.14864072,0.15840004,0.90450263,0.8175357,0.8926287,0.92552227,0.935349
1770202464.1901,0.7559896111488342,0.914115846157074,0.47733280062675476,0.19057703,0.24162358,0.22780438,0.16725898,0.17273606,0.9148145,0.81983,0.89634806,0.99639505,0.9431915
1770202464.7041,0.7323968410491943,0.8796804547309875,0.421272873878479,0.17233685,0.22627139,0.26079953,0.17575382,0.16483842,0.85804987,0.8545417,0.8146192,0.94252455,0.92866707
1770202465.0304,0.7409555315971375,0.9081647992134094,0.32791513204574585,0.1989981,0.23081583,0.22838442,0.17032361,0.17147797,0.8496163,0.8087606,0.9612792,0.983895,0.93727267
1770202465.0876,0.7397538423538208,0.906488835811615,0.31140854954719543,0.20073262,0.23279192,0.23944192,0.16785786,0.15917577,0.9267478,0.77273226,0.91628563,0.96533984,0.9513387
1770202465.1820,0.7817710638046265,0.8649393916130066,0.32822826504707336,0.18295212,0.21253854,0.2748952,0.15620653,0.17340758,0.8883819,0.80864155,0.7368268,0.95673996,0.9341067
1770202465.3398,0.7795069217681885,0.9117329716682434,0.4026942849159241,0.21629356,0.22655645,0.21660374,0.17236495,0.16818139,0.911733,0.911733,0.911733,0.911733,0.911733
1770202465.6065,0.747875988483429,0.9292598962783813,0.6757566928863525,0.18682528,0.22989301,0.23678495,0.16719207,0.17930469,0.9035156,0.86151123,0.9905053,0.95711654,0.93365073
1770202465.7071,0.8107578754425049,0.8748847246170044,0.9266653656959534,0.2032438,0.21302888,0.23910318,0.1753577,0.1692664,0.90448314,0.9094157,0.68127793,0.9448484,0.93439835
1770202465.7765,0.746638298034668,0.9062746167182922,0.9906457662582397,0.2104445,0.21093743,0.22432183,0.17506106,0.17923522,0.84589106,0.84014523,0.9382504,0.9679843,0.93910176
1770202465.9217,0.7533600330352783,0.8678503036499023,0.8656527996063232,0.17269869,0.22564813,0.2657159,0.1769975,0.15893978,0.92721105,0.9112971,0.72316825,0.825549,0.95202595
1770202466.0517,0.7525348663330078,0.8649393916130066,0.6579587459564209,0.19385082,0.21268277,0.25500306,0.16622162,0.17224175,0.8883819,0.80864155,0.7368268,0.95673996,0.9341067
1770202466.2129,0.7339363694190979,0.8780126571655273,0.6589898467063904,0.17577387,0.23534454,0.2571102,0.16631706,0.16545434,0.932612,0.8609812,0.73882645,0.9022834,0.95536005
1770202466.3010,0.7514622211456299,0.8456613421440125,0.6727270483970642,0.19047955,0.23082295,0.24254121,0.17431034,0.16184598,0.86390114,0.79804283,0.6755898,0.944858,0.9459149
1770202466.3999,0.7815456390380859,0.8678503036499023,0.5915764570236206,0.14804418,0.24014696,0.2908729,0.17912878,0.14180717,0.92721105,0.9112971,0.72316825,0.825549,0.95202595
1770202466.4938,0.7582196593284607,0.8780126571655273,0.4896136522293091,0.19357203,0.21612108,0.22657803,0.18126379,0.18246506,0.87801266,0.87801266,0.87801266,0.87801266,0.87801266
1770202466.5626,0.7595648765563965,0.8780126571655273,0.45788300037384033,0.19252485,0.22136615,0.24053171,0.17157689,0.17400037,0.932612,0.8609812,0.73882645,0.9022834,0.95536005
1770202466.6409,0.7880815863609314,0.8951076865196228,0.426460862159729,0.21238065,0.2334462,0.22416955,0.1656604,0.16434318,0.90450263,0.8175357,0.8926287,0.92552227,0.935349
1770202466.7374,0.7664252519607544,0.893790066242218,0.4194851219654083,0.19328725,0.23401982,0.23403196,0.16918674,0.16947424,0.8909806,0.78856665,0.8961821,0.95842665,0.93479425
1770202466.8854,0.7473106384277344,0.8780126571655273,0.42071032524108887,0.17326543,0.24178305,0.24229288,0.17334564,0.16931306,0.932612,0.8609812,0.73882645,0.9022834,0.95536005
1770202467.0847,0.7369649410247803,0.8665443658828735,0.3625248670578003,0.1874707,0.21604854,0.22703157,0.20236678,0.16708241,0.8868865,0.82616556,0.7187786,0.9618278,0.9390631
1770202467.1825,0.7728158235549927,0.9163795709609985,0.33019575476646423,0.18316813,0.22842202,0.24879669,0.18078205,0.15883112,0.93976843,0.806851,0.90142363,0.97214276,0.9617117
1770202467.2727,0.7071712613105774,0.8780126571655273,0.3319038450717926,0.1701906,0.22537999,0.2537215,0.17622124,0.17448665,0.932612,0.8609812,0.73882645,0.9022834,0.95536005
1770202467.6799,0.7165249586105347,0.8780126571655273,0.5289637446403503,0.20445995,0.20993294,0.20282283,0.1969003,0.18588407,0.87801266,0.87801266,0.87801266,0.87801266,0.87801266
1770202467.8261,0.7630338668823242,0.9283257722854614,0.46579524874687195,0.18739617,0.22492656,0.22192457,0.18236029,0.18339239,0.91081256,0.85312325,0.95112073,0.9874018,0.9391703
1770202467.9545,0.7023448944091797,0.8780126571655273,0.46592167019844055,0.17165846,0.23961246,0.2413257,0.1671018,0.1803016,0.932612,0.8609812,0.73882645,0.9022834,0.95536005
1770202468.1879,0.7348200082778931,0.8649393916130066,0.5486394166946411,0.20349441,0.2172936,0.22376738,0.16711347,0.18833113,0.8883819,0.80864155,0.7368268,0.95673996,0.9341067
1770202468.3176,0.7447313070297241,0.8456613421440125,0.6066471338272095,0.23637891,0.21955602,0.18550491,0.16891664,0.18964353,0.86390114,0.79804283,0.6755898,0.944858,0.9459149
1770202468.4296,0.7153857350349426,0.8989960551261902,0.7278060913085938,0.21721187,0.21371381,0.18825404,0.1849359,0.19588439,0.89899606,0.89899606,0.89899606,0.89899606,0.89899606
1770202468.5845,0.7676362991333008,0.8748847246170044,0.8329607844352722,0.20307383,0.23955096,0.22666682,0.16146712,0.16924128,0.90448314,0.9094157,0.68127793,0.9448484,0.93439835
1770202468.6577,0.7249429821968079,0.8861129879951477,0.8115688562393188,0.20995188,0.22528994,0.20190781,0.17977694,0.18307345,0.9122424,0.82713693,0.798128,0.95315474,0.9399026
1770202468.7261,0.761052668094635,0.9163795709609985,0.7148469090461731,0.19220012,0.24822743,0.21964866,0.17513506,0.16478874,0.93976843,0.806851,0.90142363,0.97214276,0.9617117
1770202468.8361,0.7396481037139893,0.8456613421440125,0.49977409839630127,0.19592977,0.22810796,0.21654704,0.18603633,0.17337894,0.86390114,0.79804283,0.6755898,0.944858,0.9459149
1770202469.1487,0.7760158777236938,0.9037167429924011,0.7299656867980957,0.17019656,0.2408082,0.26107693,0.15941028,0.16850804,0.90371674,0.90371674,0.90371674,0.90371674,0.90371674
1770202469.1910,0.7413737773895264,0.8780126571655273,0.8424683809280396,0.16234629,0.24705204,0.25810656,0.15994245,0.17255266,0.932612,0.8609812,0.73882645,0.9022834,0.95536005
1770202469.4472,0.7520195245742798,0.9283257722854614,1.0,0.16721103,0.2447209,0.25745755,0.16015367,0.17045684,0.91081256,0.85312325,0.95112073,0.9874018,0.9391703
1770202469.7132,0.7577649354934692,0.9062746167182922,0.9670941829681396,0.18320288,0.22280104,0.26505512,0.15911433,0.16982664,0.84589106,0.84014523,0.9382504,0.9679843,0.93910176
1770202469.8064,0.7478573322296143,0.8678503036499023,0.7968855500221252,0.1776751,0.20547888,0.27237874,0.180111,0.16435623,0.92721105,0.9112971,0.72316825,0.825549,0.95202595
1770202469.9024,0.7505101561546326,0.8780126571655273,0.6353036761283875,0.18708539,0.20767337,0.24938752,0.18581747,0.17003629,0.932612,0.8609812,0.73882645,0.9022834,0.95536005
1770202470.2496,0.7414124011993408,0.8780126571655273,0.3254821002483368,0.19612451,0.19194557,0.22706626,0.20103605,0.18382756,0.932612,0.8609812,0.73882645,0.9022834,0.95536005
1770202470.4466,0.7397624850273132,0.891568124294281,0.46988874673843384,0.21757981,0.18991765,0.22064814,0.18290004,0.18895434,0.8499008,0.8148483,0.88936037,0.962881,0.9408498
1770202470.5266,0.7843533754348755,0.9262415170669556,0.5469157099723816,0.20844609,0.19010186,0.2236404,0.19134901,0.18646266,0.90297365,0.9173413,0.8763305,0.99943525,0.9351265
1770202470.5856,0.8196186423301697,0.8463361859321594,0.5990768671035767,0.21448359,0.19422,0.2474716,0.17099078,0.17283398,0.8831418,0.7755159,0.74458504,0.87865806,0.94978
1770202470.7586,0.7932546138763428,0.8797354102134705,0.5654557943344116,0.21057391,0.2001664,0.22602966,0.19092397,0.17230608,0.9389616,0.8352936,0.736685,0.9273363,0.9604005
1770202470.8886,0.7834298610687256,0.9283257722854614,0.5008851289749146,0.20429043,0.21144637,0.22241297,0.18067664,0.1811736,0.91081256,0.85312325,0.95112073,0.9874018,0.9391703
1770202470.9792,0.7682749032974243,0.9272651672363281,0.44849249720573425,0.1913084,0.233426,0.22159642,0.18074636,0.1729228,0.8958147,0.87167555,0.97163504,0.9592793,0.93792135
1770202471.2490,0.7583194971084595,0.8952713012695312,0.5499839186668396,0.20553105,0.22622591,0.22967139,0.17171156,0.16686007,0.90392834,0.8061706,0.8765091,0.9561707,0.93357766
1770202471.4086,0.7887393236160278,0.8787673115730286,0.599044144153595,0.195961,0.22143453,0.23631702,0.1801693,0.16611814,0.8044093,0.8538681,0.8040762,0.9987463,0.9327365
1770202471.5664,0.7618374824523926,0.8780126571655273,0.5950735807418823,0.19909935,0.21246013,0.222577,0.18790565,0.17795782,0.932612,0.8609812,0.73882645,0.9022834,0.95536005
1770202471.6659,0.7690443992614746,0.9283257722854614,0.5748010873794556,0.19575016,0.24634705,0.20720169,0.1856789,0.1650222,0.91081256,0.85312325,0.95112073,0.9874018,0.9391703
1770202471.9636,0.7849302887916565,0.8649393916130066,0.641409158706665,0.19330277,0.23421487,0.24497648,0.16123775,0.16626814,0.8883819,0.80864155,0.7368268,0.95673996,0.9341067
1770202472.0525,0.762155294418335,0.9292598962783813,0.6604177951812744,0.19764918,0.24054565,0.22896072,0.1722441,0.1606003,0.9035156,0.86151123,0.9905053,0.95711654,0.93365073
1770202472.2807,0.7810378670692444,0.8678503036499023,0.5238519310951233,0.1908096,0.23080976,0.24415918,0.1727849,0.16143659,0.92721105,0.9112971,0.72316825,0.825549,0.95202595
1770202472.6721,0.7474279403686523,0.8649393916130066,0.5728651881217957,0.1845338,0.25244895,0.25525558,0.1523925,0.15536918,0.8883819,0.80864155,0.7368268,0.95673996,0.9341067
1770202472.8230,0.7490003108978271,0.8780126571655273,0.6383331418037415,0.19154653,0.23052233,0.22852425,0.18212895,0.16727786,0.932612,0.8609812,0.73882645,0.9022834,0.95536005
1770202472.9936,0.7368140816688538,0.893790066242218,0.575380802154541,0.20343852,0.22904596,0.22997516,0.1664242,0.17111619,0.8909806,0.78856665,0.8961821,0.95842665,0.93479425
1770202473.3207,0.7514387369155884,0.8952713012695312,0.5375125408172607,0.20694835,0.22196852,0.22917032,0.17179523,0.17011754,0.90392834,0.8061706,0.8765091,0.9561707,0.93357766
1770202473.4422,0.7556601166725159,0.9272651672363281,0.5355095267295837,0.2010943,0.2085083,0.24514933,0.16539557,0.17985247,0.8958147,0.87167555,0.97163504,0.9592793,0.93792135
1770202473.5283,0.7930525541305542,0.8679424524307251,0.5019753575325012,0.23044512,0.193914,0.20818084,0.17793784,0.18952227,0.86794245,0.86794245,0.86794245,0.86794245,0.86794245
1770202473.7848,0.7731836438179016,0.8780126571655273,0.3811286985874176,0.21071856,0.2004417,0.23693043,0.1697274,0.1821819,0.932612,0.8609812,0.73882645,0.9022834,0.95536005
1770202473.8700,0.7767428159713745,0.8788420557975769,0.4481075406074524,0.22240567,0.1977375,0.2285132,0.17961042,0.17173314,0.9325433,0.8087416,0.73086435,0.96538645,0.95667464
1770202473.9475,0.7908339500427246,0.8678503036499023,0.5372027158737183,0.21896459,0.18173508,0.24850464,0.17687167,0.17392401,0.92721105,0.9112971,0.72316825,0.825549,0.95202595
1770202474.0366,0.7586464881896973,0.8796804547309875,0.6687333583831787,0.21285993,0.183265,0.24617022,0.17999785,0.17770703,0.85804987,0.8545417,0.8146192,0.94252455,0.92866707
1770202474.1351,0.7627646327018738,0.8456613421440125,0.7853112816810608,0.22537069,0.19159485,0.21709761,0.18721345,0.17872338,0.86390114,0.79804283,0.6755898,0.944858,0.9459149
1770202474.2677,0.7818232178688049,0.8797354102134705,0.8717343807220459,0.22484787,0.18714981,0.21824574,0.19575676,0.17399986,0.9389616,0.8352936,0.736685,0.9273363,0.9604005
1770202474.6061,0.7993390560150146,0.8780126571655273,0.5668127536773682,0.22402951,0.18286128,0.23759788,0.17089345,0.18461785,0.932612,0.8609812,0.73882645,0.9022834,0.95536005
1770202474.7602,0.8071914911270142,0.8796804547309875,0.3789253830909729,0.21443157,0.19019504,0.2474769,0.169359,0.17853755,0.85804987,0.8545417,0.8146192,0.94252455,0.92866707
1770202474.8387,0.7636235952377319,0.9081647992134094,0.4013522267341614,0.19653791,0.21578151,0.2395489,0.17553742,0.1725942,0.8496163,0.8087606,0.9612792,0.983895,0.93727267
1770202475.0084,0.7467656135559082,0.8861129879951477,0.520664632320404,0.19377863,0.21355127,0.24679483,0.16837685,0.17749847,0.9122424,0.82713693,0.798128,0.95315474,0.9399026
1770202475.1139,0.7775248885154724,0.8649393916130066,0.5495784878730774,0.18866152,0.21779333,0.27080742,0.14607087,0.17666683,0.8883819,0.80864155,0.7368268,0.95673996,0.9341067
1770202475.2028,0.7672569751739502,0.914115846157074,0.5665090680122375,0.1817741,0.22502337,0.25569397,0.1603471,0.17716146,0.9148145,0.81983,0.89634806,0.99639505,0.9431915
1770202475.3859,0.7565886974334717,0.906488835811615,0.5816991925239563,0.18689156,0.23288761,0.24900858,0.1545588,0.17665343,0.9267478,0.77273226,0.91628563,0.96533984,0.9513387
1770202475.5340,0.7567059397697449,0.9120563864707947,0.6185131669044495,0.16823976,0.24396926,0.2547536,0.16251922,0.17051812,0.91011626,0.86218053,0.9008029,0.94795334,0.93922865
1770202475.7681,0.7529659271240234,0.8649393916130066,0.8614906668663025,0.18019353,0.23327301,0.25386214,0.1565527,0.17611858,0.8883819,0.80864155,0.7368268,0.95673996,0.9341067
1770202475.8538,0.771949827671051,0.8748847246170044,0.9714279174804688,0.1878213,0.23493004,0.2416591,0.15685198,0.1787376,0.90448314,0.9094157,0.68127793,0.9448484,0.93439835
1770202475.9797,0.7849105596542358,0.8796804547309875,0.8491404056549072,0.19649222,0.22212684,0.2138902,0.18242292,0.18506777,0.85804987,0.8545417,0.8146192,0.94252455,0.92866707
1770202476.1362,0.7175687551498413,0.8665443658828735,0.5923586487770081,0.19636036,0.24056585,0.21466506,0.16654228,0.18186645,0.8868865,0.82616556,0.7187786,0.9618278,0.9390631
1770202476.2242,0.7348270416259766,0.8780126571655273,0.5919502377510071,0.19156624,0.21950403,0.23083337,0.17456692,0.18352944,0.932612,0.8609812,0.73882645,0.9022834,0.95536005
1770202476.3451,0.7865832448005676,0.8780126571655273,0.6741076111793518,0.22525735,0.20388286,0.19546796,0.17866032,0.19673148,0.932612,0.8609812,0.73882645,0.9022834,0.95536005
1770202476.5547,0.7791410684585571,0.8780126571655273,0.5702932476997375,0.19792436,0.22385232,0.2192551,0.17731376,0.18165445,0.87801266,0.87801266,0.87801266,0.87801266,0.87801266
1770202477.0012,0.7620470523834229,0.8780126571655273,0.42486974596977234,0.20589994,0.21500525,0.21632254,0.18443422,0.17833802,0.932612,0.8609812,0.73882645,0.9022834,0.95536005
1770202477.8156,0.8077502250671387,0.8748847246170044,0.5732531547546387,0.21372274,0.21213405,0.22423126,0.17803526,0.17187679,0.90448314,0.9094157,0.68127793,0.9448484,0.93439835
1770202477.8943,0.7737909555435181,0.9163795709609985,0.5491967797279358,0.2081624,0.2103373,0.21670856,0.19846444,0.16632728,0.93976843,0.806851,0.90142363,0.97214276,0.9617117
1770202478.3731,0.7750188708305359,0.906488835811615,0.5101314187049866,0.22504045,0.20625901,0.21319167,0.18315805,0.17235085,0.9267478,0.77273226,0.91628563,0.96533984,0.9513387
1770202478.8760,0.7741341590881348,0.8889789581298828,0.6934300661087036,0.20786023,0.21429725,0.22104211,0.18643649,0.1703639,0.91324526,0.92483634,0.783657,0.8840706,0.93908554
1770202479.7832,0.802699863910675,0.8828509449958801,0.6574792861938477,0.20797025,0.20914641,0.2321503,0.18203005,0.16870305,0.7776037,0.8593368,0.9022962,0.93740577,0.9376123
1770202480.7136,0.8039602041244507,0.9111170172691345,0.5655770301818848,0.21871099,0.22276102,0.21840297,0.16544111,0.17468391,0.8601472,0.86319566,0.91458803,0.9877215,0.92993236
1770202481.0300,0.756339430809021,0.8780126571655273,0.8293272852897644,0.20900467,0.20465122,0.22429565,0.18299027,0.17905822,0.932612,0.8609812,0.73882645,0.9022834,0.95536005
1770202481.2267,0.7835795879364014,0.9292598962783813,0.8679190278053284,0.19558412,0.2182755,0.24841374,0.17246348,0.16526309,0.9035156,0.86151123,0.9905053,0.95711654,0.93365073
1770202481.3902,0.8006978034973145,0.9081647992134094,0.9323329329490662,0.20276845,0.22650439,0.22431432,0.17178892,0.17462388,0.8496163,0.8087606,0.9612792,0.983895,0.93727267
1770202481.6447,0.8263761401176453,0.893790066242218,0.6998109817504883,0.18712156,0.23802532,0.24911474,0.16802637,0.15771197,0.8909806,0.78856665,0.8961821,0.95842665,0.93479425
1770202481.8603,0.7517086863517761,0.8828509449958801,0.5299108624458313,0.19067444,0.2243559,0.23878264,0.17282681,0.17336024,0.7776037,0.8593368,0.9022962,0.93740577,0.9376123
1770202481.9875,0.7730544805526733,0.8828509449958801,0.5552289485931396,0.17742786,0.23223229,0.25033137,0.16967465,0.1703338,0.7776037,0.8593368,0.9022962,0.93740577,0.9376123
1770202482.1230,0.7798554301261902,0.9272651672363281,0.46401259303092957,0.18368983,0.22032641,0.26388577,0.16061437,0.1714836,0.8958147,0.87167555,0.97163504,0.9592793,0.93792135
1770202482.2052,0.7724077701568604,0.8780126571655273,0.3832712173461914,0.18552653,0.225555,0.25271982,0.15940173,0.17679691,0.932612,0.8609812,0.73882645,0.9022834,0.95536005
1770202482.3398,0.791901707649231,0.8890451788902283,0.35873979330062866,0.18649597,0.22638485,0.2491908,0.17038038,0.167548,0.8890451,0.8890451,0.8890451,0.8890451,0.8890451
1770202482.4804,0.7908908128738403,0.8780126571655273,0.44469135999679565,0.1831132,0.22209004,0.26177424,0.15623948,0.17678303,0.932612,0.8609812,0.73882645,0.9022834,0.95536005
1770202482.8761,0.8072317242622375,0.893790066242218,0.38948991894721985,0.1995071,0.22438441,0.22768788,0.17146052,0.17696005,0.8909806,0.78856665,0.8961821,0.95842665,0.93479425
1770207202.9386,0.48317819833755493,0.9164380431175232,0.23393163084983826,0.16713962,0.15687717,0.26930586,0.19105306,0.2156243,0.91643804,0.91643804,0.91643804,0.91643804,0.91643804
1770207203.0345,0.48569947481155396,0.9164380431175232,0.17957986891269684,0.16348827,0.25088373,0.17367132,0.33934236,0.072614364,0.91643804,0.91643804,0.91643804,0.91643804,0.91643804
1770207203.1289,0.48409342765808105,0.9164380431175232,0.15527263283729553,0.15084751,0.16149615,0.14311588,0.46603268,0.07850772,0.93915504,0.9769538,0.83697057,0.86865586,0.96045476
1770207203.2344,0.4852578341960907,0.9164380431175232,0.15641161799430847,0.14710416,0.14406955,0.13037957,0.49731264,0.08113409,0.93915504,0.9769538,0.83697057,0.86865586,0.96045476
1770207203.3346,0.504653811454773,0.9164380431175232,0.19200973212718964,0.13796145,0.15847567,0.11093393,0.5185382,0.07409071,0.93915504,0.9769538,0.83697057,0.86865586,0.96045476
1770207203.3961,0.5185467600822449,0.9164380431175232,0.2385571449995041,0.1420798,0.16588017,0.08922384,0.5319655,0.07085069,0.93915504,0.9769538,0.83697057,0.86865586,0.96045476
1770207203.5092,0.5342467427253723,0.9164380431175232,0.34731826186180115,0.14904015,0.16178939,0.09283018,0.51506656,0.081273675,0.93915504,0.9769538,0.83697057,0.86865586,0.96045476
1770207203.6037,0.5446805357933044,0.9251382946968079,0.40047919750213623,0.14042716,0.15292075,0.11054284,0.5139158,0.082193494,0.948602,0.97922623,0.86711466,0.8630599,0.9676885
1770207203.7361,0.5693819522857666,0.9251382946968079,0.38442525267601013,0.12830813,0.13351357,0.18510722,0.43001038,0.123060726,0.948602,0.97922623,0.86711466,0.8630599,0.9676885
1770207203.8320,0.5874925851821899,0.9251382946968079,0.30712658166885376,0.12509222,0.122014225,0.21948276,0.38790002,0.14551081,0.948602,0.97922623,0.86711466,0.8630599,0.9676885
1770207203.9080,0.6093580722808838,0.890004575252533,0.2518633008003235,0.11541305,0.13208173,0.19581123,0.43800548,0.11868848,0.94804186,0.93477404,0.78693736,0.812886,0.96738315
1770207204.0265,0.6445797681808472,0.890004575252533,0.2384132295846939,0.13982366,0.10848565,0.20863436,0.31753007,0.22552627,0.94804186,0.93477404,0.78693736,0.812886,0.96738315
1770207204.1501,0.6678708791732788,0.8800334930419922,0.29658591747283936,0.1899453,0.10493375,0.21753407,0.21326417,0.27432278,0.8800335,0.8800335,0.8800335,0.8800335,0.8800335
1770207204.2375,0.6623839139938354,0.8800334930419922,0.3424968123435974,0.19179386,0.103990145,0.33943307,0.18914685,0.17563605,0.944848,0.974373,0.6704941,0.8454853,0.96496737
1770207204.3232,0.706053614616394,0.890004575252533,0.3905941843986511,0.12077026,0.10709726,0.26177382,0.3048086,0.20555003,0.94804186,0.93477404,0.78693736,0.812886,0.96738315
1770207204.4644,0.6991734504699707,0.8976507186889648,0.42522719502449036,0.15111694,0.1280652,0.2793241,0.24118844,0.20030534,0.8976507,0.8976507,0.8976507,0.8976507,0.8976507
1770207204.5710,0.7411350011825562,0.8800334930419922,0.3982554078102112,0.1503772,0.10091236,0.18100141,0.33099622,0.23671277,0.944848,0.974373,0.6704941,0.8454853,0.96496737
1770207204.6645,0.701454758644104,0.8976507186889648,0.306585431098938,0.081365936,0.08211735,0.36655042,0.3171428,0.15282348,0.8976507,0.8976507,0.8976507,0.8976507,0.8976507
1770207204.7618,0.682306170463562,0.8976507186889648,0.2114606350660324,0.10708666,0.09346065,0.43544295,0.22820483,0.13580494,0.94280314,0.93908995,0.78471845,0.85826945,0.96337223
1770207204.8537,0.7278580069541931,0.8976507186889648,0.1603984236717224,0.061995164,0.075723514,0.4244369,0.32921442,0.10863007,0.94280314,0.93908995,0.78471845,0.85826945,0.96337223
1770207204.9967,0.7606920599937439,0.8976507186889648,0.1881769448518753,0.0957602,0.10872279,0.30341753,0.3482976,0.14380185,0.94280314,0.93908995,0.78471845,0.85826945,0.96337223
1770207205.1518,0.7925697565078735,0.8976507186889648,0.3056105971336365,0.08579938,0.110618666,0.27660242,0.40373838,0.12324115,0.94280314,0.93908995,0.78471845,0.85826945,0.96337223
1770207205.2229,0.7452542781829834,0.8976507186889648,0.3739270567893982,0.15253414,0.12094408,0.31944618,0.27965334,0.12742221,0.94280314,0.93908995,0.78471845,0.85826945,0.96337223
1770207205.3042,0.803189218044281,0.9051995277404785,0.42001548409461975,0.13813421,0.16097957,0.25682104,0.31225705,0.13180818,0.9442165,0.99073654,0.7858644,0.8407417,0.9644385
1770207205.4228,0.805486261844635,0.9051995277404785,0.45451000332832336,0.1372645,0.16952294,0.25293708,0.33216485,0.10811065,0.9442165,0.99073654,0.7858644,0.8407417,0.9644385
1770207205.5128,0.8205797672271729,0.9051995277404785,0.447709858417511,0.17418765,0.18434578,0.210845,0.27523836,0.15538324,0.9442165,0.99073654,0.7858644,0.8407417,0.9644385
1770207205.6523,0.8289072513580322,0.8976507186889648,0.45913782715797424,0.27356786,0.20237167,0.1958137,0.21341595,0.11483084,0.94280314,0.93908995,0.78471845,0.85826945,0.96337223
1770207205.7234,0.8395264148712158,0.9051995277404785,0.4768373370170593,0.21224499,0.22817367,0.20295408,0.23617637,0.12045089,0.9442165,0.99073654,0.7858644,0.8407417,0.9644385
1770207205.7917,0.7523057460784912,0.9232568740844727,0.47998347878456116,0.25041464,0.20471057,0.23717561,0.16184205,0.14585716,0.94056714,0.931374,0.8660275,0.9170536,0.9612623
1770207206.2108,0.7883997559547424,0.9232568740844727,0.2825861871242523,0.22139366,0.19562118,0.25890058,0.174871,0.14921358,0.94056714,0.931374,0.8660275,0.9170536,0.9612623
1770207206.5274,0.8327695727348328,0.9051995277404785,0.25961172580718994,0.21518612,0.18103416,0.25761423,0.19568297,0.15048249,0.9442165,0.99073654,0.7858644,0.8407417,0.9644385
1770207206.6162,0.8238966464996338,0.9232568740844727,0.2956823408603668,0.11048498,0.17329974,0.35612825,0.19329402,0.16679302,0.94056714,0.931374,0.8660275,0.9170536,0.9612623
1770207206.7347,0.8741897940635681,0.9232568740844727,0.33102717995643616,0.15255278,0.23669499,0.23269568,0.2275671,0.15048942,0.94056714,0.931374,0.8660275,0.9170536,0.9612623
1770207206.8289,0.8174282312393188,0.9232568740844727,0.32641226053237915,0.23422097,0.14016436,0.26473802,0.22107235,0.13980426,0.94056714,0.931374,0.8660275,0.9170536,0.9612623
1770207206.9522,0.8113790154457092,0.8885286450386047,0.28826192021369934,0.16778101,0.119483545,0.30406585,0.21131736,0.19735219,0.88852865,0.88852865,0.88852865,0.88852865,0.88852865
1770207207.1523,0.8376551866531372,0.8658327460289001,0.24466633796691895,0.15631661,0.16649528,0.30265334,0.19661199,0.17792279,0.86583275,0.86583275,0.86583275,0.86583275,0.86583275
1770207207.7117,0.8380038142204285,0.9232568740844727,0.2256721556186676,0.15008314,0.13374497,0.28036624,0.22801812,0.20778759,0.94056714,0.931374,0.8660275,0.9170536,0.9612623
1770207207.8883,0.8594175577163696,0.8885286450386047,0.24570602178573608,0.13548322,0.16535743,0.2799681,0.20664343,0.21254782,0.9348732,0.96139103,0.7811369,0.8076556,0.9575864
1770207207.9628,0.7880597114562988,0.8885286450386047,0.2524900734424591,0.20309679,0.15216587,0.2924891,0.19962642,0.15262179,0.9348732,0.96139103,0.7811369,0.8076556,0.9575864
1770207208.0810,0.839325487613678,0.8885286450386047,0.26014378666877747,0.16203411,0.17854263,0.26309583,0.17076105,0.22556636,0.9348732,0.96139103,0.7811369,0.8076556,0.9575864
1770207208.2103,0.8083688020706177,0.8885286450386047,0.2764064371585846,0.16181512,0.17427398,0.23574218,0.18290052,0.24526823,0.9348732,0.96139103,0.7811369,0.8076556,0.9575864
1770207208.2899,0.817833423614502,0.8658327460289001,0.2692719101905823,0.1938928,0.17796373,0.21266952,0.19609207,0.21938187,0.9344979,0.9207079,0.67280173,0.8440035,0.9571525
1770207208.5452,0.8127508163452148,0.8658327460289001,0.1745944768190384,0.18096459,0.22785471,0.25771484,0.17383203,0.15963383,0.9344979,0.9207079,0.67280173,0.8440035,0.9571525
1770207208.6100,0.7350308895111084,0.8658327460289001,0.15924961864948273,0.19708486,0.1748241,0.23483437,0.19444361,0.19881308,0.9344979,0.9207079,0.67280173,0.8440035,0.9571525
1770207208.6670,0.7332382798194885,0.8658327460289001,0.14692199230194092,0.1296671,0.18159615,0.30072698,0.19942832,0.18858145,0.9344979,0.9207079,0.67280173,0.8440035,0.9571525
1770207208.7342,0.7823494672775269,0.8658327460289001,0.13586951792240143,0.11522083,0.19871263,0.3087926,0.20201555,0.17525835,0.9344979,0.9207079,0.67280173,0.8440035,0.9571525
1770207208.8294,0.741467297077179,0.8658327460289001,0.11824711412191391,0.11006295,0.24127027,0.36656475,0.15965205,0.122449964,0.9344979,0.9207079,0.67280173,0.8440035,0.9571525
1770207208.9351,0.762356698513031,0.8658327460289001,0.10158029198646545,0.15420818,0.18660626,0.30356902,0.19302306,0.16259351,0.9344979,0.9207079,0.67280173,0.8440035,0.9571525
1770207209.2289,0.7952802777290344,0.8658327460289001,0.1633114367723465,0.13315357,0.19922316,0.30632508,0.18998294,0.17131527,0.9344979,0.9207079,0.67280173,0.8440035,0.9571525
1770207209.4774,0.7703906297683716,0.9065565466880798,0.24475154280662537,0.15937515,0.18655975,0.32025105,0.1534432,0.18037084,0.90655655,0.90655655,0.90655655,0.90655655,0.90655655
1770207209.8102,0.768834114074707,0.9147567749023438,0.2919534742832184,0.14446534,0.17881262,0.31577498,0.1909173,0.17002977,0.9487442,0.86353135,0.868574,0.9263435,0.9665905
1770207209.9576,0.8083400726318359,0.8658327460289001,0.37482133507728577,0.28994083,0.15078537,0.17996827,0.1873131,0.19199245,0.9344979,0.9207079,0.67280173,0.8440035,0.9571525
1770207210.1405,0.816128134727478,0.9147567749023438,0.4637504518032074,0.3115037,0.24845676,0.12939812,0.16802779,0.1426136,0.9487442,0.86353135,0.868574,0.9263435,0.9665905
1770207210.2283,0.7875902652740479,0.8658327460289001,0.4613855481147766,0.18413687,0.13372147,0.26614082,0.29010862,0.12589228,0.9344979,0.9207079,0.67280173,0.8440035,0.9571525
1770207210.3493,0.7856727838516235,0.8965460658073425,0.425820916891098,0.23922668,0.17648017,0.23732303,0.1768504,0.17011975,0.89654607,0.89654607,0.89654607,0.89654607,0.89654607
1770207210.9804,0.8236161470413208,0.8965460658073425,0.2913206219673157,0.19036603,0.19867612,0.26685694,0.18679492,0.15730603,0.89654607,0.89654607,0.89654607,0.89654607,0.89654607
1770207211.1510,0.8082629442214966,0.8658327460289001,0.3988755941390991,0.15325134,0.14936751,0.29396868,0.22916625,0.1742462,0.9344979,0.9207079,0.67280173,0.8440035,0.9571525
1770207211.2765,0.8341355919837952,0.8658327460289001,0.5251913666725159,0.13399394,0.21322855,0.28674486,0.2144522,0.15158044,0.9344979,0.9207079,0.67280173,0.8440035,0.9571525
1770207211.3556,0.8068342208862305,0.8658327460289001,0.7401937246322632,0.14780964,0.18796188,0.31650767,0.22323062,0.12449023,0.9344979,0.9207079,0.67280173,0.8440035,0.9571525
1770207211.5323,0.7409105896949768,0.9147567749023438,1.0,0.13216338,0.16482267,0.29185578,0.23083155,0.18032666,0.9487442,0.86353135,0.868574,0.9263435,0.9665905
1770207211.6801,0.7507801055908203,0.8658327460289001,1.0,0.12492774,0.18237245,0.35611096,0.19073805,0.14585085,0.9344979,0.9207079,0.67280173,0.8440035,0.9571525
1770207211.7896,0.7864112854003906,0.9065565466880798,0.9564631581306458,0.13390245,0.18451211,0.29470074,0.20456903,0.18231563,0.9378411,0.83620286,0.8505655,0.9491407,0.9590321
1770207211.8812,0.7904428243637085,0.8965460062026978,0.5668469071388245,0.13687913,0.16548721,0.33647454,0.17060278,0.19055635,0.8465566,0.86711866,0.91191125,0.9035867,0.95355713
1770207212.0591,0.7643569707870483,0.8751201629638672,0.3244346082210541,0.116964385,0.20704989,0.2585342,0.23687088,0.18058065,0.87512016,0.87512016,0.87512016,0.87512016,0.87512016
1770207212.4055,0.7321886420249939,0.9065565466880798,0.5731104612350464,0.16528006,0.23370989,0.21087842,0.1992378,0.19089384,0.9378411,0.83620286,0.8505655,0.9491407,0.9590321
1770207212.6213,0.7694247961044312,0.8658327460289001,0.48909831047058105,0.09387697,0.2606026,0.3458852,0.18441187,0.11522339,0.9344979,0.9207079,0.67280173,0.8440035,0.9571525
1770207212.6878,0.8397631645202637,0.8658327460289001,0.43131083250045776,0.13919574,0.19574106,0.24763598,0.23425941,0.1831678,0.9344979,0.9207079,0.67280173,0.8440035,0.9571525
1770207212.7483,0.7881618738174438,0.8751201629638672,0.3831692337989807,0.12495651,0.24225828,0.25982782,0.1900653,0.18289211,0.8538884,0.81343365,0.77441657,0.9714414,0.9624207
1770207212.8260,0.8199799060821533,0.8965460062026978,0.3798680305480957,0.14842492,0.20313518,0.24786909,0.20186487,0.19870597,0.8465566,0.86711866,0.91191125,0.9035867,0.95355713
1770207212.9297,0.8146591186523438,0.8965460062026978,0.4015452265739441,0.20065956,0.2740752,0.20581035,0.15108843,0.16836645,0.8465566,0.86711866,0.91191125,0.9035867,0.95355713
1770207213.3151,0.8106076717376709,0.8965460062026978,0.41886478662490845,0.18858904,0.19661687,0.24178487,0.1941797,0.17882954,0.8465566,0.86711866,0.91191125,0.9035867,0.95355713
1770207213.4460,0.8530830144882202,0.8658327460289001,0.4213625192642212,0.17053474,0.15459093,0.19683424,0.23856504,0.239475,0.9344979,0.9207079,0.67280173,0.8440035,0.9571525
1770207213.6090,0.7966891527175903,0.9147567749023438,0.4334343373775482,0.20106116,0.18282619,0.22334844,0.20607011,0.18669413,0.9487442,0.86353135,0.868574,0.9263435,0.9665905
1770207214.2301,0.8065687417984009,0.9063706398010254,0.7252800464630127,0.18777935,0.20287892,0.18799616,0.22267939,0.19866617,0.8897907,0.82584774,0.9029032,0.96330786,0.9500036
1770207214.8444,0.7876216173171997,0.9065565466880798,0.6843866109848022,0.2015957,0.19671857,0.18285206,0.20627174,0.21256188,0.9378411,0.83620286,0.8505655,0.9491407,0.9590321
1770207214.9359,0.7935460209846497,0.9064421653747559,0.6855255365371704,0.18303916,0.23239471,0.23140372,0.16843763,0.18472475,0.86494994,0.8543351,0.8780448,0.98597544,0.94890577
1770207215.0740,0.7531371116638184,0.9063706398010254,0.7785899043083191,0.196297,0.19352297,0.18562728,0.22472079,0.19983199,0.8897907,0.82584774,0.9029032,0.96330786,0.9500036
1770207215.1639,0.7662391662597656,0.8965460062026978,0.8894643783569336,0.21353556,0.23008111,0.24813272,0.16585158,0.142399,0.8465566,0.86711866,0.91191125,0.9035867,0.95355713
1770207215.2446,0.7907612323760986,0.8658327460289001,0.9188466668128967,0.17031786,0.25738844,0.24752487,0.1897489,0.13501991,0.9344979,0.9207079,0.67280173,0.8440035,0.9571525
1770207215.3942,0.7537713050842285,0.8747681975364685,0.9188466668128967,0.19050977,0.20862238,0.221845,0.1937007,0.18532218,0.8747682,0.8747682,0.8747682,0.8747682,0.8747682
1770207215.4371,0.804217517375946,0.9147567749023438,0.9188466668128967,0.21982194,0.21461116,0.2598278,0.15614632,0.14959282,0.9487442,0.86353135,0.868574,0.9263435,0.9665905
1770207215.5614,0.7981566786766052,0.9063706398010254,0.9989956617355347,0.20395672,0.21654329,0.21024205,0.20535398,0.16390397,0.8897907,0.82584774,0.9029032,0.96330786,0.9500036
1770207215.6837,0.7954933047294617,0.8747681975364685,0.8969942927360535,0.23551624,0.24798578,0.21811627,0.17812945,0.1202523,0.92322886,0.80411005,0.7573123,0.9385385,0.950651
1770207215.7733,0.7734314203262329,0.8676049113273621,0.7498210668563843,0.23173703,0.21321277,0.22680001,0.17589699,0.15235323,0.8676049,0.8676049,0.8676049,0.8676049,0.8676049
1770207215.9028,0.7763904333114624,0.9063706398010254,0.4938274621963501,0.18327397,0.29250747,0.21497294,0.17226787,0.13697775,0.8897907,0.82584774,0.9029032,0.96330786,0.9500036
1770207216.0190,0.7881006002426147,0.9064421653747559,0.34641051292419434,0.15322521,0.22735836,0.29437244,0.1783632,0.14668077,0.86494994,0.8543351,0.8780448,0.98597544,0.94890577
1770207216.1563,0.7561838626861572,0.8965460062026978,0.2160431295633316,0.18466803,0.21826068,0.26490816,0.17360704,0.1585561,0.8465566,0.86711866,0.91191125,0.9035867,0.95355713
1770207216.2470,0.7800149917602539,0.8658327460289001,0.17834614217281342,0.1809594,0.2074311,0.24201931,0.18669726,0.18289289,0.9344979,0.9207079,0.67280173,0.8440035,0.9571525
1770207216.3708,0.8170278668403625,0.8802200555801392,0.20172062516212463,0.24327312,0.20505525,0.21229814,0.1758621,0.16351141,0.88410866,0.8302754,0.78526443,0.9577821,0.94366956
1770207216.4757,0.7920184135437012,0.8965460658073425,0.2883036732673645,0.26682884,0.2151179,0.21591529,0.13861658,0.16352141,0.89654607,0.89654607,0.89654607,0.89654607,0.89654607
1770207216.5688,0.7867987155914307,0.9147567749023438,0.3656567931175232,0.17924468,0.20327753,0.25190783,0.17693982,0.1886301,0.9487442,0.86353135,0.868574,0.9263435,0.9665905
1770207216.6801,0.8138374090194702,0.9064421653747559,0.5226638317108154,0.21344304,0.2440791,0.17294262,0.1974546,0.17208059,0.86494994,0.8543351,0.8780448,0.98597544,0.94890577
1770207216.7772,0.7783101201057434,0.879149854183197,0.6247255206108093,0.2151909,0.21829171,0.22575481,0.18261354,0.15814903,0.8797214,0.8251967,0.80379,0.94884866,0.9381926
1770207216.8401,0.7893792390823364,0.9065565466880798,0.6494976878166199,0.21433656,0.20837624,0.20514472,0.17618185,0.1959607,0.9378411,0.83620286,0.8505655,0.9491407,0.9590321
1770207216.9324,0.7849118113517761,0.9064421653747559,0.644561767578125,0.22122903,0.32250407,0.1460498,0.17492266,0.13529438,0.86494994,0.8543351,0.8780448,0.98597544,0.94890577
1770207217.0632,0.7865254878997803,0.8620780110359192,0.5535838603973389,0.1858664,0.22280973,0.24433242,0.17669895,0.17029247,0.86735415,0.8253755,0.7202741,0.961626,0.93576026
1770207217.1478,0.7705810070037842,0.8658327460289001,0.5237885117530823,0.13740392,0.23277469,0.3141137,0.16599846,0.14970922,0.9344979,0.9207079,0.67280173,0.8440035,0.9571525
1770207217.2901,0.8049027323722839,0.9065565466880798,0.5485694408416748,0.15527856,0.22318225,0.25430992,0.17333394,0.19389535,0.9378411,0.83620286,0.8505655,0.9491407,0.9590321
1770207217.3469,0.7419461011886597,0.9063706398010254,0.5650946497917175,0.19713993,0.22781546,0.20980726,0.19679433,0.16844311,0.8897907,0.82584774,0.9029032,0.96330786,0.9500036
1770207217.4871,0.7908875942230225,0.9142541885375977,0.587011992931366,0.16455832,0.23180848,0.29007635,0.17063892,0.14291793,0.90902746,0.81771696,0.91145647,0.9957741,0.9372958
1770207217.5872,0.8003218770027161,0.9065565466880798,0.5967490673065186,0.1944488,0.22511391,0.2217319,0.16814217,0.19056323,0.9378411,0.83620286,0.8505655,0.9491407,0.9590321
1770207217.7221,0.7943097352981567,0.9045613408088684,0.5625345706939697,0.19057825,0.26003656,0.25287315,0.15039071,0.14612137,0.90456134,0.90456134,0.90456134,0.90456134,0.90456134
1770207217.7666,0.7821674346923828,0.879149854183197,0.5413457751274109,0.1747436,0.21443675,0.24879736,0.18711321,0.17490903,0.8797214,0.8251967,0.80379,0.94884866,0.9381926
1770207217.8501,0.7643737196922302,0.9147567749023438,0.5088223218917847,0.1850661,0.25167447,0.25740454,0.1482725,0.15758239,0.9487442,0.86353135,0.868574,0.9263435,0.9665905
1770207217.9139,0.7769522666931152,0.9045613408088684,0.4876399636268616,0.23158802,0.22655599,0.17351836,0.19418992,0.17414768,0.9275555,0.7790574,0.90936834,0.95390046,0.9529251
1770207218.0188,0.8143188953399658,0.9065565466880798,0.46330526471138,0.1926659,0.21849342,0.2146161,0.1646407,0.20958391,0.9378411,0.83620286,0.8505655,0.9491407,0.9590321
1770207218.1345,0.8125234842300415,0.9045613408088684,0.4924442172050476,0.1723142,0.2628523,0.24643786,0.15751815,0.16087745,0.9275555,0.7790574,0.90936834,0.95390046,0.9529251
1770207218.3137,0.8251880407333374,0.9065565466880798,0.4758128523826599,0.18787675,0.27017736,0.19197737,0.13689613,0.21307236,0.9378411,0.83620286,0.8505655,0.9491407,0.9590321
1770207218.4369,0.8036022186279297,0.9147567749023438,0.4079800248146057,0.20115666,0.26567802,0.22627388,0.13750815,0.16938329,0.9487442,0.86353135,0.868574,0.9263435,0.9665905
1770207218.4960,0.84238600730896,0.8710856437683105,0.34777164459228516,0.14189374,0.30512702,0.26312357,0.16255815,0.12729757,0.9189209,0.7915046,0.84113914,0.8576837,0.9461798
1770207218.5866,0.7779017686843872,0.8658327460289001,0.3023194372653961,0.10214072,0.2374146,0.34952453,0.13425551,0.1766646,0.9344979,0.9207079,0.67280173,0.8440035,0.9571525
1770207218.7221,0.7738348245620728,0.8658327460289001,0.34587618708610535,0.1455997,0.23998028,0.24605975,0.17772028,0.19063997,0.9344979,0.9207079,0.67280173,0.8440035,0.9571525
1770207218.7948,0.7849389314651489,0.8658327460289001,0.3641901910305023,0.12927215,0.2525022,0.33691463,0.12403089,0.15728015,0.9344979,0.9207079,0.67280173,0.8440035,0.9571525
1770207218.8751,0.730309247970581,0.9064421653747559,0.4606757164001465,0.14316612,0.21091677,0.26081023,0.200756,0.18435086,0.86494994,0.8543351,0.8780448,0.98597544,0.94890577
1770207218.9850,0.7521032094955444,0.9065565466880798,0.4363216161727905,0.16321954,0.21806523,0.22331853,0.20786117,0.18753552,0.9378411,0.83620286,0.8505655,0.9491407,0.9590321
1770207219.0762,0.7968652248382568,0.9147567749023438,0.36951833963394165,0.14053136,0.23372519,0.28596374,0.17476553,0.16501415,0.9487442,0.86353135,0.868574,0.9263435,0.9665905
1770207219.2014,0.7359065413475037,0.9065565466880798,0.2844237685203552,0.1474463,0.21859045,0.24091756,0.21181704,0.18122865,0.9378411,0.83620286,0.8505655,0.9491407,0.9590321
1770207219.3221,0.7849410772323608,0.8676049113273621,0.2688058912754059,0.15134966,0.2194887,0.26729092,0.17333128,0.18853943,0.8676049,0.8676049,0.8676049,0.8676049,0.8676049
1770207219.4177,0.7878370881080627,0.9147567749023438,0.26942527294158936,0.16561508,0.21189481,0.25562298,0.19704668,0.16982044,0.9487442,0.86353135,0.868574,0.9263435,0.9665905
1770207219.5267,0.764045238494873,0.8658327460289001,0.2880725562572479,0.14855295,0.20256692,0.31271663,0.17412387,0.16203961,0.9344979,0.9207079,0.67280173,0.8440035,0.9571525
1770207219.6260,0.7391891479492188,0.8658327460289001,0.3135021924972534,0.13090506,0.23112378,0.33530626,0.1418042,0.16086069,0.9344979,0.9207079,0.67280173,0.8440035,0.9571525
1770207219.7390,0.7552422285079956,0.8479442000389099,0.3610110282897949,0.1542925,0.24184318,0.29260546,0.17084628,0.14041255,0.81726724,0.7852368,0.8023403,0.88917303,0.94570357
1770207219.8404,0.741024911403656,0.8676049113273621,0.3865421414375305,0.19439015,0.21117386,0.22400817,0.19189338,0.17853448,0.8676049,0.8676049,0.8676049,0.8676049,0.8676049
1770207219.9869,0.8176693916320801,0.9065565466880798,0.37803423404693604,0.23906876,0.20045319,0.18457124,0.18169937,0.19420744,0.9378411,0.83620286,0.8505655,0.9491407,0.9590321
1770207220.0792,0.7481796741485596,0.8658327460289001,0.3469769060611725,0.22637291,0.20374015,0.20851573,0.18817721,0.173194,0.9344979,0.9207079,0.67280173,0.8440035,0.9571525
1770207220.1953,0.7669742107391357,0.8965460062026978,0.29761382937431335,0.21680239,0.21466029,0.22156978,0.17842898,0.16853862,0.8465566,0.86711866,0.91191125,0.9035867,0.95355713
1770207220.3009,0.8117990493774414,0.9065565466880798,0.2544809579849243,0.22151846,0.19553928,0.2325954,0.16385181,0.186495,0.9378411,0.83620286,0.8505655,0.9491407,0.9590321
1770207220.4250,0.7571649551391602,0.9065565466880798,0.192531019449234,0.20980069,0.22700135,0.2206142,0.16022791,0.1823558,0.9378411,0.83620286,0.8505655,0.9491407,0.9590321
1770207220.5503,0.7639809846878052,0.8658327460289001,0.17421087622642517,0.17988247,0.20402208,0.26799417,0.1804146,0.16768672,0.9344979,0.9207079,0.67280173,0.8440035,0.9571525
1770207220.6704,0.7748498916625977,0.8965460062026978,0.20434491336345673,0.24657136,0.22232321,0.22839688,0.14309993,0.15960865,0.8465566,0.86711866,0.91191125,0.9035867,0.95355713
1770207220.7278,0.7375468015670776,0.8591168522834778,0.234511137008667,0.18836355,0.24321356,0.25776923,0.16644418,0.14420947,0.8554909,0.8239005,0.736685,0.91972,0.95978785
1770207220.8321,0.7395153045654297,0.9064421653747559,0.2913553714752197,0.16652133,0.24552576,0.2962031,0.14654551,0.14520423,0.86494994,0.8543351,0.8780448,0.98597544,0.94890577
1770207220.9550,0.7933701276779175,0.8591168522834778,0.4079223573207855,0.19745035,0.26601735,0.23389748,0.17445071,0.12818414,0.8554909,0.8239005,0.736685,0.91972,0.95978785
1770207221.0449,0.7468563318252563,0.8965460658073425,0.44666343927383423,0.21257637,0.22730689,0.21470512,0.18343034,0.16198131,0.89654607,0.89654607,0.89654607,0.89654607,0.89654607
1770207221.1795,0.7459219694137573,0.8658327460289001,0.44826436042785645,0.17148711,0.22312139,0.272855,0.17600045,0.15653603,0.9344979,0.9207079,0.67280173,0.8440035,0.9571525
1770207221.3145,0.7439885139465332,0.8658327460289001,0.5382073521614075,0.14403278,0.22905932,0.3144341,0.16242667,0.15004718,0.9344979,0.9207079,0.67280173,0.8440035,0.9571525
1770207221.4489,0.7622160911560059,0.9064421653747559,0.6716656684875488,0.1743577,0.24911352,0.25728366,0.15752451,0.16172065,0.86494994,0.8543351,0.8780448,0.98597544,0.94890577
1770207221.5421,0.7898517847061157,0.9063706398010254,0.6968498229980469,0.21582706,0.20469074,0.20342022,0.20279434,0.17326766,0.8897907,0.82584774,0.9029032,0.96330786,0.9500036
1770207221.7086,0.7943577766418457,0.8479442000389099,0.6792969703674316,0.20112926,0.20753972,0.22503722,0.17453495,0.19175884,0.81726724,0.7852368,0.8023403,0.88917303,0.94570357
1770207221.8686,0.8154124617576599,0.9065565466880798,0.6909958720207214,0.22264175,0.2044631,0.1929887,0.19234477,0.18756168,0.9378411,0.83620286,0.8505655,0.9491407,0.9590321
1770207221.9553,0.7474106550216675,0.8479442000389099,0.6647788286209106,0.21903737,0.18837549,0.22913475,0.19235058,0.17110176,0.81726724,0.7852368,0.8023403,0.88917303,0.94570357
1770207222.1064,0.778685450553894,0.8591168522834778,0.5994977951049805,0.2012584,0.19843052,0.2323641,0.20901896,0.15892807,0.8554909,0.8239005,0.736685,0.91972,0.95978785
1770207222.2440,0.7395814657211304,0.8965460658073425,0.5408418774604797,0.21022652,0.2165312,0.22251865,0.17771277,0.17301089,0.89654607,0.89654607,0.89654607,0.89654607,0.89654607
1770207222.4635,0.796502947807312,0.8650051355361938,0.5276780724525452,0.20337738,0.21405742,0.24854092,0.16365147,0.17037277,0.85045844,0.7922686,0.82992524,0.9008029,0.9515701
1770207222.5365,0.7903185486793518,0.8802200555801392,0.5081911087036133,0.21704808,0.21556412,0.19828555,0.18268074,0.1864215,0.88410866,0.8302754,0.78526443,0.9577821,0.94366956
1770207222.7116,0.7951053380966187,0.9063706398010254,0.5296440720558167,0.25266528,0.25708562,0.16327332,0.15171236,0.17526343,0.8897907,0.82584774,0.9029032,0.96330786,0.9500036
1770207222.8356,0.7565562725067139,0.9063706398010254,0.600651204586029,0.22828065,0.24349026,0.18377507,0.16755326,0.17690074,0.8897907,0.82584774,0.9029032,0.96330786,0.9500036
1770207222.9663,0.8066168427467346,0.9147567749023438,0.8865407109260559,0.2517461,0.18922834,0.1811625,0.19132295,0.18654014,0.9487442,0.86353135,0.868574,0.9263435,0.9665905
1770207223.0463,0.7402863502502441,0.8479442000389099,1.0,0.20536217,0.2510369,0.23633368,0.14375283,0.16351444,0.81726724,0.7852368,0.8023403,0.88917303,0.94570357
1770207223.2195,0.7512070536613464,0.8591168522834778,1.0,0.17408134,0.27003542,0.2850443,0.13706455,0.13377441,0.8554909,0.8239005,0.736685,0.91972,0.95978785
1770207223.3893,0.7859432697296143,0.9063706398010254,0.7996234893798828,0.26375318,0.25775844,0.1607056,0.15404616,0.16373666,0.8897907,0.82584774,0.9029032,0.96330786,0.9500036
1770207223.5401,0.7954701781272888,0.9065565466880798,0.5504376888275146,0.21223985,0.2464949,0.21421517,0.17700972,0.1500403,0.9378411,0.83620286,0.8505655,0.9491407,0.9590321
1770207223.6320,0.7835984826087952,0.9064421653747559,0.6194388270378113,0.20273776,0.28824133,0.2039488,0.16549702,0.13957512,0.86494994,0.8543351,0.8780448,0.98597544,0.94890577
1770207223.7660,0.7332721948623657,0.9065565466880798,0.8824054002761841,0.21780391,0.23768535,0.20049383,0.18203433,0.16198258,0.9378411,0.83620286,0.8505655,0.9491407,0.9590321
1770207223.9096,0.791972815990448,0.8591168522834778,0.8389391899108887,0.17078514,0.2535709,0.2655375,0.17813285,0.13197362,0.8554909,0.8239005,0.736685,0.91972,0.95978785
1770207224.0467,0.731471598148346,0.8641646504402161,0.5695230960845947,0.18752147,0.24867713,0.23465931,0.1671527,0.16198935,0.8034424,0.79438335,0.8178667,0.96832955,0.9368013
1770207224.1502,0.7230961322784424,0.8959017992019653,0.5065380334854126,0.1724396,0.24547036,0.25327876,0.1749382,0.1538731,0.8708736,0.7969066,0.8947757,0.97581124,0.94114184
1770207224.3076,0.7708494067192078,0.8636327981948853,0.580147922039032,0.15720181,0.25841787,0.28881475,0.15146817,0.14409742,0.9041781,0.8419289,0.7608248,0.8757118,0.9355202
1770207224.4210,0.7716773748397827,0.8965460062026978,0.5690047144889832,0.19823009,0.19455357,0.23898242,0.2099655,0.1582684,0.8465566,0.86711866,0.91191125,0.9035867,0.95355713
1770207224.4975,0.7393445372581482,0.9065565466880798,0.49976322054862976,0.18362826,0.21732034,0.234006,0.19320476,0.17184064,0.9378411,0.83620286,0.8505655,0.9491407,0.9590321
1770207224.6514,0.7590055465698242,0.8985325694084167,0.3744664788246155,0.18514998,0.20037624,0.26117805,0.18893442,0.16436133,0.8994903,0.8451196,0.85242516,0.96502775,0.9306002
1770207224.7549,0.7534327507019043,0.8658327460289001,0.40140584111213684,0.17120625,0.20150703,0.27343038,0.18458739,0.16926898,0.9344979,0.9207079,0.67280173,0.8440035,0.9571525
1770207224.8725,0.7907387018203735,0.9147567749023438,0.5415961742401123,0.21185404,0.1996622,0.23026957,0.19232036,0.16589381,0.9487442,0.86353135,0.868574,0.9263435,0.9665905
1770207225.0019,0.7824841141700745,0.8721498847007751,0.7072780728340149,0.20201626,0.19918844,0.25898167,0.17912145,0.16069219,0.8300256,0.81205595,0.82518095,0.92913425,0.9643528
1770207225.1085,0.7712342143058777,0.8591168522834778,0.8288419842720032,0.19350286,0.1957654,0.2662215,0.1805711,0.16393912,0.8554909,0.8239005,0.736685,0.91972,0.95978785
1770207225.2424,0.8154241442680359,0.8721498847007751,0.8845295310020447,0.21845073,0.20314457,0.25677344,0.16580166,0.1558296,0.8300256,0.81205595,0.82518095,0.92913425,0.9643528
1770207225.3598,0.7675260305404663,0.9205504655838013,0.8789523839950562,0.2161649,0.20933165,0.23495951,0.17495652,0.16458744,0.9434696,0.813974,0.88916326,0.9848069,0.97133857
1770207225.5160,0.7774187326431274,0.8747443556785583,0.7915217876434326,0.20677096,0.2075305,0.24595869,0.16188997,0.17784984,0.90326434,0.850904,0.80175495,0.88321704,0.93458116
1770207225.6232,0.7696699500083923,0.9065565466880798,0.7350790500640869,0.20791505,0.21363336,0.22862655,0.16760026,0.18222472,0.9378411,0.83620286,0.8505655,0.9491407,0.9590321
1770207225.7576,0.7354294657707214,0.9063706398010254,0.7609372735023499,0.19534604,0.23669823,0.23531988,0.1734287,0.15920708,0.8897907,0.82584774,0.9029032,0.96330786,0.9500036
1770207225.8930,0.7546553611755371,0.8658327460289001,0.9196954369544983,0.18168572,0.21972345,0.27542546,0.1756779,0.1474875,0.9344979,0.9207079,0.67280173,0.8440035,0.9571525
1770207225.9647,0.7648819088935852,0.8658327460289001,0.9631687998771667,0.19232059,0.21721324,0.2512637,0.1842166,0.15498587,0.9344979,0.9207079,0.67280173,0.8440035,0.9571525
1770207226.0623,0.7329049110412598,0.8658327460289001,0.9028785228729248,0.17518349,0.20873067,0.2645112,0.1890828,0.16249181,0.9344979,0.9207079,0.67280173,0.8440035,0.9571525
1770207226.1874,0.7532094717025757,0.8658327460289001,0.6821371912956238,0.18108179,0.21366662,0.2697438,0.17826274,0.15724505,0.9344979,0.9207079,0.67280173,0.8440035,0.9571525
1770207226.3705,0.7522981762886047,0.8658327460289001,0.49099966883659363,0.1703968,0.20457381,0.2829268,0.19417736,0.14792521,0.9344979,0.9207079,0.67280173,0.8440035,0.9571525
1770207226.4663,0.7678952217102051,0.8898007273674011,0.5648149251937866,0.23151359,0.20125611,0.20115961,0.1950501,0.17102057,0.8898007,0.8898007,0.8898007,0.8898007,0.8898007
1770207226.5631,0.7680755853652954,0.8591168522834778,0.6548060178756714,0.18045625,0.22898602,0.27029955,0.17506364,0.14519455,0.8554909,0.8239005,0.736685,0.91972,0.95978785
1770207226.7163,0.7599065899848938,0.8965460062026978,0.6982442140579224,0.22212115,0.20329057,0.21127835,0.19124122,0.17206867,0.8465566,0.86711866,0.91191125,0.9035867,0.95355713
1770207226.8400,0.7807482481002808,0.8965460062026978,0.5903289914131165,0.21548946,0.20077059,0.22077152,0.19426559,0.16870281,0.8465566,0.86711866,0.91191125,0.9035867,0.95355713
1770207226.9132,0.751598596572876,0.8747443556785583,0.5077843070030212,0.21054538,0.21277612,0.21527973,0.18476208,0.1766367,0.90326434,0.850904,0.80175495,0.88321704,0.93458116
1770207226.9836,0.7751466035842896,0.9064421653747559,0.42777812480926514,0.1823766,0.22149266,0.2338167,0.21139398,0.15092008,0.86494994,0.8543351,0.8780448,0.98597544,0.94890577
1770207227.0445,0.7503310441970825,0.8650051355361938,0.39376768469810486,0.20040028,0.22943148,0.23442888,0.16695796,0.16878144,0.85045844,0.7922686,0.82992524,0.9008029,0.9515701
1770207227.2035,0.7361247539520264,0.9205504655838013,0.43500709533691406,0.20051561,0.20606725,0.22911482,0.19595426,0.16834801,0.9434696,0.813974,0.88916326,0.9848069,0.97133857
1770207227.3558,0.7736644744873047,0.8965460062026978,0.5062887668609619,0.21585135,0.22264726,0.22152843,0.16791089,0.1720621,0.8465566,0.86711866,0.91191125,0.9035867,0.95355713
1770207227.4568,0.756612241268158,0.8591168522834778,0.4884621500968933,0.16430464,0.23262867,0.29657742,0.15819372,0.14829558,0.8554909,0.8239005,0.736685,0.91972,0.95978785
1770207227.5742,0.7557154297828674,0.9063706398010254,0.40882906317710876,0.21955545,0.21149571,0.20549655,0.19015539,0.17329693,0.8897907,0.82584774,0.9029032,0.96330786,0.9500036
1770207227.6478,0.7667096853256226,0.8658327460289001,0.3670991063117981,0.18315716,0.21509147,0.25721762,0.18001926,0.16451454,0.9344979,0.9207079,0.67280173,0.8440035,0.9571525
1770207227.7168,0.764251172542572,0.9065565466880798,0.373537540435791,0.20132454,0.22308622,0.21855225,0.17860673,0.17843026,0.9378411,0.83620286,0.8505655,0.9491407,0.9590321
1770207227.9265,0.7549225687980652,0.9063706398010254,0.6420055627822876,0.1897545,0.2349703,0.2282297,0.18224421,0.16480133,0.8897907,0.82584774,0.9029032,0.96330786,0.9500036
1770207227.9982,0.7603486776351929,0.8479442000389099,0.8293942809104919,0.20930691,0.20976913,0.2298549,0.18064392,0.17042522,0.81726724,0.7852368,0.8023403,0.88917303,0.94570357
1770207228.1002,0.8055837154388428,0.8840705752372742,0.9636648297309875,0.22787613,0.22044909,0.21095952,0.17055573,0.17015952,0.85804987,0.8545417,0.8365696,0.94252455,0.92866707
1770207228.2387,0.7997031211853027,0.8924431204795837,0.9333236813545227,0.19053137,0.2244658,0.23820707,0.18319234,0.16360337,0.8485677,0.8465278,0.87852454,0.9529187,0.9356766
1770207228.3412,0.7623941898345947,0.8658327460289001,0.7528812289237976,0.20975524,0.20355701,0.22215337,0.1894825,0.17505185,0.9344979,0.9207079,0.67280173,0.8440035,0.9571525
1770207228.4274,0.7521847486495972,0.8747443556785583,0.5365091562271118,0.20613353,0.20728438,0.23107475,0.17832704,0.17718029,0.90326434,0.850904,0.80175495,0.88321704,0.93458116
1770207228.5446,0.7623429298400879,0.8658327460289001,0.39526182413101196,0.18780553,0.19921252,0.23830463,0.20422903,0.17044832,0.9344979,0.9207079,0.67280173,0.8440035,0.9571525
1770207228.6529,0.7468483448028564,0.9064421653747559,0.3571850657463074,0.19632235,0.22144529,0.22516155,0.19351307,0.1635578,0.86494994,0.8543351,0.8780448,0.98597544,0.94890577
1770207228.8309,0.7581061124801636,0.8641646504402161,0.349680095911026,0.19969028,0.22747843,0.23648694,0.16764902,0.16869533,0.8034424,0.79438335,0.8178667,0.96832955,0.9368013
1770207228.9425,0.725006103515625,0.8479442000389099,0.3489164710044861,0.20651875,0.2089227,0.23057471,0.18591693,0.16806687,0.81726724,0.7852368,0.8023403,0.88917303,0.94570357
1770207229.0423,0.7873831391334534,0.8965460062026978,0.35676059126853943,0.21883638,0.22060193,0.19513276,0.19132556,0.17410338,0.8465566,0.86711866,0.91191125,0.9035867,0.95355713
1770207229.1954,0.7546167373657227,0.9065565466880798,0.3712078034877777,0.19059929,0.224919,0.24015477,0.1820912,0.1622358,0.9378411,0.83620286,0.8505655,0.9491407,0.9590321
1770207229.3437,0.7698030471801758,0.9147567749023438,0.374358594417572,0.20523474,0.20357853,0.21554017,0.1973931,0.17825347,0.9487442,0.86353135,0.868574,0.9263435,0.9665905
1770207229.5063,0.7223517298698425,0.8479442000389099,0.3416775166988373,0.21283057,0.20562842,0.22106391,0.18423209,0.17624496,0.81726724,0.7852368,0.8023403,0.88917303,0.94570357
1770207229.6021,0.8108673095703125,0.8658327460289001,0.32861098647117615,0.21281782,0.23087421,0.2315736,0.16317268,0.16156165,0.9344979,0.9207079,0.67280173,0.8440035,0.9571525
1770207229.6796,0.8166531324386597,0.9063706398010254,0.32230791449546814,0.21465315,0.24407995,0.18887052,0.18393688,0.16845958,0.8897907,0.82584774,0.9029032,0.96330786,0.9500036
1770207229.9844,0.746208667755127,0.8479442000389099,0.3928084671497345,0.20982635,0.22378902,0.21732767,0.1740808,0.1749761,0.81726724,0.7852368,0.8023403,0.88917303,0.94570357
1770207230.0498,0.7658437490463257,0.9147567749023438,0.3982703685760498,0.19765109,0.2264426,0.22991641,0.17635436,0.16963552,0.9487442,0.86353135,0.868574,0.9263435,0.9665905
1770207230.1853,0.7708078622817993,0.8985325694084167,0.4482230842113495,0.20103793,0.22561884,0.22671512,0.17708695,0.1695411,0.8994903,0.8451196,0.85242516,0.96502775,0.9306002
1770207230.5135,0.7554509043693542,0.9063706398010254,0.7121046781539917,0.21137558,0.2201457,0.21159267,0.18137875,0.17550726,0.8897907,0.82584774,0.9029032,0.96330786,0.9500036
1770207230.6375,0.775024950504303,0.8938695788383484,0.7105116844177246,0.20194468,0.22557366,0.23434359,0.17929175,0.15884635,0.8270955,0.84290445,0.9192133,0.94722974,0.9329048
1770207230.9383,0.7570198774337769,0.8479442000389099,0.796375572681427,0.20550486,0.20369469,0.24183168,0.1833265,0.16564223,0.81726724,0.7852368,0.8023403,0.88917303,0.94570357
1770207231.2514,0.8041973114013672,0.8676049113273621,0.4200792610645294,0.2051395,0.21707301,0.2338635,0.1774945,0.16642953,0.8676049,0.8676049,0.8676049,0.8676049,0.8676049
1770207231.3502,0.7350037693977356,0.8658327460289001,0.3494319021701813,0.18423328,0.20703691,0.25006494,0.19436747,0.1642974,0.9344979,0.9207079,0.67280173,0.8440035,0.9571525
1770207231.7801,0.7800617814064026,0.8959017992019653,0.44148072600364685,0.19764023,0.2359784,0.24402446,0.16648006,0.1558769,0.8708736,0.7969066,0.8947757,0.97581124,0.94114184
1770207232.0260,0.7746280431747437,0.8985325694084167,0.3443315327167511,0.20826149,0.2201836,0.23822938,0.17536347,0.15796207,0.8994903,0.8451196,0.85242516,0.96502775,0.9306002
1770207232.6455,0.7563738226890564,0.8650051355361938,0.7233821749687195,0.1911634,0.23083103,0.25042108,0.17231189,0.15527259,0.85045844,0.7922686,0.82992524,0.9008029,0.9515701
1770207232.7209,0.7550979852676392,0.8924431204795837,0.8766695261001587,0.20231548,0.22219649,0.22546826,0.18577652,0.16424324,0.8485677,0.8465278,0.87852454,0.9529187,0.9356766
1770207233.2595,0.7683305740356445,0.8747443556785583,0.661824107170105,0.19314449,0.23719208,0.2522448,0.15763684,0.15978181,0.90326434,0.850904,0.80175495,0.88321704,0.93458116
1770207233.7124,0.7650218605995178,0.8641646504402161,0.41994020342826843,0.19166096,0.24000752,0.24652825,0.16706832,0.15473498,0.8034424,0.79438335,0.8178667,0.96832955,0.9368013
1770207234.0776,0.7629062533378601,0.9065565466880798,0.37234172224998474,0.18722917,0.26029935,0.2333872,0.15708238,0.16200195,0.9378411,0.83620286,0.8505655,0.9491407,0.9590321
1770207234.5014,0.7383255958557129,0.8658327460289001,0.4498979449272156,0.18542005,0.2345302,0.26174757,0.16368733,0.1546148,0.9344979,0.9207079,0.67280173,0.8440035,0.9571525
1770207234.9139,0.7629920244216919,0.8676049113273621,0.45327743887901306,0.20745699,0.22171696,0.2276326,0.17102228,0.17217113,0.8676049,0.8676049,0.8676049,0.8676049,0.8676049
1770207235.2484,0.7716064453125,0.9065565466880798,0.5486394166946411,0.1919791,0.23296025,0.21442033,0.19831549,0.16232482,0.9378411,0.83620286,0.8505655,0.9491407,0.9590321
1770207235.3705,0.782062292098999,0.8802200555801392,0.6397228837013245,0.21023084,0.21970537,0.20636909,0.18032868,0.18336594,0.88410866,0.8302754,0.78526443,0.9577821,0.94366956
1770207235.5494,0.775293231010437,0.89315265417099,0.8247746825218201,0.18463564,0.21750465,0.24021581,0.19525261,0.1623913,0.905397,0.8460739,0.8570092,0.918911,0.9383722
1770207235.9991,0.7387369871139526,0.8676049113273621,0.4186473488807678,0.2059743,0.19930425,0.22450621,0.19942108,0.17079422,0.8676049,0.8676049,0.8676049,0.8676049,0.8676049
1770207236.2864,0.7238016724586487,0.8658327460289001,0.9840649366378784,0.18632391,0.2026154,0.25793242,0.1955911,0.15753718,0.9344979,0.9207079,0.67280173,0.8440035,0.9571525
1770207236.7616,0.7796549797058105,0.8938695788383484,1.0,0.19332352,0.20011654,0.24438429,0.1949929,0.1671827,0.8270955,0.84290445,0.9192133,0.94722974,0.9329048
1770207237.2483,0.7588901519775391,0.8591168522834778,0.3268061578273773,0.18405809,0.21341866,0.26925716,0.17038164,0.16288441,0.8554909,0.8239005,0.736685,0.91972,0.95978785
1770207237.6852,0.7376472353935242,0.8479442000389099,0.6185130476951599,0.18029343,0.20416903,0.26375273,0.18608563,0.16569915,0.81726724,0.7852368,0.8023403,0.88917303,0.94570357
1770207238.0283,0.7494529485702515,0.9063706398010254,0.44940271973609924,0.20654015,0.20563407,0.22675179,0.18397371,0.17710021,0.8897907,0.82584774,0.9029032,0.96330786,0.9500036
1770207238.4010,0.757116436958313,0.8479442000389099,0.5947587490081787,0.20091404,0.20286866,0.25414422,0.17770453,0.16436851,0.81726724,0.7852368,0.8023403,0.88917303,0.94570357
1770207239.0327,0.7489604949951172,0.9065565466880798,0.6557939052581787,0.19856553,0.21593474,0.23184314,0.17503895,0.17861761,0.9378411,0.83620286,0.8505655,0.9491407,0.9590321
1770207239.3306,0.7880579233169556,0.9065565466880798,0.5014726519584656,0.17927769,0.23032819,0.24981971,0.17785347,0.16272089,0.9378411,0.83620286,0.8505655,0.9491407,0.9590321
1770207239.8502,0.747230052947998,0.9065565466880798,0.6337447166442871,0.18360157,0.25583744,0.24841742,0.15066114,0.16148242,0.9378411,0.83620286,0.8505655,0.9491407,0.9590321
1770207241.1176,0.8029516935348511,0.9248432517051697,0.7174224853515625,0.1966397,0.22025847,0.25409335,0.17389277,0.1551157,0.90396404,0.872988,0.93929046,0.97320175,0.93477196
1770207243.2329,0.7916601896286011,0.8898006677627563,0.5825202465057373,0.22200291,0.22533928,0.21930543,0.16403249,0.1693199,0.9023164,0.90418595,0.785399,0.9232985,0.93380326
1770207244.6386,0.7569159269332886,0.9065565466880798,0.7284531593322754,0.20730877,0.2310898,0.22201563,0.16785122,0.17173465,0.9378411,0.83620286,0.8505655,0.9491407,0.9590321
1770207245.5778,0.7654072046279907,0.8965460062026978,0.5212478637695312,0.22472438,0.20679627,0.21580225,0.17920724,0.17346981,0.8465566,0.86711866,0.91191125,0.9035867,0.95355713
1770207343.6824,0.4144529104232788,0.8930966258049011,0.29521608352661133,0.10608783,0.06805139,0.36567405,0.30203694,0.15814978,0.8930966,0.8930966,0.8930966,0.8930966,0.8930966
1770207343.7565,0.5029599070549011,0.8930966258049011,0.4253162741661072,0.1389809,0.16891697,0.26159313,0.33254507,0.09796397,0.8930966,0.8930966,0.8930966,0.8930966,0.8930966
1770207343.8419,0.5203124284744263,0.8930965662002563,0.7805535197257996,0.12053769,0.20134749,0.16267008,0.44796813,0.06747655,0.9152968,0.9244826,0.8144865,0.86873686,0.94247985
1770207343.9525,0.5158905982971191,0.8930965662002563,1.0,0.11685161,0.19291595,0.124950476,0.5095922,0.055689774,0.9152968,0.9244826,0.8144865,0.86873686,0.94247985
1770207344.0493,0.5186346769332886,0.8930965662002563,1.0,0.1323619,0.17542635,0.10503557,0.5321797,0.054996535,0.9152968,0.9244826,0.8144865,0.86873686,0.94247985
1770207344.1336,0.5906450748443604,0.8816637992858887,1.0,0.21036091,0.20555994,0.19245183,0.23896416,0.15266316,0.9217048,0.9244826,0.7987999,0.8157277,0.9476042
1770207344.2998,0.5802376866340637,0.8816637992858887,1.0,0.16536768,0.18282586,0.21910116,0.24860403,0.18410121,0.9217048,0.9244826,0.7987999,0.8157277,0.9476042
1770207344.4032,0.5833311080932617,0.8816637992858887,0.8804066777229309,0.14341374,0.1468714,0.18086316,0.37112662,0.15772507,0.9217048,0.9244826,0.7987999,0.8157277,0.9476042
1770207344.5035,0.628049373626709,0.8876000642776489,0.4744962155818939,0.22310269,0.16550565,0.19297731,0.24032399,0.17809033,0.9149351,0.928533,0.783451,0.8686622,0.9424189
1770207344.6187,0.6372359991073608,0.8876000642776489,0.30819228291511536,0.197767,0.13763615,0.19060388,0.29672602,0.177267,0.9149351,0.928533,0.783451,0.8686622,0.9424189
1770207344.8836,0.6521249413490295,0.8876000642776489,0.15428999066352844,0.1949457,0.114507206,0.21204913,0.28865474,0.18984321,0.9149351,0.928533,0.783451,0.8686622,0.9424189
1770207344.9452,0.6571625471115112,0.8876597285270691,0.15351684391498566,0.27102196,0.11903623,0.2528879,0.16811015,0.18894373,0.8876597,0.8876597,0.8876597,0.8876597,0.8876597
1770207345.1180,0.6762621402740479,0.8876000642776489,0.21349574625492096,0.11884581,0.09359604,0.3139997,0.25784448,0.21571389,0.9149351,0.928533,0.783451,0.8686622,0.9424189
1770207345.2068,0.6820220351219177,0.8876596689224243,0.3076728284358978,0.12515385,0.1052822,0.32522118,0.24618328,0.19815946,0.9218575,0.9326922,0.83697057,0.7986307,0.9481475
1770207345.5059,0.7108848094940186,0.9268372654914856,0.37055256962776184,0.118009396,0.09555064,0.28723124,0.28004688,0.21916182,0.92683727,0.92683727,0.92683727,0.92683727,0.92683727
1770207345.5829,0.7351620197296143,0.8876596689224243,0.29897600412368774,0.14310603,0.07103256,0.23399521,0.34235385,0.20951241,0.9218575,0.9326922,0.83697057,0.7986307,0.9481475
1770207345.6627,0.7455672025680542,0.8876596689224243,0.2518633008003235,0.23553349,0.10606266,0.25590762,0.2403269,0.16216934,0.9218575,0.9326922,0.83697057,0.7986307,0.9481475
1770207345.7813,0.7603983879089355,0.8876596689224243,0.24103957414627075,0.15877649,0.097898185,0.34559187,0.21491638,0.18281715,0.9218575,0.9326922,0.83697057,0.7986307,0.9481475
1770207345.9062,0.7532007098197937,0.9039546847343445,0.3034971058368683,0.1509536,0.08327361,0.3174095,0.2317566,0.21660669,0.9039547,0.9039547,0.9039547,0.9039547,0.9039547
1770207346.2468,0.7858271598815918,0.9268372654914856,0.4191787540912628,0.2277577,0.07362187,0.16415927,0.35587895,0.17858222,0.9563446,0.9759409,0.8470463,0.88180625,0.9730482
1770207346.5585,0.7995620965957642,0.9268372654914856,0.1786295473575592,0.16672091,0.10891253,0.30334684,0.25388277,0.16713701,0.9563446,0.9759409,0.8470463,0.88180625,0.9730482
1770207346.7659,0.8015735745429993,0.9268372654914856,0.19818346202373505,0.1959716,0.095656954,0.1791664,0.3897217,0.13948333,0.9563446,0.9759409,0.8470463,0.88180625,0.9730482
1770207347.2767,0.7990574240684509,0.9039546847343445,0.4478810131549835,0.18678275,0.10088017,0.22296843,0.29808488,0.19128379,0.9039547,0.9039547,0.9039547,0.9039547,0.9039547
1770207347.4750,0.8164640069007874,0.8876596689224243,0.47930434346199036,0.22339661,0.10961609,0.16282001,0.36420295,0.13996437,0.9218575,0.9326922,0.83697057,0.7986307,0.9481475
1770207347.5480,0.8276443481445312,0.9039546847343445,0.47998347878456116,0.20616832,0.13332953,0.21361853,0.2968932,0.14999041,0.9039547,0.9039547,0.9039547,0.9039547,0.9039547
1770207347.6190,0.8417797684669495,0.8876596689224243,0.4602739214897156,0.19883458,0.12919222,0.16204491,0.35267228,0.15725598,0.9218575,0.9326922,0.83697057,0.7986307,0.9481475
1770207347.6915,0.8523097038269043,0.8876596689224243,0.4277195930480957,0.2182288,0.16183996,0.15041804,0.31158966,0.1579235,0.9218575,0.9326922,0.83697057,0.7986307,0.9481475
1770207347.8430,0.8145623207092285,0.9039546847343445,0.3516301214694977,0.16627777,0.23966151,0.29456732,0.16804822,0.13144518,0.9435857,0.98212767,0.82800466,0.80179363,0.9642618
1770207348.1808,0.8575894236564636,0.9268372654914856,0.21737758815288544,0.15624754,0.22750369,0.19054884,0.26437762,0.16132231,0.9563446,0.9759409,0.8470463,0.88180625,0.9730482
1770207349.2506,0.8777399659156799,0.8876596689224243,0.2531830370426178,0.1916555,0.28546607,0.18440618,0.20131525,0.137157,0.9218575,0.9326922,0.83697057,0.7986307,0.9481475
1770207349.6110,0.8310240507125854,0.9039546847343445,0.2414805144071579,0.151088,0.19469261,0.26025346,0.18794098,0.20602494,0.9435857,0.98212767,0.82800466,0.80179363,0.9642618
1770207349.6904,0.8256649374961853,0.8880681395530701,0.25144481658935547,0.129271,0.2429565,0.26909053,0.18842734,0.17025463,0.88806814,0.88806814,0.88806814,0.88806814,0.88806814
1770207349.7449,0.8320444822311401,0.9039546847343445,0.25658729672431946,0.18028967,0.1987961,0.22802551,0.19461323,0.19827542,0.9435857,0.98212767,0.82800466,0.80179363,0.9642618
1770207349.8284,0.8535110354423523,0.8876596689224243,0.26759570837020874,0.22130108,0.22380675,0.23157029,0.18447547,0.13884635,0.9218575,0.9326922,0.83697057,0.7986307,0.9481475
1770207349.8815,0.8262720108032227,0.8876596689224243,0.2722247540950775,0.21529342,0.16430438,0.16145429,0.2548199,0.20412795,0.9218575,0.9326922,0.83697057,0.7986307,0.9481475
1770207349.9926,0.800163745880127,0.9268372654914856,0.2745715081691742,0.16212593,0.17093359,0.26447514,0.22798397,0.17448138,0.9563446,0.9759409,0.8470463,0.88180625,0.9730482
1770207350.0961,0.7825196981430054,0.8880681395530701,0.2516731321811676,0.15115866,0.15846245,0.27560538,0.26288608,0.15188737,0.88806814,0.88806814,0.88806814,0.88806814,0.88806814
1770207350.1996,0.8608591556549072,0.8876596689224243,0.21136890351772308,0.15296724,0.0914036,0.20486322,0.33150256,0.21926339,0.9218575,0.9326922,0.83697057,0.7986307,0.9481475
1770207350.2911,0.8550264835357666,0.9039546847343445,0.1745944768190384,0.15029937,0.11947565,0.21772547,0.3561653,0.15633422,0.9435857,0.98212767,0.82800466,0.80179363,0.9642618
1770207350.4122,0.8144130706787109,0.930027425289154,0.14692199230194092,0.19969538,0.16279519,0.22090822,0.2739865,0.14261472,0.9329388,0.881837,0.9026795,0.9775317,0.95515
1770207350.4876,0.7911408543586731,0.9268372654914856,0.13444900512695312,0.13291496,0.13077609,0.31891927,0.25219548,0.1651942,0.9563446,0.9759409,0.8470463,0.88180625,0.9730482
1770207350.5790,0.7954868078231812,0.9188520312309265,0.11824711412191391,0.21086967,0.15894362,0.26180708,0.19896838,0.16941123,0.91885203,0.91885203,0.91885203,0.91885203,0.91885203
1770207350.6856,0.845177412033081,0.9188520312309265,0.10021652281284332,0.20063807,0.16457067,0.31060693,0.18364494,0.14053936,0.91885203,0.91885203,0.91885203,0.91885203,0.91885203
1770207350.7818,0.8442608118057251,0.8876596689224243,0.09531610459089279,0.18785976,0.12859608,0.2502298,0.2395943,0.19372009,0.9218575,0.9326922,0.83697057,0.7986307,0.9481475
1770207350.8884,0.8526346683502197,0.9039546847343445,0.12015607953071594,0.22629018,0.15592277,0.20271814,0.25392598,0.1611429,0.9435857,0.98212767,0.82800466,0.80179363,0.9642618
1770207350.9732,0.7916711568832397,0.9039546847343445,0.1633114367723465,0.24662054,0.19227152,0.22741725,0.16642469,0.16726601,0.9435857,0.98212767,0.82800466,0.80179363,0.9642618
1770207351.1097,0.751277506351471,0.9188520312309265,0.22277815639972687,0.20760316,0.19867916,0.23083623,0.1815322,0.1813492,0.9378411,0.90545356,0.84279287,0.9491407,0.9590321
1770207351.1674,0.7852145433425903,0.9399309158325195,0.23875199258327484,0.25538388,0.21342985,0.16840985,0.18434246,0.17843394,0.9359196,0.86440617,0.9425149,0.9992924,0.95752144
1770207351.2990,0.7923853993415833,0.9399309158325195,0.24749326705932617,0.14944258,0.23830123,0.2904426,0.18126965,0.14054398,0.9359196,0.86440617,0.9425149,0.9992924,0.95752144
1770207351.3892,0.7749679088592529,0.902318000793457,0.2528671324253082,0.1393727,0.18640462,0.30862743,0.2059761,0.15961912,0.94568723,0.8785572,0.76481,0.95629716,0.96623826
1770207351.4939,0.8199278116226196,0.902318000793457,0.27248266339302063,0.1610973,0.23419967,0.20918481,0.24921104,0.14630711,0.94568723,0.8785572,0.76481,0.95629716,0.96623826
1770207351.5846,0.7610369920730591,0.8876596689224243,0.30961447954177856,0.13299932,0.1828608,0.27566752,0.2188647,0.18960768,0.9218575,0.9326922,0.83697057,0.7986307,0.9481475
1770207351.7133,0.7599734663963318,0.9039546847343445,0.3878445029258728,0.13744284,0.19149297,0.23788086,0.23846844,0.19471486,0.9435857,0.98212767,0.82800466,0.80179363,0.9642618
1770207351.7677,0.7419002056121826,0.9039546847343445,0.4128173589706421,0.18430643,0.19302785,0.17949562,0.22023222,0.2229379,0.9435857,0.98212767,0.82800466,0.80179363,0.9642618
1770207351.8737,0.8155441284179688,0.8714170455932617,0.4637504518032074,0.17912179,0.21150127,0.17382683,0.21625978,0.21929036,0.87140787,0.7844833,0.80993134,0.93155026,0.95971274
1770207351.9749,0.7513200640678406,0.8714170455932617,0.4613855481147766,0.13949537,0.22422215,0.24154718,0.20328297,0.19145234,0.87140787,0.7844833,0.80993134,0.93155026,0.95971274
1770207352.0993,0.7786685228347778,0.8714170455932617,0.4222913384437561,0.18637925,0.220259,0.15627092,0.21530916,0.22178172,0.87140787,0.7844833,0.80993134,0.93155026,0.95971274
1770207352.1650,0.7436072826385498,0.8824383020401001,0.40297743678092957,0.18924627,0.24739581,0.19285646,0.1750737,0.19542778,0.8564073,0.8165394,0.90777,0.87520474,0.9562699
1770207352.2913,0.7417367100715637,0.8824383020401001,0.36291855573654175,0.18436816,0.29780012,0.21400122,0.1412426,0.1625879,0.8564073,0.8165394,0.90777,0.87520474,0.9562699
1770207352.3844,0.7788522243499756,0.8714170455932617,0.32874348759651184,0.21547034,0.22628781,0.1572757,0.19654052,0.20442562,0.87140787,0.7844833,0.80993134,0.93155026,0.95971274
1770207352.5101,0.8008518218994141,0.9039546847343445,0.2623153030872345,0.20924705,0.2610372,0.18562815,0.16725071,0.17683688,0.9435857,0.98212767,0.82800466,0.80179363,0.9642618
1770207352.5704,0.8153213262557983,0.8877514004707336,0.2371564358472824,0.19880392,0.2299243,0.20303285,0.2010516,0.1671873,0.85581815,0.81407714,0.83016324,0.9818762,0.95682234
1770207352.7111,0.6990443468093872,0.930027425289154,0.2913206219673157,0.18926935,0.243196,0.22618237,0.1759559,0.1653963,0.9329388,0.881837,0.9026795,0.9775317,0.95515
1770207352.7857,0.7657023668289185,0.902318000793457,0.34198451042175293,0.1917166,0.2349763,0.23592092,0.1961027,0.14128348,0.94568723,0.8785572,0.76481,0.95629716,0.96623826
1770207352.8926,0.7585130929946899,0.8877514004707336,0.3988755941390991,0.18721613,0.2321426,0.24268161,0.19266939,0.1452903,0.85581815,0.81407714,0.83016324,0.9818762,0.95682234
1770207352.9758,0.7514171600341797,0.9039546847343445,0.4657428562641144,0.2134154,0.21036275,0.19441754,0.19745049,0.18435381,0.9435857,0.98212767,0.82800466,0.80179363,0.9642618
1770207353.0992,0.7334271669387817,0.8880681395530701,0.7401937246322632,0.22802858,0.18565224,0.19565155,0.21155018,0.1791174,0.88806814,0.88806814,0.88806814,0.88806814,0.88806814
1770207353.1737,0.7896833419799805,0.884894073009491,0.9499319791793823,0.21935222,0.20695569,0.24098445,0.19472846,0.13797915,0.9059517,0.8453164,0.76945305,0.9447335,0.9590158
1770207353.2874,0.7644760608673096,0.9022027850151062,1.0,0.19749099,0.22569421,0.23438366,0.18315904,0.15927215,0.86007965,0.7883599,0.9299221,0.96723145,0.9654207
1770207353.3687,0.7457151412963867,0.8880681395530701,1.0,0.21015388,0.2003391,0.20873432,0.20189111,0.17888166,0.88806814,0.88806814,0.88806814,0.88806814,0.88806814
1770207353.4888,0.8157596588134766,0.9039546847343445,1.0,0.203156,0.16708687,0.20476632,0.24552761,0.17946315,0.9435857,0.98212767,0.82800466,0.80179363,0.9642618
1770207353.5785,0.7811175584793091,0.8876596689224243,0.7036967277526855,0.23068146,0.18604738,0.20176384,0.18708423,0.19442317,0.9218575,0.9326922,0.83697057,0.7986307,0.9481475
1770207353.6911,0.7512015104293823,0.8880681395530701,0.38230541348457336,0.20057644,0.21490094,0.25674728,0.16018267,0.16759264,0.88806814,0.88806814,0.88806814,0.88806814,0.88806814
1770207353.7874,0.7958582043647766,0.884894073009491,0.32125744223594666,0.18684949,0.19728276,0.2596952,0.16333862,0.19283393,0.9059517,0.8453164,0.76945305,0.9447335,0.9590158
1770207353.9197,0.7895272970199585,0.884894073009491,0.3608585298061371,0.2212016,0.21503334,0.25403696,0.1468069,0.1629212,0.9059517,0.8453164,0.76945305,0.9447335,0.9590158
1770207353.9680,0.7772977352142334,0.8762197494506836,0.40178945660591125,0.20936501,0.20687345,0.24431282,0.15293814,0.18651064,0.81084186,0.8239226,0.88627744,0.911964,0.94809294
1770207354.1021,0.7961000204086304,0.8762197494506836,0.5439630150794983,0.22209531,0.2241867,0.25193363,0.12853737,0.17324696,0.81084186,0.8239226,0.88627744,0.911964,0.94809294
1770207354.1831,0.8157346248626709,0.9039546847343445,0.591356098651886,0.20467454,0.17143935,0.21327688,0.20151073,0.20909847,0.9435857,0.98212767,0.82800466,0.80179363,0.9642618
1770207354.2870,0.7789480090141296,0.9039546847343445,0.5636388659477234,0.22979383,0.17833664,0.19458076,0.19171302,0.20557575,0.9435857,0.98212767,0.82800466,0.80179363,0.9642618
1770207354.3867,0.7605977654457092,0.884894073009491,0.4688200354576111,0.16329165,0.22240782,0.26439694,0.1584853,0.19141835,0.9059517,0.8453164,0.76945305,0.9447335,0.9590158
1770207354.5027,0.7332959175109863,0.884894073009491,0.3831692337989807,0.17331107,0.23844357,0.25161868,0.16732678,0.16929987,0.9059517,0.8453164,0.76945305,0.9447335,0.9590158
1770207354.5721,0.7831095457077026,0.8587128520011902,0.3798680305480957,0.13131696,0.25177747,0.2690279,0.18218012,0.16569757,0.82611614,0.8427705,0.8120534,0.8688691,0.9437552
1770207354.7078,0.7344846725463867,0.9039546847343445,0.4046333134174347,0.18090391,0.22306563,0.22606105,0.20098992,0.16897944,0.9435857,0.98212767,0.82800466,0.80179363,0.9642618
1770207354.8135,0.7701473236083984,0.928482174873352,0.40340274572372437,0.21859576,0.24501051,0.19468202,0.17897488,0.1627368,0.9348253,0.89867973,0.8771616,0.9752519,0.95649225
1770207354.8870,0.7803983092308044,0.8999300003051758,0.4009220004081726,0.19167404,0.26157743,0.18635824,0.19817692,0.16221337,0.88684803,0.81711024,0.8716491,0.9704367,0.953606
1770207354.9944,0.7754483819007874,0.8880681395530701,0.4123763144016266,0.201711,0.24351148,0.16421515,0.20696746,0.18359494,0.88806814,0.88806814,0.88806814,0.88806814,0.88806814
1770207355.1086,0.7702203989028931,0.9039546847343445,0.42434507608413696,0.21725555,0.22496001,0.16064185,0.21606378,0.18107882,0.9435857,0.98212767,0.82800466,0.80179363,0.9642618
1770207355.1708,0.7732558250427246,0.9268372654914856,0.4229642450809479,0.20553352,0.25191832,0.17335147,0.21539675,0.1538,0.9563446,0.9759409,0.8470463,0.88180625,0.9730482
1770207355.3418,0.7706044912338257,0.8880681395530701,0.4295869469642639,0.24065658,0.1965493,0.16071025,0.21912514,0.18295872,0.88806814,0.88806814,0.88806814,0.88806814,0.88806814
1770207355.4087,0.7593251466751099,0.8853163123130798,0.46696382761001587,0.18351196,0.22110227,0.19030313,0.2329795,0.17210323,0.82710946,0.7831187,0.9156114,0.9539612,0.94678074
1770207355.4929,0.7918839454650879,0.9039546847343445,0.5449119210243225,0.20969783,0.23634036,0.17643681,0.19573812,0.1817868,0.9435857,0.98212767,0.82800466,0.80179363,0.9642618
1770207355.6009,0.8205889463424683,0.9268372654914856,0.6637388467788696,0.18922505,0.21323295,0.18244001,0.23188913,0.18321286,0.9563446,0.9759409,0.8470463,0.88180625,0.9730482
1770207355.6902,0.7280281782150269,0.8880681395530701,0.7438528537750244,0.22165504,0.1978475,0.21305816,0.18862066,0.17881864,0.88806814,0.88806814,0.88806814,0.88806814,0.88806814
1770207355.8345,0.7587094306945801,0.8880295157432556,0.8268551826477051,0.20378458,0.2133303,0.21414757,0.1698819,0.19885562,0.8200324,0.8297334,0.9093277,0.9460504,0.9350036
1770207355.8998,0.7681583762168884,0.9022027850151062,0.8051244616508484,0.20496023,0.25609204,0.26591715,0.1406357,0.13239484,0.86007965,0.7883599,0.9299221,0.96723145,0.9654207
1770207355.9822,0.7824223041534424,0.8880295157432556,0.7252800464630127,0.19100186,0.23320363,0.21962254,0.18374348,0.1724285,0.8200324,0.8297334,0.9093277,0.9460504,0.9350036
1770207356.1021,0.8072361350059509,0.884894073009491,0.5534316897392273,0.25676584,0.23432864,0.17470841,0.1565526,0.17764452,0.9059517,0.8453164,0.76945305,0.9447335,0.9590158
1770207356.2239,0.7928963899612427,0.8888158798217773,0.5013730525970459,0.23620327,0.2112123,0.189342,0.17492908,0.18831336,0.92191494,0.8072031,0.85222244,0.9163683,0.9463706
1770207356.3345,0.7518584728240967,0.8880295157432556,0.5547955632209778,0.22130871,0.23763724,0.21412538,0.16798863,0.15893999,0.8200324,0.8297334,0.9093277,0.9460504,0.9350036
1770207356.4817,0.809933066368103,0.902318000793457,0.6587613224983215,0.22088052,0.26640236,0.22058202,0.16420779,0.12792727,0.94568723,0.8785572,0.76481,0.95629716,0.96623826
1770207356.5643,0.8206101655960083,0.902318000793457,0.6802805662155151,0.21536396,0.26118097,0.2147151,0.17430498,0.13443494,0.94568723,0.8785572,0.76481,0.95629716,0.96623826
1770207356.6844,0.7614091038703918,0.8853163123130798,0.6855255365371704,0.19756341,0.2403708,0.2299311,0.16437198,0.1677627,0.82710946,0.7831187,0.9156114,0.9539612,0.94678074
1770207356.7634,0.7696325778961182,0.928482174873352,0.7185280919075012,0.2043244,0.2203337,0.21392216,0.17830813,0.18311158,0.9348253,0.89867973,0.8771616,0.9752519,0.95649225
1770207356.8068,0.783069372177124,0.9039546847343445,0.7785899043083191,0.18415026,0.23130623,0.23444723,0.18272898,0.16736738,0.9435857,0.98212767,0.82800466,0.80179363,0.9642618
1770207356.8973,0.7654037475585938,0.8853163123130798,0.8751735687255859,0.19252256,0.23863018,0.2399382,0.16611758,0.16279152,0.82710946,0.7831187,0.9156114,0.9539612,0.94678074
1770207357.0240,0.7672442197799683,0.9039546847343445,0.9188466668128967,0.14776638,0.22989173,0.26749122,0.18339705,0.17145361,0.9435857,0.98212767,0.82800466,0.80179363,0.9642618
1770207357.1641,0.7857731580734253,0.8804225325584412,0.9188466668128967,0.16279916,0.229625,0.27104408,0.16580735,0.17072435,0.9159262,0.826191,0.7916325,0.92539364,0.9429693
1770207357.2546,0.7877171635627747,0.9268372654914856,0.9934384226799011,0.14687441,0.21983902,0.23359637,0.22517352,0.17451672,0.9563446,0.9759409,0.8470463,0.88180625,0.9730482
1770207357.4255,0.7751699686050415,0.8968296051025391,0.8969942927360535,0.2043109,0.2338296,0.19864567,0.16983424,0.19337964,0.91944,0.8232311,0.89392793,0.90108156,0.94646734
1770207357.5083,0.7358019351959229,0.8880681395530701,0.7683982849121094,0.17941505,0.21986385,0.19481654,0.19918051,0.20672403,0.88806814,0.88806814,0.88806814,0.88806814,0.88806814
1770207357.8492,0.7890130281448364,0.8933617472648621,0.2509719133377075,0.25284356,0.25274536,0.14928849,0.17243819,0.17268446,0.9280461,0.79807705,0.85488284,0.92812014,0.9576828
1770207358.3391,0.7418764233589172,0.8880681395530701,0.3894928991794586,0.19835015,0.22032398,0.18138051,0.20454313,0.19540223,0.88806814,0.88806814,0.88806814,0.88806814,0.88806814
1770207440.3366,0.4945145845413208,0.899505615234375,1.0,0.15653747,0.10215706,0.32229227,0.16903341,0.24997975,0.92601573,0.96983206,0.79427063,0.8563922,0.9510176
1770207440.3996,0.48061734437942505,0.8997790217399597,0.9341380596160889,0.16124843,0.13107698,0.28223592,0.29162624,0.13381243,0.899779,0.899779,0.899779,0.899779,0.899779
1770207440.5223,0.4880397319793701,0.899505615234375,0.4744962155818939,0.15428366,0.18830791,0.16919994,0.41744328,0.070765235,0.92601573,0.96983206,0.79427063,0.8563922,0.9510176
1770207440.5733,0.49970924854278564,0.899505615234375,0.37613916397094727,0.11768267,0.20794374,0.12174587,0.5099296,0.0426981,0.92601573,0.96983206,0.79427063,0.8563922,0.9510176
1770207440.6134,0.4995403587818146,0.899505615234375,0.31701359152793884,0.1017087,0.18773846,0.102480695,0.57309824,0.034973923,0.92601573,0.96983206,0.79427063,0.8563922,0.9510176
1770207440.6398,0.5003758668899536,0.899505615234375,0.29111766815185547,0.0947952,0.16580364,0.10383339,0.60035473,0.035213016,0.92601573,0.96983206,0.79427063,0.8563922,0.9510176
1770207440.7215,0.5392450094223022,0.8997790217399597,0.21993809938430786,0.11559228,0.17982624,0.16432774,0.46787295,0.07238085,0.92281735,0.98087686,0.7954326,0.85094786,0.9488205
1770207440.8727,0.5889918804168701,0.9433652758598328,0.15847907960414886,0.17328739,0.16578157,0.18946126,0.37635586,0.09511384,0.9433653,0.9433653,0.9433653,0.9433653,0.9433653
1770207440.9660,0.580420970916748,0.8997790217399597,0.1540612131357193,0.12610295,0.15531969,0.19907953,0.43295276,0.086545035,0.92281735,0.98087686,0.7954326,0.85094786,0.9488205
1770207441.0431,0.5764568448066711,0.8997790217399597,0.16836656630039215,0.11349241,0.13987829,0.19121811,0.47675407,0.07865717,0.92281735,0.98087686,0.7954326,0.85094786,0.9488205
1770207441.1001,0.5928989052772522,0.8997790217399597,0.19200973212718964,0.117117785,0.15914321,0.20017,0.42837813,0.09519086,0.92281735,0.98087686,0.7954326,0.85094786,0.9488205
1770207441.2145,0.619286298751831,0.943365216255188,0.2873796820640564,0.11557226,0.14912401,0.2286462,0.38839677,0.11826076,0.9476935,0.97736406,0.91425973,0.9105198,0.966989
1770207441.3258,0.6488132476806641,0.9450737833976746,0.3735353946685791,0.16710275,0.16758521,0.25306258,0.22060148,0.19164799,0.9450738,0.9450738,0.9450738,0.9450738,0.9450738
1770207441.4493,0.6714437007904053,0.9450737833976746,0.4106076955795288,0.22238371,0.14138696,0.2225361,0.18072623,0.23296696,0.9450738,0.9450738,0.9450738,0.9450738,0.9450738
1770207441.5593,0.677960991859436,0.9029399156570435,0.33984947204589844,0.122462384,0.12981956,0.24563827,0.3288944,0.17318535,0.91709757,0.9244826,0.8063031,0.9232294,0.9435869
1770207441.6738,0.6852163076400757,0.9450737237930298,0.2518633008003235,0.11334719,0.10158838,0.22135343,0.42286018,0.14085083,0.93834454,0.96681386,0.88589996,0.975049,0.9592611
1770207441.7496,0.7480006217956543,0.9450737237930298,0.23212946951389313,0.27428284,0.13964938,0.19510128,0.18832952,0.20263702,0.93834454,0.96681386,0.88589996,0.975049,0.9592611
1770207441.8383,0.7542973756790161,0.9450737237930298,0.2588706910610199,0.21499069,0.103549846,0.21828644,0.20200218,0.26117083,0.93834454,0.96681386,0.88589996,0.975049,0.9592611
1770207441.9575,0.7683598399162292,0.9052583575248718,0.3224143385887146,0.24467477,0.13326316,0.24199817,0.21524502,0.16481888,0.90525836,0.90525836,0.90525836,0.90525836,0.90525836
1770207442.0476,0.7779924869537354,0.9052583575248718,0.3688364028930664,0.1785783,0.10252841,0.27852657,0.25093085,0.18943585,0.90525836,0.90525836,0.90525836,0.90525836,0.90525836
1770207442.1224,0.7863775491714478,0.943365216255188,0.41010621190071106,0.118882544,0.081462786,0.2763242,0.3440096,0.17932092,0.9476935,0.97736406,0.91425973,0.9105198,0.966989
1770207442.2503,0.7890937328338623,0.9052583575248718,0.42126357555389404,0.13656987,0.06821162,0.26806334,0.31515402,0.21200116,0.9364613,0.940386,0.7936855,0.8974962,0.9582625
1770207442.3284,0.8109896779060364,0.9052583575248718,0.3927682340145111,0.15017113,0.07054273,0.25030792,0.3268717,0.20210646,0.9364613,0.940386,0.7936855,0.8974962,0.9582625
1770207442.4554,0.8059374094009399,0.9052583575248718,0.2667292356491089,0.13403971,0.066012256,0.2367771,0.34951136,0.2136596,0.9364613,0.940386,0.7936855,0.8974962,0.9582625
1770207442.5690,0.8210618495941162,0.9052583575248718,0.1786295473575592,0.2789959,0.12349801,0.17958668,0.20577087,0.21214855,0.9364613,0.940386,0.7936855,0.8974962,0.9582625
1770207442.6255,0.8378072381019592,0.9052583575248718,0.1578163206577301,0.16687302,0.11450025,0.2586712,0.3314433,0.12851223,0.9364613,0.940386,0.7936855,0.8974962,0.9582625
1770207442.7706,0.7716339826583862,0.873674213886261,0.19818346202373505,0.30669048,0.20115285,0.192525,0.16035327,0.1392784,0.94231653,0.9549314,0.6791545,0.82865727,0.9633114
1770207442.9188,0.8118468523025513,0.873674213886261,0.3056105971336365,0.23982354,0.14658119,0.22775759,0.19081609,0.19502161,0.94231653,0.9549314,0.6791545,0.82865727,0.9633114
1770207443.0432,0.8552694320678711,0.873674213886261,0.4144517481327057,0.256853,0.19625603,0.19167292,0.19119975,0.16401832,0.94231653,0.9549314,0.6791545,0.82865727,0.9633114
1770207443.1626,0.8490977883338928,0.9164528846740723,0.4507770836353302,0.23126638,0.13287449,0.18112887,0.23464924,0.22008102,0.9461127,0.9829244,0.8233838,0.86387044,0.965973
1770207443.2542,0.8720532655715942,0.9164528846740723,0.44953006505966187,0.17426987,0.14061514,0.17863636,0.30303094,0.20344768,0.9461127,0.9829244,0.8233838,0.86387044,0.965973
1770207443.5595,0.8397725820541382,0.9194602966308594,0.47998347878456116,0.21933243,0.15254012,0.2181829,0.17540406,0.23454049,0.9194603,0.9194603,0.9194603,0.9194603,0.9194603
1770207443.6242,0.861942708492279,0.9164528846740723,0.4602739214897156,0.20434278,0.23675697,0.22045077,0.18754765,0.15090184,0.9461127,0.9829244,0.8233838,0.86387044,0.965973
1770207443.9846,0.8849403858184814,0.9164528846740723,0.2825861871242523,0.18731941,0.2143995,0.20180985,0.2465718,0.14989945,0.9461127,0.9829244,0.8233838,0.86387044,0.965973
1770207444.3823,0.8246092796325684,0.9164528846740723,0.2956823408603668,0.1579547,0.22167994,0.24390668,0.18427129,0.19218741,0.9461127,0.9829244,0.8233838,0.86387044,0.965973
1770207444.8222,0.8195371627807617,0.9194602966308594,0.25130659341812134,0.15515369,0.16385728,0.2862151,0.19981766,0.19495633,0.9194603,0.9194603,0.9194603,0.9194603,0.9194603
1770207444.9626,0.8641657829284668,0.9164528846740723,0.25296133756637573,0.16269532,0.21052247,0.21121876,0.2551652,0.16039823,0.9461127,0.9829244,0.8233838,0.86387044,0.965973
1770207445.0942,0.8305557370185852,0.9164528846740723,0.266478955745697,0.16683975,0.16044325,0.19868162,0.22245936,0.25157595,0.9461127,0.9829244,0.8233838,0.86387044,0.965973
1770207445.2104,0.8326424360275269,0.9164528846740723,0.2605160176753998,0.17702173,0.18418631,0.19846982,0.21579112,0.22453105,0.9461127,0.9829244,0.8233838,0.86387044,0.965973
1770207445.2889,0.8403087258338928,0.9164528846740723,0.24806223809719086,0.14703536,0.15307552,0.24814162,0.26712403,0.18462351,0.9461127,0.9829244,0.8233838,0.86387044,0.965973
1770207445.4368,0.7287688255310059,0.9194602966308594,0.2256721556186676,0.10978779,0.16835468,0.31954533,0.2172987,0.1850135,0.9422182,0.9874171,0.7822324,0.9227764,0.9626577
1770207445.5909,0.7753596305847168,0.9194602966308594,0.2374894917011261,0.12913907,0.19186129,0.2606974,0.212073,0.20622924,0.9422182,0.9874171,0.7822324,0.9227764,0.9626577
1770207445.6840,0.8323535323143005,0.9164528846740723,0.24885931611061096,0.193493,0.15696631,0.18913047,0.22105044,0.23935987,0.9461127,0.9829244,0.8233838,0.86387044,0.965973
1770207445.8024,0.8527133464813232,0.873674213886261,0.26272568106651306,0.1880282,0.22385444,0.22477686,0.23311356,0.13022691,0.94231653,0.9549314,0.6791545,0.82865727,0.9633114
1770207445.8874,0.8249470591545105,0.873674213886261,0.2722247540950775,0.18504094,0.21183133,0.22677185,0.21654303,0.15981278,0.94231653,0.9549314,0.6791545,0.82865727,0.9633114
1770207445.9726,0.8474053740501404,0.9164528846740723,0.2764064371585846,0.20363809,0.21140401,0.1894457,0.21291888,0.18259332,0.9461127,0.9829244,0.8233838,0.86387044,0.965973
1770207446.3289,0.8335987329483032,0.9164528846740723,0.17106513679027557,0.17075674,0.17164089,0.23793851,0.2528564,0.16680749,0.9461127,0.9829244,0.8233838,0.86387044,0.965973
1770207446.8880,0.8025007247924805,0.873674213886261,0.11254645138978958,0.1600861,0.16098644,0.27736315,0.23855893,0.16300537,0.94231653,0.9549314,0.6791545,0.82865727,0.9633114
1770207447.8744,0.8220621347427368,0.9164528846740723,0.4592713713645935,0.18561117,0.17879862,0.26003176,0.2163255,0.15923291,0.9461127,0.9829244,0.8233838,0.86387044,0.965973
1770207448.0449,0.8298351764678955,0.9164528846740723,0.4430474638938904,0.17007484,0.13219187,0.28052548,0.26003268,0.15717514,0.9461127,0.9829244,0.8233838,0.86387044,0.965973
1770207448.1460,0.8006234169006348,0.8906086087226868,0.4091169238090515,0.21927296,0.15407816,0.26955542,0.18422334,0.1728701,0.9477748,0.8644101,0.8042489,0.86971456,0.9668942
1770207448.2700,0.777180016040802,0.9045330882072449,0.377817839384079,0.11953825,0.16372253,0.39814666,0.1809393,0.13765329,0.9045331,0.9045331,0.9045331,0.9045331,0.9045331
1770207448.3271,0.8102589845657349,0.9045330882072449,0.35920003056526184,0.19104713,0.16281028,0.30421287,0.1786148,0.16331494,0.9045331,0.9045331,0.9045331,0.9045331,0.9045331
1770207448.4509,0.8240804076194763,0.9164528846740723,0.2947874665260315,0.15422468,0.1389313,0.33397192,0.19383523,0.17903684,0.9461127,0.9829244,0.8233838,0.86387044,0.965973
1770207448.5706,0.8063497543334961,0.873674213886261,0.24073727428913116,0.13564894,0.14037392,0.33440375,0.26644158,0.12313179,0.94231653,0.9549314,0.6791545,0.82865727,0.9633114
1770207448.6471,0.8688997030258179,0.9164528846740723,0.2455449253320694,0.20939444,0.1390763,0.23296107,0.23874295,0.17982519,0.9461127,0.9829244,0.8233838,0.86387044,0.965973
1770207448.7382,0.8086139559745789,0.8906086087226868,0.2913206219673157,0.17469051,0.16268684,0.25338244,0.19794011,0.21130008,0.9477748,0.8644101,0.8042489,0.86971456,0.9668942
1770207448.8866,0.8248001337051392,0.9164528846740723,0.38473716378211975,0.15538709,0.15787522,0.28754357,0.20391646,0.19527768,0.9461127,0.9829244,0.8233838,0.86387044,0.965973
1770207448.9341,0.8429228663444519,0.9188335537910461,0.41545170545578003,0.22029158,0.1886305,0.24642874,0.17746158,0.16718765,0.9493912,0.8640001,0.89499414,0.9180024,0.9677798
1770207449.0447,0.8424557447433472,0.9188335537910461,0.5646361708641052,0.2508268,0.19741997,0.1905631,0.15056917,0.21062097,0.9493912,0.8640001,0.89499414,0.9180024,0.9677798
1770207449.1335,0.8272811770439148,0.873674213886261,0.7697829604148865,0.18877314,0.1433064,0.23688862,0.25485557,0.17617622,0.94231653,0.9549314,0.6791545,0.82865727,0.9633114
1770207449.2774,0.8131991624832153,0.8723323941230774,1.0,0.18825862,0.14009751,0.21333033,0.27945295,0.17886059,0.8723324,0.8723324,0.8723324,0.8723324,0.8723324
1770207449.3245,0.8043855428695679,0.89886075258255,1.0,0.15196958,0.20433345,0.29146206,0.18577434,0.16646053,0.87399006,0.8342212,0.83702105,0.9860334,0.963038
1770207449.4482,0.8351142406463623,0.9164528846740723,1.0,0.16563736,0.17077567,0.23081441,0.23760903,0.19516352,0.9461127,0.9829244,0.8233838,0.86387044,0.965973
1770207449.5359,0.7511329650878906,0.8723323941230774,0.9564631581306458,0.17361382,0.17918123,0.26709616,0.19362134,0.18648739,0.8575534,0.80722934,0.75884306,0.98739827,0.9506382
1770207449.6476,0.7709271907806396,0.8906086087226868,0.5089400410652161,0.118338116,0.19133061,0.28646666,0.23275302,0.17111155,0.9477748,0.8644101,0.8042489,0.86971456,0.9668942
1770207449.7420,0.8000961542129517,0.9164528846740723,0.35566475987434387,0.11484161,0.14907935,0.31271923,0.27362886,0.14973101,0.9461127,0.9829244,0.8233838,0.86387044,0.965973
1770207449.8483,0.7717244029045105,0.8859872221946716,0.3269738554954529,0.13124584,0.23221147,0.2688407,0.21963444,0.14806752,0.8395716,0.7883599,0.8427039,0.9936133,0.9656875
1770207449.9276,0.7425664663314819,0.8906086087226868,0.3547566831111908,0.17195508,0.23013236,0.23126365,0.17692785,0.1897211,0.9477748,0.8644101,0.8042489,0.86971456,0.9668942
1770207450.0373,0.7248839139938354,0.8952295184135437,0.45740920305252075,0.17122412,0.21147692,0.2559269,0.1905622,0.17080991,0.92179424,0.8126786,0.7961008,0.98866093,0.9569134
1770207450.1623,0.7528648972511292,0.873674213886261,0.5731104612350464,0.19024606,0.19171636,0.24754795,0.18555942,0.18493024,0.94231653,0.9549314,0.6791545,0.82865727,0.9633114
1770207450.2385,0.7321884632110596,0.89886075258255,0.5884581804275513,0.18737447,0.25344867,0.24108253,0.15543763,0.16265675,0.87399006,0.8342212,0.83702105,0.9860334,0.963038
1770207450.3391,0.8043007850646973,0.89886075258255,0.5386051535606384,0.16811208,0.2648608,0.24163313,0.16140501,0.16398898,0.87399006,0.8342212,0.83702105,0.9860334,0.963038
1770207450.4375,0.8240739107131958,0.8906086087226868,0.43131083250045776,0.24853526,0.19521037,0.18071184,0.17927271,0.19626988,0.9477748,0.8644101,0.8042489,0.86971456,0.9668942
1770207450.5296,0.7678951025009155,0.9164528846740723,0.38076162338256836,0.18110849,0.2188495,0.21032807,0.20863776,0.18107615,0.9461127,0.9829244,0.8233838,0.86387044,0.965973
1770207450.6612,0.7751730680465698,0.8906086087226868,0.3952160179615021,0.22752926,0.19338013,0.20477304,0.1750636,0.19925395,0.9477748,0.8644101,0.8042489,0.86971456,0.9668942
1770207450.7535,0.8228562474250793,0.89886075258255,0.4069896936416626,0.22111057,0.21370822,0.23996893,0.17132339,0.15388887,0.87399006,0.8342212,0.83702105,0.9860334,0.963038
1770207450.8448,0.7792104482650757,0.9045330882072449,0.4028773307800293,0.24765348,0.20752333,0.18842009,0.17598793,0.1804152,0.9045331,0.9045331,0.9045331,0.9045331,0.9045331
1770207450.9571,0.7738664746284485,0.9144380688667297,0.4053122103214264,0.19690013,0.23720017,0.2002858,0.20713474,0.15847914,0.88941544,0.8167616,0.92891747,0.98292774,0.9541678
1770207451.0520,0.8168439865112305,0.8853163123130798,0.4175928235054016,0.195629,0.2058594,0.23123862,0.2146765,0.15259652,0.82710946,0.7831187,0.9156114,0.9539612,0.94678074
1770207451.1454,0.7779711484909058,0.8906086087226868,0.42476603388786316,0.23741987,0.21630812,0.20480105,0.17540912,0.1660619,0.9477748,0.8644101,0.8042489,0.86971456,0.9668942
1770207451.2586,0.8282332420349121,0.8906086087226868,0.4178696870803833,0.21458757,0.18264164,0.21858308,0.20775236,0.17643537,0.9477748,0.8644101,0.8042489,0.86971456,0.9668942
1770207451.3765,0.7997838258743286,0.9045330882072449,0.4334343373775482,0.2517387,0.19345838,0.19127601,0.19568321,0.16784373,0.9045331,0.9045331,0.9045331,0.9045331,0.9045331
1770207451.4471,0.7784527540206909,0.873674213886261,0.4601770043373108,0.17313746,0.25644484,0.24478531,0.1951758,0.13045664,0.94231653,0.9549314,0.6791545,0.82865727,0.9633114
1770207451.5680,0.7718391418457031,0.8841974139213562,0.6099246144294739,0.1941223,0.23293184,0.20305139,0.203918,0.16597642,0.8482122,0.8154934,0.8397461,0.97653824,0.9409974
1770207451.6594,0.8106868863105774,0.8906086087226868,0.7145206332206726,0.19051641,0.25182796,0.2302769,0.17646605,0.15091272,0.9477748,0.8644101,0.8042489,0.86971456,0.9668942
1770207451.7698,0.7577090263366699,0.8906086087226868,0.8057506680488586,0.18571404,0.2514458,0.22022194,0.18483745,0.15778077,0.9477748,0.8644101,0.8042489,0.86971456,0.9668942
1770207451.8156,0.7714389562606812,0.8906086087226868,0.8228554725646973,0.1958328,0.21310702,0.21452686,0.20155565,0.17497768,0.9477748,0.8644101,0.8042489,0.86971456,0.9668942
1770207451.9765,0.7825403213500977,0.8723323941230774,0.7378813624382019,0.19924453,0.25349563,0.22017884,0.1688803,0.15820073,0.8575534,0.80722934,0.75884306,0.98739827,0.9506382
1770207452.0527,0.7720584869384766,0.9164528846740723,0.6429882049560547,0.20270504,0.23350622,0.21094309,0.18002392,0.17282166,0.9461127,0.9829244,0.8233838,0.86387044,0.965973
1770207452.1456,0.8013482689857483,0.9164528846740723,0.5433951020240784,0.19963527,0.22986025,0.20492071,0.19187626,0.17370759,0.9461127,0.9829244,0.8233838,0.86387044,0.965973
1770207452.3074,0.772080659866333,0.8988615274429321,0.5320535898208618,0.19978903,0.22950123,0.19892299,0.19245261,0.17933407,0.9182248,0.8075677,0.8391265,0.9848237,0.9445646
1770207452.4315,0.7817056179046631,0.8996200561523438,0.616454005241394,0.20048869,0.240008,0.21636024,0.17311136,0.17003165,0.90856725,0.8120128,0.8479981,0.9825708,0.9469512
1770207452.5506,0.778725266456604,0.9188335537910461,0.67542964220047,0.20515841,0.22570966,0.20754436,0.17623913,0.1853484,0.9493912,0.8640001,0.89499414,0.9180024,0.9677798
1770207452.6943,0.8452609181404114,0.8988615274429321,0.6855255365371704,0.21239614,0.20284548,0.1810912,0.21885471,0.18481238,0.9182248,0.8075677,0.8391265,0.9848237,0.9445646
1770207452.7849,0.7760215997695923,0.9163772463798523,0.7260929346084595,0.17408882,0.24118863,0.22696522,0.18815918,0.16959819,0.92082006,0.81509984,0.95972556,0.9388105,0.94743
1770207452.9517,0.7698441743850708,0.9134132266044617,0.9188466668128967,0.1939856,0.22489518,0.22951224,0.18526193,0.16634503,0.9134132,0.9134132,0.9134132,0.9134132,0.9134132
1770207453.0509,0.7671545743942261,0.8906086087226868,0.9188466668128967,0.16669726,0.2126128,0.2455441,0.20955959,0.16558619,0.9477748,0.8644101,0.8042489,0.86971456,0.9668942
1770207453.1030,0.8248743414878845,0.8996200561523438,0.9188466668128967,0.18560763,0.23988438,0.22763292,0.178511,0.16836412,0.90856725,0.8120128,0.8479981,0.9825708,0.9469512
1770207453.2157,0.7741246819496155,0.9164528846740723,0.9600434899330139,0.17225268,0.2004742,0.2341854,0.19683829,0.19624949,0.9461127,0.9829244,0.8233838,0.86387044,0.965973
1770207453.3632,0.8182240724563599,0.9163772463798523,0.9937243461608887,0.23433885,0.23226188,0.18969563,0.17318258,0.17052108,0.92082006,0.81509984,0.95972556,0.9388105,0.94743
1770207453.4906,0.764927864074707,0.9134132266044617,0.818331241607666,0.23240979,0.18788116,0.19177309,0.1814193,0.20651673,0.9174481,0.82949156,0.92205274,0.95385486,0.9442185
1770207453.5636,0.7671974301338196,0.8906086087226868,0.6790304183959961,0.1880558,0.20852369,0.21680844,0.19071862,0.19589345,0.9477748,0.8644101,0.8042489,0.86971456,0.9668942
1770207453.7105,0.7793884873390198,0.8906086087226868,0.4499109089374542,0.1971714,0.21055159,0.22073154,0.17542636,0.19611911,0.9477748,0.8644101,0.8042489,0.86971456,0.9668942
1770207453.8571,0.7800388336181641,0.873674213886261,0.25949037075042725,0.17124018,0.21559894,0.23125437,0.18662533,0.19528121,0.94231653,0.9549314,0.6791545,0.82865727,0.9633114
1770207453.9501,0.7556225061416626,0.873674213886261,0.1907385289669037,0.17434761,0.23289862,0.22185855,0.17711832,0.19377697,0.94231653,0.9549314,0.6791545,0.82865727,0.9633114
1770207454.0898,0.8017899990081787,0.9164528846740723,0.20172062516212463,0.1918187,0.2073548,0.20395471,0.19546674,0.20140503,0.9461127,0.9829244,0.8233838,0.86387044,0.965973
1770207454.2196,0.7948215007781982,0.8906086087226868,0.2806258201599121,0.12691493,0.2641534,0.25619423,0.17601356,0.17672393,0.9477748,0.8644101,0.8042489,0.86971456,0.9668942
1770207454.3860,0.8578987121582031,0.9163772463798523,0.4419010877609253,0.14742705,0.22276296,0.23609558,0.2057277,0.18798675,0.92082006,0.81509984,0.95972556,0.9388105,0.94743
1770207454.4728,0.7334753274917603,0.8906086087226868,0.5722653269767761,0.16266082,0.23972706,0.23447324,0.17897083,0.18416806,0.9477748,0.8644101,0.8042489,0.86971456,0.9668942
1770207454.5609,0.8372087478637695,0.873674213886261,0.6395869255065918,0.14942308,0.20788357,0.2877427,0.18261382,0.17233686,0.94231653,0.9549314,0.6791545,0.82865727,0.9633114
1770207454.6371,0.7802596092224121,0.8665052652359009,0.6519289016723633,0.16403867,0.23887698,0.2444037,0.1808774,0.17180315,0.7776525,0.76341844,0.91394436,0.93694925,0.94056153
1770207454.7521,0.792357861995697,0.9095118641853333,0.6172505617141724,0.16108401,0.25823817,0.22575893,0.17873564,0.17618324,0.9168477,0.8293533,0.88933426,0.9656032,0.94642097
1770207454.9318,0.8091726303100586,0.8496260643005371,0.5151914954185486,0.18660837,0.3118933,0.2026684,0.17680629,0.12202358,0.8479031,0.82664174,0.7468827,0.89270824,0.9339946
1770207455.0186,0.7700680494308472,0.9164528846740723,0.5321959853172302,0.16781858,0.24549295,0.22283922,0.20046699,0.16338234,0.9461127,0.9829244,0.8233838,0.86387044,0.965973
1770207455.1752,0.7951073050498962,0.9164528846740723,0.57037752866745,0.16958454,0.23965257,0.20604153,0.22053203,0.16418928,0.9461127,0.9829244,0.8233838,0.86387044,0.965973
1770207455.3343,0.7848331928253174,0.8996200561523438,0.5973937511444092,0.22303201,0.2197541,0.17285599,0.21041937,0.17393856,0.90856725,0.8120128,0.8479981,0.9825708,0.9469512
1770207455.5049,0.7886193990707397,0.8665052652359009,0.5542799234390259,0.19182129,0.22600374,0.21000803,0.20794687,0.16422012,0.7776525,0.76341844,0.91394436,0.93694925,0.94056153
1770207455.6417,0.7472377419471741,0.9163772463798523,0.4983554780483246,0.20157832,0.23970816,0.20282623,0.18544757,0.17043972,0.92082006,0.81509984,0.95972556,0.9388105,0.94743
1770207455.7333,0.7746042609214783,0.8906086087226868,0.4681856632232666,0.16504887,0.21625529,0.21970981,0.22415327,0.17483269,0.9477748,0.8644101,0.8042489,0.86971456,0.9668942
1770207455.9163,0.7545704245567322,0.8841974139213562,0.500349760055542,0.21402517,0.22313242,0.19116148,0.19364813,0.17803282,0.8482122,0.8154934,0.8397461,0.97653824,0.9409974
1770207455.9660,0.7612589597702026,0.89886075258255,0.5070264339447021,0.2193041,0.2137557,0.21036805,0.1749958,0.18157643,0.87399006,0.8342212,0.83702105,0.9860334,0.963038
1770207456.1028,0.7566416263580322,0.9163772463798523,0.4597015082836151,0.22128578,0.22398353,0.20615791,0.17258668,0.17598619,0.92082006,0.81509984,0.95972556,0.9388105,0.94743
1770207456.1710,0.7611162066459656,0.8675792813301086,0.418760746717453,0.23431413,0.2174527,0.19985726,0.18073745,0.16763844,0.91032535,0.81620234,0.7547262,0.9178181,0.93882436
1770207456.2899,0.7829164266586304,0.9164528846740723,0.32316669821739197,0.18932301,0.22543778,0.22423047,0.18376362,0.17724507,0.9461127,0.9829244,0.8233838,0.86387044,0.965973
1770207456.3659,0.811932384967804,0.9188335537910461,0.299384742975235,0.20075105,0.24065368,0.2299108,0.1580002,0.17068419,0.91883355,0.91883355,0.91883355,0.91883355,0.91883355
1770207456.4880,0.7259912490844727,0.8675792813301086,0.34587618708610535,0.22886759,0.21845536,0.21034688,0.1666978,0.17563233,0.91032535,0.81620234,0.7547262,0.9178181,0.93882436
1770207456.5737,0.7641154527664185,0.8647481799125671,0.4232148230075836,0.19489348,0.26251188,0.25320563,0.13465041,0.15473862,0.7861341,0.8104683,0.90768504,0.8749245,0.9445288
1770207456.6691,0.7406121492385864,0.8647481799125671,0.4623083174228668,0.20438556,0.22458707,0.23008701,0.16816084,0.17277956,0.7861341,0.8104683,0.90768504,0.8749245,0.9445288
1770207456.7564,0.7440084218978882,0.8841974139213562,0.4302220940589905,0.17682087,0.26462278,0.23663995,0.15067099,0.17124543,0.8482122,0.8154934,0.8397461,0.97653824,0.9409974
1770207456.8669,0.7494293451309204,0.8906086087226868,0.33837640285491943,0.19735476,0.22921216,0.2170693,0.16807705,0.18828663,0.9477748,0.8644101,0.8042489,0.86971456,0.9668942
1770207456.9585,0.7136140465736389,0.8906086087226868,0.2879181206226349,0.16586876,0.25344416,0.2375534,0.16817418,0.1749595,0.9477748,0.8644101,0.8042489,0.86971456,0.9668942
1770207457.1058,0.7902237176895142,0.9163772463798523,0.2683253586292267,0.2336085,0.28006327,0.17301996,0.12926018,0.18404807,0.92082006,0.81509984,0.95972556,0.9388105,0.94743
1770207457.2142,0.7759053707122803,0.8996200561523438,0.2733917534351349,0.21849392,0.2330648,0.1762149,0.18709122,0.18513522,0.90856725,0.8120128,0.8479981,0.9825708,0.9469512
1770207457.2709,0.7446107864379883,0.8906086087226868,0.283406525850296,0.1875008,0.2429165,0.21264295,0.17885119,0.1780886,0.9477748,0.8644101,0.8042489,0.86971456,0.9668942
1770207457.3671,0.7695434093475342,0.873674213886261,0.3061578869819641,0.18671162,0.22568494,0.20599292,0.19659391,0.18501659,0.94231653,0.9549314,0.6791545,0.82865727,0.9633114
1770207457.5319,0.7786151170730591,0.8996200561523438,0.37254494428634644,0.2317581,0.21928546,0.16586001,0.19253612,0.19056028,0.90856725,0.8120128,0.8479981,0.9825708,0.9469512
1770207457.6272,0.793310821056366,0.9045330882072449,0.38895994424819946,0.23182444,0.20922026,0.174334,0.19615845,0.18846293,0.9045331,0.9045331,0.9045331,0.9045331,0.9045331
1770207457.7467,0.7973611950874329,0.8665052652359009,0.37803423404693604,0.20407854,0.25309402,0.1743451,0.19322878,0.17525353,0.7776525,0.76341844,0.91394436,0.93694925,0.94056153
1770207457.7994,0.8715533018112183,0.9164528846740723,0.36230555176734924,0.1721296,0.23179238,0.20527197,0.22067907,0.17012696,0.9461127,0.9829244,0.8233838,0.86387044,0.965973
1770207457.8916,0.7924920916557312,0.9164528846740723,0.32896992564201355,0.16096674,0.22741999,0.22617339,0.21997201,0.16546789,0.9461127,0.9829244,0.8233838,0.86387044,0.965973
1770207457.9679,0.751066267490387,0.9188335537910461,0.2933364510536194,0.19253159,0.24215546,0.2143062,0.18134236,0.16966441,0.9493912,0.8640001,0.89499414,0.9180024,0.9677798
1770207458.0944,0.7711381912231445,0.8647481799125671,0.2356720119714737,0.20115417,0.2494396,0.21088119,0.17701218,0.1615128,0.7861341,0.8104683,0.90768504,0.8749245,0.9445288
1770207458.2185,0.7792173624038696,0.8665052652359009,0.1830037385225296,0.19374,0.23468274,0.20055583,0.18640126,0.18462016,0.7776525,0.76341844,0.91394436,0.93694925,0.94056153
1770207458.3608,0.79185950756073,0.9095118641853333,0.18157102167606354,0.20003814,0.24536438,0.1859586,0.1904052,0.17823365,0.9168477,0.8293533,0.88933426,0.9656032,0.94642097
1770207458.4498,0.769559383392334,0.907553493976593,0.20823921263217926,0.19106235,0.2526932,0.2382848,0.16548358,0.1524761,0.9350934,0.80693096,0.86188877,0.97214276,0.9617117
1770207458.5781,0.7498701214790344,0.8675792813301086,0.2913553714752197,0.23079513,0.24266745,0.18928443,0.1656777,0.17157535,0.91032535,0.81620234,0.7547262,0.9178181,0.93882436
1770207458.6393,0.7775724530220032,0.9163772463798523,0.3453637957572937,0.25205114,0.2733837,0.15992863,0.12904198,0.1855946,0.92082006,0.81509984,0.95972556,0.9388105,0.94743
1770207458.7591,0.7588655948638916,0.9095118641853333,0.43478745222091675,0.2311375,0.24135496,0.1757661,0.16458929,0.18715225,0.9168477,0.8293533,0.88933426,0.9656032,0.94642097
1770207458.8883,0.7980616092681885,0.907553493976593,0.4431222379207611,0.21767373,0.2787472,0.22112368,0.14361557,0.1388398,0.9350934,0.80693096,0.86188877,0.97214276,0.9617117
1770207458.9322,0.748347282409668,0.8675792813301086,0.4463038146495819,0.22948718,0.24926457,0.18863511,0.16221826,0.17039497,0.91032535,0.81620234,0.7547262,0.9178181,0.93882436
1770207459.0081,0.7946646213531494,0.907553493976593,0.4802378714084625,0.20437679,0.26028812,0.23658709,0.15620379,0.14254418,0.9350934,0.80693096,0.86188877,0.97214276,0.9617117
1770207459.0805,0.7232527732849121,0.9188335537910461,0.5382073521614075,0.20098561,0.24768952,0.20870501,0.17815611,0.16446383,0.9493912,0.8640001,0.89499414,0.9180024,0.9677798
1770207459.1639,0.8060219287872314,0.0,0.6342286467552185,0.18924886,0.27168906,0.24760887,0.1433118,0.14814143,0.0,0.0,0.0,0.0,0.0
1770207459.2691,0.7367508411407471,0.9164528846740723,0.6940973401069641,0.1893051,0.23768726,0.24175134,0.17171817,0.15953812,0.9461127,0.9829244,0.8233838,0.86387044,0.965973
1770207459.4058,0.7017084360122681,0.9188335537910461,0.6865758299827576,0.16116592,0.22447273,0.27745295,0.18101753,0.15589085,0.9493912,0.8640001,0.89499414,0.9180024,0.9677798
1770207459.4903,0.7371317148208618,0.8665052652359009,0.678558349609375,0.17399219,0.21356845,0.24964048,0.19457932,0.16821955,0.7776525,0.76341844,0.91394436,0.93694925,0.94056153
1770207459.6284,0.7370002269744873,0.8647481799125671,0.6909958720207214,0.1841084,0.22734714,0.23989588,0.1872264,0.16142221,0.7861341,0.8104683,0.90768504,0.8749245,0.9445288
1770207459.6868,0.6971521973609924,0.9163772463798523,0.6728575229644775,0.20901853,0.24118449,0.20409368,0.17459594,0.1711074,0.92082006,0.81509984,0.95972556,0.9388105,0.94743
1770207459.7799,0.7485401630401611,0.8911895155906677,0.6330546736717224,0.21468502,0.2081888,0.20809396,0.2033278,0.16570447,0.8499008,0.81361884,0.88869685,0.962881,0.9408498
1770207459.8398,0.7147865891456604,0.8675792813301086,0.6050636172294617,0.22766808,0.20729113,0.18947054,0.19158204,0.18398824,0.91032535,0.81620234,0.7547262,0.9178181,0.93882436
1770207459.9450,0.7891290187835693,0.8982316851615906,0.5548815727233887,0.25092012,0.20090613,0.16634785,0.19762015,0.18420577,0.925616,0.771016,0.91413295,0.93042606,0.9499678
1770207460.0091,0.7757378816604614,0.8665052652359009,0.5408418774604797,0.235887,0.20815489,0.16254957,0.20130879,0.1920998,0.7776525,0.76341844,0.91394436,0.93694925,0.94056153
1770207460.1548,0.7447301745414734,0.9045330882072449,0.5577317476272583,0.24302228,0.22392167,0.17897409,0.17159908,0.18248288,0.9045331,0.9045331,0.9045331,0.9045331,0.9045331
1770207460.2873,0.7489256858825684,0.8770637512207031,0.5081911087036133,0.20416014,0.23761398,0.20048214,0.18028672,0.17745696,0.8606421,0.79680777,0.8682141,0.9193622,0.94029284
1770207460.4559,0.769961416721344,0.9163772463798523,0.520140528678894,0.25686088,0.2212548,0.1445319,0.18365307,0.19369934,0.92082006,0.81509984,0.95972556,0.9388105,0.94743
1770207460.5837,0.7389621734619141,0.8906086087226868,0.588737428188324,0.22152346,0.20849815,0.17981602,0.19533996,0.19482249,0.9477748,0.8644101,0.8042489,0.86971456,0.9668942
1770207460.7138,0.7782735228538513,0.89886075258255,0.8381189703941345,0.21675059,0.21357384,0.16957293,0.19574866,0.20435397,0.87399006,0.8342212,0.83702105,0.9860334,0.963038
1770207460.8144,0.7409612536430359,0.8906086087226868,1.0,0.16720428,0.24111162,0.2157952,0.2025286,0.17336033,0.9477748,0.8644101,0.8042489,0.86971456,0.9668942
1770207460.9491,0.8335241079330444,0.8911895155906677,1.0,0.21806273,0.21286078,0.16948822,0.20279483,0.19679344,0.8499008,0.81361884,0.88869685,0.962881,0.9408498
1770207461.0392,0.8209758400917053,0.8772267699241638,1.0,0.16005158,0.25834537,0.2097959,0.19118418,0.1806229,0.79807484,0.80420244,0.882176,0.9539861,0.9476943
1770207461.1548,0.8081927299499512,0.9164528846740723,0.7996234893798828,0.1821278,0.21759874,0.18847716,0.22480693,0.18698941,0.9461127,0.9829244,0.8233838,0.86387044,0.965973
1770207461.2018,0.8271257877349854,0.9164528846740723,0.6710023880004883,0.1858988,0.21598409,0.17398252,0.23157515,0.19255942,0.9461127,0.9829244,0.8233838,0.86387044,0.965973
1770207461.3297,0.7825926542282104,0.870574951171875,0.5504376888275146,0.17321762,0.23576148,0.24491534,0.17786163,0.16824394,0.90222275,0.85583335,0.6781192,0.9839181,0.93278146
1770207461.4850,0.7791339159011841,0.870574951171875,0.8007073998451233,0.14750572,0.2534771,0.25220856,0.1781559,0.16865271,0.90222275,0.85583335,0.6781192,0.9839181,0.93278146
1770207461.5459,0.776561975479126,0.8911895155906677,0.8937993049621582,0.17165765,0.24009885,0.23116949,0.18868129,0.16839278,0.8499008,0.81361884,0.88869685,0.962881,0.9408498
1770207461.7052,0.761924147605896,0.9188335537910461,0.764959990978241,0.17039001,0.25801098,0.22367376,0.18493699,0.16298826,0.9493912,0.8640001,0.89499414,0.9180024,0.9677798
1770207461.8546,0.7850098609924316,0.9163772463798523,0.523937463760376,0.19706078,0.26442236,0.21364947,0.16220982,0.16265757,0.92082006,0.81509984,0.95972556,0.9388105,0.94743
1770207461.9413,0.7810145616531372,0.9163772463798523,0.5128486156463623,0.17192213,0.2541611,0.23879316,0.17559801,0.15952559,0.92082006,0.81509984,0.95972556,0.9388105,0.94743
1770207462.0737,0.8100355863571167,0.9164528846740723,0.5852231383323669,0.16197222,0.2531036,0.2314685,0.21039605,0.1430596,0.9461127,0.9829244,0.8233838,0.86387044,0.965973
1770207462.2052,0.756976842880249,0.8841974139213562,0.5598794221878052,0.20366968,0.2549515,0.19754577,0.1780607,0.16577238,0.8482122,0.8154934,0.8397461,0.97653824,0.9409974
1770207462.3087,0.7708228826522827,0.8973565101623535,0.4551474452018738,0.173045,0.2699061,0.2577436,0.15462609,0.14467923,0.9088806,0.86519456,0.82690614,0.94849783,0.9373034
1770207462.4470,0.7372658252716064,0.8996200561523438,0.3694037199020386,0.20053476,0.2572842,0.20537928,0.16666977,0.17013203,0.90856725,0.8120128,0.8479981,0.9825708,0.9469512
1770207462.5609,0.7580326199531555,0.8973565101623535,0.43845587968826294,0.19767947,0.2732302,0.21549235,0.14884518,0.16475277,0.9088806,0.86519456,0.82690614,0.94849783,0.9373034
1770207462.6766,0.7573182582855225,0.8714920282363892,0.5983682870864868,0.20078687,0.26271957,0.24257974,0.14384627,0.15006758,0.90268236,0.8568985,0.8241946,0.8392344,0.9344498
1770207462.7718,0.7432569265365601,0.9164528846740723,0.7351204752922058,0.18680318,0.23478487,0.22788362,0.18622084,0.16430745,0.9461127,0.9829244,0.8233838,0.86387044,0.965973
1770207462.9135,0.7846155166625977,0.9164528846740723,0.8470631241798401,0.19878893,0.23532002,0.20673904,0.20461102,0.15454096,0.9461127,0.9829244,0.8233838,0.86387044,0.965973
1770207463.1240,0.7475586533546448,0.8906086087226868,0.8789523839950562,0.20303634,0.21896476,0.2024792,0.20657885,0.16894086,0.9477748,0.8644101,0.8042489,0.86971456,0.9668942
1770208850.3918,0.3970474600791931,0.8877765536308289,1.0,0.07545176,0.04979135,0.43603587,0.31107983,0.12764116,0.88777655,0.88777655,0.88777655,0.88777655,0.88777655
1770208850.4666,0.4839301109313965,0.8877765536308289,1.0,0.10190394,0.12028675,0.3424834,0.3548655,0.080460414,0.88777655,0.88777655,0.88777655,0.88777655,0.88777655
1770208850.5717,0.5168241262435913,0.8877765536308289,1.0,0.11548113,0.20580941,0.2592645,0.2914069,0.12803806,0.91714036,0.9369226,0.7987999,0.84159446,0.94442576
1770208850.6986,0.5505069494247437,0.8877765536308289,0.5877822041511536,0.1267705,0.21352999,0.20608002,0.3472107,0.106408834,0.91714036,0.9369226,0.7987999,0.84159446,0.94442576
1770208850.8386,0.5672028064727783,0.8877765536308289,0.30819228291511536,0.14554088,0.19892769,0.16511653,0.38111883,0.109296024,0.91714036,0.9369226,0.7987999,0.84159446,0.94442576
1770208850.9724,0.5683643817901611,0.8877765536308289,0.1967685967683792,0.16996804,0.18896824,0.11103011,0.42068395,0.10934965,0.91714036,0.9369226,0.7987999,0.84159446,0.94442576
1770208851.0816,0.6044428944587708,0.9251382946968079,0.1605556607246399,0.29339412,0.21444958,0.12222951,0.22607222,0.14385457,0.9251383,0.9251383,0.9251383,0.9251383,0.9251383
1770208851.1928,0.6003109216690063,0.9251382946968079,0.1540612131357193,0.24928872,0.19201219,0.07119492,0.36081696,0.12668723,0.9251383,0.9251383,0.9251383,0.9251383,0.9251383
1770208851.2652,0.6267854571342468,0.9251382946968079,0.16490580141544342,0.35900518,0.15656753,0.1267414,0.20963782,0.14804806,0.9251383,0.9251383,0.9251383,0.9251383,0.9251383
1770208851.3542,0.6325005292892456,0.9251382946968079,0.22136270999908447,0.26160577,0.15827915,0.13383406,0.26161474,0.18466625,0.9251383,0.9251383,0.9251383,0.9251383,0.9251383
1770208851.4136,0.6348822116851807,0.8847389221191406,0.2673746347427368,0.22681308,0.13968669,0.16444682,0.22156362,0.24748982,0.9229066,0.95091933,0.7358483,0.86524665,0.9487737
1770208851.4768,0.6085702776908875,0.9251382946968079,0.3279357850551605,0.16264804,0.1059079,0.11505705,0.42079082,0.19559619,0.9251383,0.9251383,0.9251383,0.9251383,0.9251383
1770208851.5830,0.5909407138824463,0.8847389221191406,0.40047919750213623,0.13027273,0.080137186,0.08844495,0.56041694,0.14072825,0.9229066,0.95091933,0.7358483,0.86524665,0.9487737
1770208851.7103,0.6314252018928528,0.9251382946968079,0.3907415270805359,0.15982153,0.09478768,0.13484627,0.45084393,0.15970056,0.9251383,0.9251383,0.9251383,0.9251383,0.9251383
1770208851.7952,0.6766746044158936,0.8847389221191406,0.3242119550704956,0.16099772,0.10263392,0.21841434,0.3081859,0.20976812,0.9229066,0.95091933,0.7358483,0.86524665,0.9487737
1770208851.8366,0.6956181526184082,0.9251382946968079,0.29123952984809875,0.16602069,0.09758502,0.20217252,0.35843092,0.1757909,0.948602,0.97922623,0.86711466,0.8630599,0.9676885
1770208852.0390,0.7185866236686707,0.9251382946968079,0.24496060609817505,0.18521719,0.09655938,0.23326093,0.31183898,0.17312348,0.948602,0.97922623,0.86711466,0.8630599,0.9676885
1770208852.1168,0.7209012508392334,0.9251382946968079,0.29658591747283936,0.14475247,0.10143168,0.32277018,0.19854379,0.23250188,0.948602,0.97922623,0.86711466,0.8630599,0.9676885
1770208852.1911,0.7387818694114685,0.9251382946968079,0.328055202960968,0.06849066,0.06627995,0.25263524,0.430774,0.18182017,0.948602,0.97922623,0.86711466,0.8630599,0.9676885
1770208852.3694,0.7409622669219971,0.8819208145141602,0.4172494411468506,0.12310821,0.08120157,0.28247428,0.26280576,0.25041017,0.8819208,0.8819208,0.8819208,0.8819208,0.8819208
1770208852.4654,0.764850378036499,0.8819208145141602,0.42126357555389404,0.18403459,0.11604721,0.26907873,0.28781858,0.14302084,0.94231653,0.9530776,0.7222412,0.82865727,0.9633114
1770208852.5652,0.7760539054870605,0.8819208145141602,0.379255086183548,0.17629501,0.101736836,0.25855976,0.26579824,0.19761015,0.94231653,0.9530776,0.7222412,0.82865727,0.9633114
1770208852.6730,0.7940196990966797,0.8819208145141602,0.2667292356491089,0.2189289,0.103488386,0.21201383,0.2734884,0.19208056,0.94231653,0.9530776,0.7222412,0.82865727,0.9633114
1770208852.7790,0.7884534597396851,0.8819208145141602,0.1836855262517929,0.20926142,0.1311084,0.23653466,0.26346484,0.15963072,0.94231653,0.9530776,0.7222412,0.82865727,0.9633114
1770208852.8553,0.7853535413742065,0.8819208145141602,0.1580808311700821,0.22419298,0.1554641,0.25219217,0.15468468,0.21346605,0.94231653,0.9530776,0.7222412,0.82865727,0.9633114
1770208852.9154,0.7972731590270996,0.8819208145141602,0.16395696997642517,0.22758865,0.1696994,0.2303331,0.21342003,0.15895878,0.94231653,0.9530776,0.7222412,0.82865727,0.9633114
1770208852.9542,0.7940633296966553,0.9012672305107117,0.17899169027805328,0.16577688,0.14071007,0.23534532,0.28497258,0.17319514,0.9279179,0.9549314,0.7855563,0.88518816,0.9527426
1770208853.1203,0.8092360496520996,0.9012672305107117,0.28789442777633667,0.07451492,0.111954965,0.2695237,0.36663514,0.1773713,0.9279179,0.9549314,0.7855563,0.88518816,0.9527426
1770208853.2057,0.810168981552124,0.9028508067131042,0.3739270567893982,0.18135415,0.17731425,0.246324,0.2076089,0.1873987,0.9028508,0.9028508,0.9028508,0.9028508,0.9028508
1770208853.3126,0.7976115942001343,0.9012672305107117,0.4335263967514038,0.1708237,0.22589603,0.2689326,0.2174454,0.11690222,0.9279179,0.9549314,0.7855563,0.88518816,0.9527426
1770208853.3945,0.8010995388031006,0.9012672305107117,0.452951580286026,0.09291527,0.19614415,0.2827882,0.30706945,0.12108292,0.9279179,0.9549314,0.7855563,0.88518816,0.9527426
1770208853.5242,0.7909554243087769,0.9012672305107117,0.4484618008136749,0.14225592,0.21140079,0.26210278,0.25506875,0.1291718,0.9279179,0.9549314,0.7855563,0.88518816,0.9527426
1770208853.6494,0.7444212436676025,0.9028507471084595,0.46339738368988037,0.11992711,0.2235011,0.34353963,0.18912075,0.12391138,0.94258016,0.94864607,0.7521395,0.9078739,0.96301377
1770208853.7622,0.7825268507003784,0.9028507471084595,0.4812810719013214,0.10494378,0.2299919,0.28806895,0.25949872,0.11749664,0.94258016,0.94864607,0.7521395,0.9078739,0.96301377
1770208853.8629,0.7153934836387634,0.9028507471084595,0.4528740644454956,0.06185729,0.16859004,0.4071005,0.20678787,0.1556643,0.94258016,0.94864607,0.7521395,0.9078739,0.96301377
1770208853.9012,0.8279819488525391,0.8619553446769714,0.44063273072242737,0.0956985,0.14381692,0.23624463,0.29180884,0.23243102,0.9310422,0.90385854,0.6787414,0.84152526,0.9546093
1770208853.9862,0.828457236289978,0.8619553446769714,0.4029659032821655,0.21295267,0.1805728,0.20266914,0.24884595,0.15495948,0.9310422,0.90385854,0.6787414,0.84152526,0.9546093
1770208854.1430,0.8620705604553223,0.8619553446769714,0.3277256190776825,0.20664172,0.16231622,0.14634536,0.29678023,0.18791649,0.9310422,0.90385854,0.6787414,0.84152526,0.9546093
1770208854.2494,0.8043860197067261,0.8619553446769714,0.24704264104366302,0.19461611,0.19625963,0.2427574,0.20418467,0.1621822,0.9310422,0.90385854,0.6787414,0.84152526,0.9546093
1770208854.3275,0.841272234916687,0.8619553446769714,0.21645161509513855,0.21309,0.19235815,0.22047949,0.2198724,0.15419991,0.9310422,0.90385854,0.6787414,0.84152526,0.9546093
1770208854.3844,0.7848268747329712,0.8619553446769714,0.21406126022338867,0.14526694,0.17038734,0.31757098,0.22711772,0.13965702,0.9310422,0.90385854,0.6787414,0.84152526,0.9546093
1770208854.4635,0.7699087858200073,0.8554415106773376,0.23457950353622437,0.14098826,0.18595694,0.3751277,0.1688002,0.12912686,0.9296862,0.9050958,0.67280173,0.8154161,0.9542075
1770208854.6172,0.7740767002105713,0.8619553446769714,0.3049848675727844,0.099338375,0.13858761,0.3624242,0.2212524,0.17839736,0.9310422,0.90385854,0.6787414,0.84152526,0.9546093
1770208854.7623,0.7736365795135498,0.8554415106773376,0.3327510952949524,0.1267077,0.15711439,0.35848558,0.20014341,0.15754887,0.9296862,0.9050958,0.67280173,0.8154161,0.9542075
1770208854.8778,0.7078877687454224,0.8554415106773376,0.30975502729415894,0.1238928,0.20179148,0.42845064,0.12767743,0.118187554,0.9296862,0.9050958,0.67280173,0.8154161,0.9542075
1770208854.9835,0.7493090629577637,0.8554415106773376,0.2732316553592682,0.2115039,0.20404737,0.2847815,0.16618794,0.13347931,0.9296862,0.9050958,0.67280173,0.8154161,0.9542075
1770208855.0586,0.8028678297996521,0.8980116248130798,0.24677886068820953,0.20088904,0.15249814,0.29820943,0.15581755,0.19258584,0.9393834,0.8707124,0.8312435,0.88804585,0.960673
1770208855.1820,0.7951430678367615,0.8980116248130798,0.25296133756637573,0.23677273,0.1815286,0.23034403,0.16232203,0.18903254,0.9393834,0.8707124,0.8312435,0.88804585,0.960673
1770208855.2439,0.819552481174469,0.8922467231750488,0.25645196437835693,0.29994422,0.19004835,0.22193804,0.13618758,0.1518818,0.8922467,0.8922467,0.8922467,0.8922467,0.8922467
1770208855.3226,0.8172180652618408,0.8554415106773376,0.266478955745697,0.1675606,0.13365088,0.27215728,0.21842007,0.2082112,0.9296862,0.9050958,0.67280173,0.8154161,0.9542075
1770208855.4167,0.8315091133117676,0.8980116248130798,0.2633025348186493,0.28946626,0.15735072,0.19085175,0.19836731,0.16396399,0.9393834,0.8707124,0.8312435,0.88804585,0.960673
1770208855.5075,0.8070541620254517,0.8554415106773376,0.24806223809719086,0.17338258,0.22229345,0.270084,0.17402296,0.160217,0.9296862,0.9050958,0.67280173,0.8154161,0.9542075
1770208855.5982,0.8311081528663635,0.8922467231750488,0.23626990616321564,0.34415054,0.17017514,0.13658756,0.17873996,0.1703468,0.9388191,0.8625907,0.81281865,0.8867326,0.96027255
1770208855.6847,0.8493331074714661,0.8922467231750488,0.22344231605529785,0.2861792,0.18319955,0.21892816,0.17613783,0.13555527,0.8922467,0.8922467,0.8922467,0.8922467,0.8922467
1770208855.8598,0.8411314487457275,0.8922467231750488,0.24463987350463867,0.2591824,0.16988802,0.14278623,0.24595664,0.18218671,0.9388191,0.8625907,0.81281865,0.8867326,0.96027255
1770208855.9532,0.7702574729919434,0.9156694412231445,0.25337061285972595,0.1313671,0.23983388,0.29315102,0.19141875,0.14422922,0.93819165,0.8713848,0.89436567,0.9155842,0.95882076
1770208856.0195,0.7987526655197144,0.8922467231750488,0.26014378666877747,0.11436891,0.21834563,0.35070643,0.19068696,0.12589206,0.9388191,0.8625907,0.81281865,0.8867326,0.96027255
1770208856.1342,0.7991151809692383,0.8980116248130798,0.2740764319896698,0.1384469,0.21501996,0.3383434,0.18506706,0.12312265,0.9393834,0.8707124,0.8312435,0.88804585,0.960673
1770208856.2121,0.801821768283844,0.9156694412231445,0.2759212851524353,0.1440273,0.2037272,0.26670632,0.2400075,0.14553171,0.93819165,0.8713848,0.89436567,0.9155842,0.95882076
1770208856.3309,0.7759382724761963,0.8980116248130798,0.2516731321811676,0.09762626,0.22761303,0.3388383,0.18347922,0.15244319,0.9393834,0.8707124,0.8312435,0.88804585,0.960673
1770208856.4294,0.7880903482437134,0.9384226202964783,0.21136890351772308,0.14714359,0.2546965,0.2857912,0.17186227,0.14050648,0.9419853,0.8759388,0.9271297,0.9850573,0.96200174
1770208856.5595,0.768052339553833,0.9384226202964783,0.17106513679027557,0.11113911,0.24378347,0.2540175,0.22649358,0.16456628,0.9419853,0.8759388,0.9271297,0.9850573,0.96200174
1770208856.6211,0.8039482831954956,0.9156694412231445,0.15041935443878174,0.12461543,0.22026177,0.23795736,0.22046895,0.19669645,0.93819165,0.8713848,0.89436567,0.9155842,0.95882076
1770208856.7159,0.8079941272735596,0.9384226202964783,0.13860738277435303,0.16236144,0.2308573,0.1916275,0.2173484,0.19780533,0.9419853,0.8759388,0.9271297,0.9850573,0.96200174
1770208856.7760,0.8195134401321411,0.8963400721549988,0.12492924183607101,0.18075477,0.23876035,0.1875261,0.18874896,0.20420983,0.8963401,0.8963401,0.8963401,0.8963401,0.8963401
1770208856.9188,0.7956780195236206,0.9479557871818542,0.10158029198646545,0.18762238,0.23173144,0.15369509,0.23012927,0.19682184,0.9479558,0.9479558,0.9479558,0.9479558,0.9479558
1770208856.9730,0.8325377702713013,0.9156694412231445,0.09501158446073532,0.17550504,0.20020953,0.19440596,0.22483705,0.20504244,0.93819165,0.8713848,0.89436567,0.9155842,0.95882076
1770208857.1349,0.8176971077919006,0.9479557275772095,0.12401419878005981,0.21931125,0.2417132,0.16420336,0.18289247,0.19187982,0.9355527,0.8993542,0.9523614,0.9952897,0.95722044
1770208857.1785,0.8210783004760742,0.9156694412231445,0.14835569262504578,0.17821866,0.18066175,0.17899536,0.2626511,0.19947308,0.93819165,0.8713848,0.89436567,0.9155842,0.95882076
1770208857.3192,0.7879163026809692,0.9384226202964783,0.2116418182849884,0.16629566,0.27471852,0.16467743,0.2273748,0.16693363,0.9419853,0.8759388,0.9271297,0.9850573,0.96200174
1770208857.3823,0.8171712160110474,0.9479557275772095,0.23664185404777527,0.19803229,0.2597138,0.21959935,0.1712685,0.15138605,0.9355527,0.8993542,0.9523614,0.9952897,0.95722044
1770208857.5120,0.813906192779541,0.9367794990539551,0.24710334837436676,0.1863206,0.2638786,0.25454658,0.13950658,0.15574764,0.9439588,0.86860675,0.931117,0.9756467,0.96456814
1770208857.5610,0.7944878339767456,0.8980116248130798,0.247776597738266,0.12382115,0.258924,0.30721956,0.16016608,0.14986922,0.9393834,0.8707124,0.8312435,0.88804585,0.960673
1770208857.7615,0.7558854818344116,0.8916557431221008,0.2811775207519531,0.17106105,0.2151242,0.18737917,0.22197205,0.20446353,0.8916557,0.8916557,0.8916557,0.8916557,0.8916557
1770208857.8233,0.8543961644172668,0.9367794990539551,0.3146383762359619,0.19880894,0.19793387,0.25551745,0.1948209,0.15291885,0.9439588,0.86860675,0.931117,0.9756467,0.96456814
1770208857.9362,0.8460425734519958,0.9479557275772095,0.37482133507728577,0.21866144,0.22080497,0.15732516,0.20241027,0.20079815,0.9355527,0.8993542,0.9523614,0.9952897,0.95722044
1770208858.0099,0.7595301866531372,0.8619553446769714,0.424373060464859,0.12666245,0.23815745,0.2837298,0.17912559,0.17232476,0.9310422,0.90385854,0.6787414,0.84152526,0.9546093
1770208858.1382,0.7814886569976807,0.8554415106773376,0.467096745967865,0.19714342,0.2126354,0.19108038,0.21719632,0.18194441,0.9296862,0.9050958,0.67280173,0.8154161,0.9542075
1770208858.1918,0.7673549652099609,0.8619553446769714,0.46443846821784973,0.1776455,0.21032667,0.21025294,0.22837435,0.1734006,0.9310422,0.90385854,0.6787414,0.84152526,0.9546093
1770208858.3056,0.78839111328125,0.8916556239128113,0.4291383922100067,0.14204165,0.23680931,0.2889722,0.17623584,0.155941,0.8835399,0.7881219,0.8956179,0.93308896,0.95790964
1770208858.3678,0.8433116674423218,0.9367794990539551,0.4091169238090515,0.25345907,0.22234875,0.21462022,0.16030636,0.14926562,0.9439588,0.86860675,0.931117,0.9756467,0.96456814
1770208858.5330,0.7583043575286865,0.8554415106773376,0.36291855573654175,0.08825574,0.27574325,0.3192273,0.18127589,0.13549784,0.9296862,0.9050958,0.67280173,0.8154161,0.9542075
1770208858.5774,0.8178722858428955,0.8980116248130798,0.35018929839134216,0.18737458,0.2414009,0.28515944,0.14512745,0.1409376,0.9393834,0.8707124,0.8312435,0.88804585,0.960673
1770208858.7501,0.7638968229293823,0.8619553446769714,0.25370892882347107,0.18412071,0.23298632,0.2431979,0.17418735,0.1655077,0.9310422,0.90385854,0.6787414,0.84152526,0.9546093
1770208858.8075,0.7991148233413696,0.8619553446769714,0.2371564358472824,0.118857205,0.23682323,0.32261506,0.16101906,0.16068542,0.9310422,0.90385854,0.6787414,0.84152526,0.9546093
1770208858.9405,0.8265252113342285,0.8980116248130798,0.27897536754608154,0.18763806,0.2552215,0.2621517,0.15263392,0.14235485,0.9393834,0.8707124,0.8312435,0.88804585,0.960673
1770208858.9964,0.8060534000396729,0.9156694412231445,0.31869667768478394,0.15495227,0.22879907,0.25340596,0.18051518,0.18232751,0.93819165,0.8713848,0.89436567,0.9155842,0.95882076
1770208859.1236,0.845818042755127,0.9156694412231445,0.3988755941390991,0.20088074,0.1926045,0.20858681,0.20688425,0.19104372,0.93819165,0.8713848,0.89436567,0.9155842,0.95882076
1770208859.1820,0.7889782786369324,0.9282124638557434,0.44475942850112915,0.20092715,0.23845942,0.24751173,0.14759244,0.16550925,0.9059517,0.85836124,0.97300005,0.9447335,0.9590158
1770208859.3129,0.7764217257499695,0.9384226202964783,0.6580294370651245,0.19258417,0.21979485,0.2173889,0.1957188,0.1745132,0.9419853,0.8759388,0.9271297,0.9850573,0.96200174
1770208859.3772,0.8235196471214294,0.8916556239128113,0.8573532700538635,0.22649693,0.24149492,0.22438186,0.15519068,0.15243553,0.8835399,0.7881219,0.8956179,0.93308896,0.95790964
1770208859.5173,0.7748797535896301,0.8958986401557922,1.0,0.17449541,0.22315632,0.19507386,0.24088666,0.16638774,0.8447478,0.82807446,0.8456989,0.99759126,0.96338105
1770208859.5696,0.7823500633239746,0.8628325462341309,1.0,0.2223501,0.20159538,0.15081763,0.20959248,0.21564437,0.81712365,0.81792337,0.76818395,0.9484244,0.9625075
1770208859.7267,0.8067502975463867,0.8619553446769714,1.0,0.14898072,0.22373967,0.22555217,0.20714834,0.19457908,0.9310422,0.90385854,0.6787414,0.84152526,0.9546093
1770208859.7762,0.7623311281204224,0.8980116248130798,0.8547055125236511,0.19718157,0.21649866,0.19843845,0.22182488,0.16605647,0.9393834,0.8707124,0.8312435,0.88804585,0.960673
1770208859.9090,0.7898451685905457,0.8797399401664734,0.41630759835243225,0.21216018,0.20767783,0.17380676,0.23298764,0.17336759,0.87973994,0.87973994,0.87973994,0.87973994,0.87973994
1770208859.9667,0.7362706065177917,0.8821310997009277,0.3398370146751404,0.20051654,0.2375497,0.19692974,0.19867837,0.16632564,0.8491656,0.81996775,0.7808662,0.9950866,0.9655694
1770208860.1288,0.8149834871292114,0.9367794990539551,0.34999117255210876,0.25531703,0.21616912,0.18928808,0.17682385,0.16240187,0.9439588,0.86860675,0.931117,0.9756467,0.96456814
1770208860.1805,0.8278747797012329,0.8554415106773376,0.38420456647872925,0.21803315,0.21245787,0.23090704,0.18913664,0.14946532,0.9296862,0.9050958,0.67280173,0.8154161,0.9542075
1770208860.2980,0.8216364979743958,0.9384226202964783,0.5148198008537292,0.23016962,0.21048269,0.2302454,0.1513554,0.17774689,0.9419853,0.8759388,0.9271297,0.9850573,0.96200174
1770208860.3757,0.7873453497886658,0.8797398805618286,0.5731104612350464,0.17863324,0.23653229,0.17883115,0.23607627,0.16992705,0.8573418,0.8024619,0.79577786,0.9775824,0.96553534
1770208860.6403,0.7740252614021301,0.9063682556152344,0.44940441846847534,0.18796027,0.25830573,0.23276038,0.159641,0.1613326,0.8862884,0.8215829,0.91855085,0.9503946,0.95502496
1770208861.0804,0.7737036347389221,0.9384226202964783,0.40126898884773254,0.20482887,0.20148928,0.2256052,0.18703851,0.18103816,0.9419853,0.8759388,0.9271297,0.9850573,0.96200174
1770208861.1641,0.837885856628418,0.9384226202964783,0.40329426527023315,0.25310665,0.20961353,0.2073516,0.1589349,0.17099337,0.9419853,0.8759388,0.9271297,0.9850573,0.96200174
1770208861.2925,0.7557059526443481,0.8619553446769714,0.4199652671813965,0.14645101,0.21492136,0.3178556,0.15251285,0.1682592,0.9310422,0.90385854,0.6787414,0.84152526,0.9546093
1770208861.3745,0.8082724809646606,0.8554415106773376,0.42476603388786316,0.18227561,0.17848326,0.27378175,0.17758368,0.18787576,0.9296862,0.9050958,0.67280173,0.8154161,0.9542075
1770208861.4768,0.8091924786567688,0.8898297548294067,0.4178696870803833,0.21270166,0.24233337,0.19667435,0.18644951,0.16184114,0.8461854,0.84662503,0.8376735,0.9749878,0.94367677
1770208861.6074,0.795547604560852,0.8628325462341309,0.44258400797843933,0.22343245,0.22532044,0.2210105,0.15358953,0.17664705,0.81712365,0.81792337,0.76818395,0.9484244,0.9625075
1770208861.7047,0.7946265339851379,0.8756930232048035,0.5158953070640564,0.18167335,0.20668733,0.299596,0.1652012,0.1468421,0.8158346,0.8129631,0.83529645,0.963299,0.9510722
1770208861.8244,0.8121066093444824,0.9384226202964783,0.6637388467788696,0.19691002,0.21630785,0.19486293,0.20968613,0.18223308,0.9419853,0.8759388,0.9271297,0.9850573,0.96200174
1770208861.9282,0.8183393478393555,0.9384226202964783,0.7617908120155334,0.1731717,0.19877185,0.2339685,0.22962931,0.16445865,0.9419853,0.8759388,0.9271297,0.9850573,0.96200174
1770208861.9973,0.7804396748542786,0.9063682556152344,0.8111407160758972,0.1952193,0.23965548,0.23619524,0.20096059,0.12796937,0.8862884,0.8215829,0.91855085,0.9503946,0.95502496
1770208862.0837,0.7750263214111328,0.8922467231750488,0.8230680823326111,0.1749301,0.24039823,0.2459437,0.17539184,0.16333622,0.9388191,0.8625907,0.81281865,0.8867326,0.96027255
1770208862.1926,0.7981571555137634,0.8554415106773376,0.7500317692756653,0.15751557,0.21359333,0.28258255,0.20982766,0.13648087,0.9296862,0.9050958,0.67280173,0.8154161,0.9542075
1770208862.3133,0.7625182867050171,0.8980116248130798,0.5880454182624817,0.19362193,0.23190181,0.24379265,0.1713249,0.15935867,0.9393834,0.8707124,0.8312435,0.88804585,0.960673
1770208862.3733,0.7623459696769714,0.8898297548294067,0.5265679955482483,0.20401803,0.25074628,0.22372146,0.18388386,0.13763037,0.8461854,0.84662503,0.8376735,0.9749878,0.94367677
1770208862.4939,0.7489937543869019,0.8628325462341309,0.5139533877372742,0.23032151,0.2319629,0.19805941,0.17231652,0.16733964,0.81712365,0.81792337,0.76818395,0.9484244,0.9625075
1770208862.6193,0.8162249326705933,0.9367794990539551,0.5900381207466125,0.23756042,0.20716824,0.22205593,0.15781204,0.17540336,0.9439588,0.86860675,0.931117,0.9756467,0.96456814
1770208862.7530,0.7623370885848999,0.8980116248130798,0.6715643405914307,0.20198965,0.25734416,0.2065612,0.15857908,0.17552587,0.9393834,0.8707124,0.8312435,0.88804585,0.960673
1770208862.8793,0.8244540691375732,0.8877986073493958,0.6850556135177612,0.21692023,0.26168588,0.18509248,0.16503176,0.17126964,0.85457784,0.81439316,0.83344376,0.9924601,0.9441182
1770208862.9588,0.8143817186355591,0.8868177533149719,0.6960600018501282,0.21273099,0.23329316,0.1898195,0.20577118,0.15838517,0.922694,0.8189847,0.8248204,0.9191355,0.9484541
1770208863.0858,0.8108891248703003,0.9156694412231445,0.8181527853012085,0.20439366,0.2305032,0.19771808,0.17408174,0.19330332,0.93819165,0.8713848,0.89436567,0.9155842,0.95882076
1770208863.1639,0.7506966590881348,0.8922467231750488,0.9188466668128967,0.20722352,0.22408314,0.2118813,0.15624574,0.2005663,0.9388191,0.8625907,0.81281865,0.8867326,0.96027255
1770208863.3018,0.7910346984863281,0.8877986073493958,0.9188466668128967,0.24434753,0.26772365,0.17707685,0.15014845,0.16070351,0.85457784,0.81439316,0.83344376,0.9924601,0.9441182
1770208863.4182,0.7374022006988525,0.8936969637870789,0.9188466668128967,0.21747985,0.22280121,0.2217718,0.16156109,0.17638603,0.9107905,0.822189,0.86635923,0.9303157,0.9388308
1770208863.5005,0.803851842880249,0.8868177533149719,0.9973036050796509,0.22887349,0.211622,0.1860966,0.19566035,0.17774756,0.922694,0.8189847,0.8248204,0.9191355,0.9484541
1770208863.6165,0.7911100387573242,0.8877986073493958,0.9680995345115662,0.22459835,0.25059974,0.2085185,0.15475293,0.16153048,0.85457784,0.81439316,0.83344376,0.9924601,0.9441182
1770208863.7053,0.7390634417533875,0.8898297548294067,0.83524090051651,0.18142995,0.22234632,0.2569654,0.16562197,0.17363638,0.8461854,0.84662503,0.8376735,0.9749878,0.94367677
1770208863.8517,0.7725139856338501,0.8877986073493958,0.5744117498397827,0.19113806,0.22928838,0.2276855,0.1671896,0.18469842,0.85457784,0.81439316,0.83344376,0.9924601,0.9441182
1770208863.9688,0.8460098505020142,0.8980116248130798,0.3839840292930603,0.19398403,0.23710008,0.2378629,0.15591428,0.17513864,0.9393834,0.8707124,0.8312435,0.88804585,0.960673
1770208864.0714,0.7771075963973999,0.852630615234375,0.26881009340286255,0.16694209,0.24013121,0.24818234,0.19156328,0.15318106,0.8526306,0.8526306,0.8526306,0.8526306,0.8526306
1770208864.1633,0.8496233820915222,0.9384226202964783,0.20149853825569153,0.20496535,0.21421766,0.16240688,0.20790905,0.21050103,0.9419853,0.8759388,0.9271297,0.9850573,0.96200174
1770208864.2867,0.8330609202384949,0.8980116248130798,0.19253887236118317,0.19101235,0.23274764,0.26878288,0.15477936,0.1526777,0.9393834,0.8707124,0.8312435,0.88804585,0.960673
1770208864.4006,0.8011364936828613,0.8939390182495117,0.25045081973075867,0.21658207,0.22202697,0.21255168,0.170875,0.17796423,0.91756374,0.833921,0.7820594,0.99068904,0.9454619
1770208864.5940,0.8115293979644775,0.8965644240379333,0.4281264543533325,0.20323156,0.24099451,0.24493605,0.14706363,0.16377424,0.9039639,0.8329922,0.8941027,0.9170746,0.93468845
1770208864.7925,0.799342691898346,0.8821310997009277,0.6436787247657776,0.1906906,0.23464388,0.25094616,0.16308531,0.16063406,0.8491656,0.81996775,0.7808662,0.9950866,0.9655694
1770208865.0286,0.8243105411529541,0.9384226202964783,0.5787263512611389,0.18201171,0.24433304,0.21925144,0.15257074,0.2018331,0.9419853,0.8759388,0.9271297,0.9850573,0.96200174
1770208865.1679,0.7640533447265625,0.8531193137168884,0.5150676965713501,0.21718095,0.22355302,0.20845869,0.17208822,0.17871912,0.8604429,0.82403153,0.7120898,0.9279918,0.94104004
1770208865.3141,0.8343614339828491,0.9384226202964783,0.5636132955551147,0.18525365,0.22906521,0.19582917,0.17720318,0.21264872,0.9419853,0.8759388,0.9271297,0.9850573,0.96200174
1770208865.4556,0.8398140668869019,0.9384226202964783,0.5835483074188232,0.18550228,0.2535426,0.18328202,0.18344286,0.19423023,0.9419853,0.8759388,0.9271297,0.9850573,0.96200174
1770208865.6006,0.7819544672966003,0.8554415106773376,0.5938915610313416,0.15969455,0.18468928,0.315845,0.19599414,0.14377701,0.9296862,0.9050958,0.67280173,0.8154161,0.9542075
1770208865.7069,0.7621913552284241,0.8980116248130798,0.5625345706939697,0.18951273,0.23333378,0.25587872,0.15741634,0.16385846,0.9393834,0.8707124,0.8312435,0.88804585,0.960673
1770208865.7819,0.792888879776001,0.896340012550354,0.5305984616279602,0.20405868,0.24656391,0.2352979,0.14887464,0.16520485,0.9387922,0.8187457,0.8064828,0.95818853,0.95949066
1770208865.8767,0.8088480830192566,0.9049188494682312,0.4957158863544464,0.25398356,0.21605982,0.19321989,0.16808586,0.16865084,0.9275555,0.7739278,0.91628563,0.95390046,0.9529251
1770208866.0016,0.7459374070167542,0.8922467231750488,0.46488678455352783,0.18399924,0.21879959,0.23781642,0.18040389,0.17898083,0.9388191,0.8625907,0.81281865,0.8867326,0.96027255
1770208866.1699,0.7863431572914124,0.8655502200126648,0.5071287155151367,0.23354082,0.24527651,0.20873527,0.16046663,0.15198082,0.9050912,0.81009203,0.8338407,0.8417397,0.93698776
1770208866.2788,0.7928894758224487,0.9049188494682312,0.48069843649864197,0.20161654,0.25595516,0.2369543,0.16252162,0.14295237,0.9275555,0.7739278,0.91628563,0.95390046,0.9529251
1770208866.4374,0.7599173784255981,0.8655502200126648,0.381591796875,0.2451855,0.24641308,0.18965526,0.154651,0.1640951,0.9050912,0.81009203,0.8338407,0.8417397,0.93698776
1770208866.5826,0.7735888957977295,0.8898297548294067,0.3023194372653961,0.18666577,0.29017556,0.22891228,0.13548107,0.15876536,0.8461854,0.84662503,0.8376735,0.9749878,0.94367677
1770208866.6596,0.8381699919700623,0.9156694412231445,0.30725759267807007,0.20812081,0.24320795,0.20903708,0.14071701,0.19891708,0.93819165,0.8713848,0.89436567,0.9155842,0.95882076
1770208866.8080,0.8270065784454346,0.8965644240379333,0.4299752414226532,0.19541419,0.24033195,0.20457917,0.18990673,0.16976792,0.9039639,0.8329922,0.8941027,0.9170746,0.93468845
1770208866.9381,0.8743909597396851,0.9384226202964783,0.45147815346717834,0.18363966,0.20431316,0.18916857,0.19304526,0.22983329,0.9419853,0.8759388,0.9271297,0.9850573,0.96200174
1770208867.0932,0.8282897472381592,0.8965644240379333,0.33837640285491943,0.19116363,0.23645887,0.21042764,0.19841643,0.16353343,0.9039639,0.8329922,0.8941027,0.9170746,0.93468845
1770208867.2756,0.8330322504043579,0.8628325462341309,0.2704979479312897,0.18247715,0.2566441,0.23028578,0.15958934,0.17100364,0.81712365,0.81792337,0.76818395,0.9484244,0.9625075
1770208867.4139,0.7880907654762268,0.8797398805618286,0.2712551951408386,0.16472785,0.23131078,0.28576234,0.16275062,0.15544844,0.8573418,0.8024619,0.79577786,0.9775824,0.96553534
1770208867.4512,0.8006068468093872,0.8877986073493958,0.27606669068336487,0.17266671,0.24565335,0.22424342,0.1857721,0.17166445,0.85457784,0.81439316,0.83344376,0.9924601,0.9441182
1770208867.4898,0.8339444398880005,0.8936969637870789,0.283406525850296,0.16852574,0.23467393,0.25531176,0.1957085,0.14578004,0.9107905,0.822189,0.86635923,0.9303157,0.9388308
1770208867.5500,0.7423559427261353,0.8756930232048035,0.29341524839401245,0.20977336,0.23131026,0.22127424,0.16910057,0.16854157,0.8158346,0.8129631,0.83529645,0.963299,0.9510722
1770208867.7058,0.7377253770828247,0.896340012550354,0.34610000252723694,0.19350296,0.23018907,0.24960066,0.16315666,0.16355069,0.9387922,0.8187457,0.8064828,0.95818853,0.95949066
1770208867.7878,0.8011642098426819,0.8936969637870789,0.380482017993927,0.17846255,0.25071666,0.28018212,0.16838618,0.12225247,0.9107905,0.822189,0.86635923,0.9303157,0.9388308
1770208867.8981,0.7480964064598083,0.8531193137168884,0.3873460292816162,0.18408686,0.25346142,0.28374028,0.15356179,0.12514961,0.8604429,0.82403153,0.7120898,0.9279918,0.94104004
1770208868.0083,0.7705363035202026,0.8965644240379333,0.36230555176734924,0.17568721,0.21506909,0.27690595,0.18176825,0.15056953,0.9039639,0.8329922,0.8941027,0.9170746,0.93468845
1770208868.1427,0.7590122818946838,0.8741764426231384,0.3166958689689636,0.24238528,0.23757872,0.24642429,0.13289045,0.1407212,0.9265258,0.7743885,0.7717573,0.947064,0.9511467
1770208868.2356,0.8066712617874146,0.8396830558776855,0.27399149537086487,0.23091851,0.2481585,0.20802586,0.16198847,0.15090865,0.81726724,0.78407085,0.7622005,0.88917303,0.94570357
1770208868.3574,0.8119689226150513,0.8877986073493958,0.21702910959720612,0.22171739,0.23444554,0.20876686,0.17432825,0.16074197,0.85457784,0.81439316,0.83344376,0.9924601,0.9441182
1770208868.4977,0.7831715941429138,0.8531193137168884,0.17416134476661682,0.23284324,0.21886808,0.19571827,0.18314953,0.16942084,0.8604429,0.82403153,0.7120898,0.9279918,0.94104004
1770208868.5827,0.7944253087043762,0.8980116248130798,0.18157102167606354,0.21569571,0.2314086,0.2168084,0.15285747,0.18322983,0.9393834,0.8707124,0.8312435,0.88804585,0.960673
1770208868.7470,0.7632250785827637,0.8619553446769714,0.2614029049873352,0.1908342,0.22389898,0.21750568,0.18831281,0.1794484,0.9310422,0.90385854,0.6787414,0.84152526,0.9546093
1770208868.8522,0.812039315700531,0.8980116248130798,0.3453637957572937,0.20215812,0.21783282,0.223789,0.16673791,0.18948214,0.9393834,0.8707124,0.8312435,0.88804585,0.960673
1770208868.9304,0.7974355220794678,0.8554415106773376,0.4079223573207855,0.18425037,0.21053278,0.22827268,0.20694484,0.16999938,0.9296862,0.9050958,0.67280173,0.8154161,0.9542075
1770208869.0451,0.8007081747055054,0.9102857708930969,0.4475756585597992,0.2197328,0.25194612,0.20593323,0.1574921,0.16489573,0.9102858,0.9102858,0.9102858,0.9102858,0.9102858
1770208869.1767,0.7953391671180725,0.9063682556152344,0.4510229825973511,0.21586879,0.22928214,0.19383198,0.18034784,0.18066928,0.8862884,0.8215829,0.91855085,0.9503946,0.95502496
1770208869.2500,0.7519087791442871,0.896340012550354,0.49694356322288513,0.17637536,0.21802564,0.23311009,0.18499407,0.18749483,0.9387922,0.8187457,0.8064828,0.95818853,0.95949066
1770208869.3659,0.7711992859840393,0.9102857708930969,0.6252211332321167,0.17583919,0.23533402,0.24597092,0.17270924,0.17014655,0.9412126,0.81445044,0.8488514,0.9797529,0.96716124
1770208869.4871,0.7775726318359375,0.8877986073493958,0.6940973401069641,0.158096,0.25881606,0.26207727,0.15658273,0.16442795,0.85457784,0.81439316,0.83344376,0.9924601,0.9441182
1770208869.6107,0.7786287069320679,0.9384226202964783,0.6904065012931824,0.17110139,0.232619,0.23085783,0.19560908,0.16981268,0.9419853,0.8759388,0.9271297,0.9850573,0.96200174
1770208869.7302,0.7465780377388,0.8877986073493958,0.6809852719306946,0.17794392,0.24963091,0.24617136,0.15541773,0.1708361,0.85457784,0.81439316,0.83344376,0.9924601,0.9441182
1770208869.8643,0.811592698097229,0.8877986073493958,0.6892130374908447,0.19283368,0.23584734,0.23625596,0.16212232,0.17294078,0.85457784,0.81439316,0.83344376,0.9924601,0.9441182
1770208869.9820,0.7956145405769348,0.9109873175621033,0.646726131439209,0.16700566,0.24242057,0.2603605,0.17467512,0.15553817,0.9200559,0.8006824,0.8941544,0.99170214,0.9483414
1770208870.0470,0.7616006135940552,0.8396830558776855,0.6162276268005371,0.20259869,0.24152927,0.20364182,0.18449686,0.16773339,0.81726724,0.78407085,0.7622005,0.88917303,0.94570357
1770208870.1560,0.7421931624412537,0.8619553446769714,0.5548815727233887,0.17371501,0.22735108,0.24315827,0.17633155,0.17944403,0.9310422,0.90385854,0.6787414,0.84152526,0.9546093
1770208870.2645,0.7988221645355225,0.8619553446769714,0.5423359870910645,0.16742274,0.21172044,0.23912051,0.21809205,0.1636443,0.9310422,0.90385854,0.6787414,0.84152526,0.9546093
1770208870.4299,0.837628185749054,0.9384226202964783,0.536372184753418,0.21787979,0.23007548,0.19522062,0.17447542,0.1823487,0.9419853,0.8759388,0.9271297,0.9850573,0.96200174
1770208870.6082,0.827462375164032,0.8554415106773376,0.4997624456882477,0.16547298,0.21605067,0.25188008,0.1997213,0.16687496,0.9296862,0.9050958,0.67280173,0.8154161,0.9542075
1770208870.6794,0.82381272315979,0.9109873175621033,0.526383638381958,0.23344979,0.24126038,0.19709134,0.17051837,0.15768008,0.9200559,0.8006824,0.8941544,0.99170214,0.9483414
1770208870.8393,0.7442783713340759,0.8756930232048035,0.624117374420166,0.21534719,0.23401575,0.21980721,0.17132105,0.1595088,0.8158346,0.8129631,0.83529645,0.963299,0.9510722
1770208870.9618,0.7752358317375183,0.8965644240379333,0.9105484485626221,0.18630123,0.254922,0.24538708,0.16310069,0.15028897,0.9039639,0.8329922,0.8941027,0.9170746,0.93468845
1770208871.0779,0.7491109371185303,0.8922467231750488,1.0,0.19401929,0.22953896,0.2279125,0.17819999,0.17032915,0.9388191,0.8625907,0.81281865,0.8867326,0.96027255
1770208871.1667,0.7405586838722229,0.8619553446769714,1.0,0.17324366,0.21409105,0.24418408,0.20549709,0.16298412,0.9310422,0.90385854,0.6787414,0.84152526,0.9546093
1770208871.3979,0.7836563587188721,0.8867796063423157,0.7211970686912537,0.19267915,0.24447888,0.25908205,0.1527736,0.15098636,0.8282728,0.82479125,0.92279005,0.91786534,0.9401786
1770208871.5509,0.757125973701477,0.8867796063423157,0.5504376888275146,0.22125983,0.24207306,0.21679358,0.16309814,0.15677536,0.8282728,0.82479125,0.92279005,0.91786534,0.9401786
1770208871.8880,0.7587283253669739,0.8877986073493958,0.8537551760673523,0.21288443,0.24463752,0.21971847,0.16586295,0.15689665,0.85457784,0.81439316,0.83344376,0.9924601,0.9441182
1770208872.1084,0.7932971715927124,0.8396830558776855,0.5062330365180969,0.22008704,0.25339156,0.21726574,0.16966918,0.1395865,0.81726724,0.78407085,0.7622005,0.88917303,0.94570357
1770208872.1617,0.7556209564208984,0.9156694412231445,0.5128486156463623,0.23022914,0.20647113,0.20395681,0.18095611,0.17838678,0.93819165,0.8713848,0.89436567,0.9155842,0.95882076
1770208872.2960,0.7622339725494385,0.8877986073493958,0.5852231383323669,0.23550715,0.23118189,0.1938231,0.16657296,0.17291492,0.85457784,0.81439316,0.83344376,0.9924601,0.9441182
1770208872.4907,0.7432211637496948,0.8980116248130798,0.4885586202144623,0.22360782,0.21610044,0.20503923,0.16804156,0.18721092,0.9393834,0.8707124,0.8312435,0.88804585,0.960673
1770208872.5290,0.8127833008766174,0.9156694412231445,0.4551474452018738,0.22190736,0.20706858,0.20689675,0.16300282,0.2011245,0.93819165,0.8713848,0.89436567,0.9155842,0.95882076
1770208872.5984,0.716607928276062,0.8867796063423157,0.40556633472442627,0.18441568,0.22461055,0.26347306,0.16034405,0.16715665,0.8282728,0.82479125,0.92279005,0.91786534,0.9401786
1770208872.8101,0.7345930337905884,0.8877986073493958,0.47390294075012207,0.18566987,0.23313296,0.2598417,0.1582973,0.16305813,0.85457784,0.81439316,0.83344376,0.9924601,0.9441182
1770208872.9568,0.7525516748428345,0.8980116248130798,0.6810587048530579,0.17142367,0.18653668,0.32617444,0.17377615,0.14208902,0.9393834,0.8707124,0.8312435,0.88804585,0.960673
1770208873.1658,0.752729594707489,0.9102857708930969,0.8670076727867126,0.18315054,0.21583244,0.31549975,0.15525757,0.1302597,0.9412126,0.81445044,0.8488514,0.9797529,0.96716124
1770208873.5792,0.7852753400802612,0.8821310997009277,0.7483761310577393,0.21471995,0.20773007,0.2804289,0.14786695,0.14925417,0.8491656,0.81996775,0.7808662,0.9950866,0.9655694
1770208873.8389,0.7183747887611389,0.8678478598594666,0.8713576793670654,0.19283363,0.21572906,0.26167327,0.1611138,0.16865024,0.90222275,0.8476006,0.6727162,0.9839181,0.93278146
1770208873.9596,0.7715611457824707,0.8877986073493958,0.9631256461143494,0.21940579,0.20608658,0.22360286,0.17324406,0.17766075,0.85457784,0.81439316,0.83344376,0.9924601,0.9441182
1770208874.0794,0.7729715704917908,0.9063682556152344,0.8608980178833008,0.21580961,0.21036763,0.22242741,0.17681032,0.17458498,0.8862884,0.8215829,0.91855085,0.9503946,0.95502496
1770208874.3137,0.8065224289894104,0.8554415106773376,0.49678486585617065,0.18284714,0.20053296,0.29426965,0.1794217,0.14292854,0.9296862,0.9050958,0.67280173,0.8154161,0.9542075
1770208874.6128,0.7962820529937744,0.9019851088523865,0.6932680606842041,0.19977625,0.23499358,0.28319883,0.13999656,0.14203475,0.8455027,0.7915489,0.93687004,0.99234265,0.94366103
1770208874.7386,0.7855802178382874,0.8965644240379333,0.6795408129692078,0.21734872,0.19990955,0.22702502,0.17751306,0.17820364,0.9039639,0.8329922,0.8941027,0.9170746,0.93468845
1770208874.9639,0.7727192640304565,0.8980116248130798,0.42777812480926514,0.19471203,0.22504885,0.2540121,0.16123787,0.16498913,0.9393834,0.8707124,0.8312435,0.88804585,0.960673
1770208875.0969,0.7737938165664673,0.8531193137168884,0.39167511463165283,0.19097023,0.2146752,0.25522974,0.17864412,0.16048072,0.8604429,0.82403153,0.7120898,0.9279918,0.94104004
1770208875.2278,0.7868873476982117,0.8531193137168884,0.4652765989303589,0.19897139,0.21742651,0.23878562,0.17763959,0.16717695,0.8604429,0.82403153,0.7120898,0.9279918,0.94104004
1770208875.3083,0.77951979637146,0.9156694412231445,0.5018054842948914,0.16659705,0.21829943,0.2853634,0.16458268,0.16515744,0.93819165,0.8713848,0.89436567,0.9155842,0.95882076
1770208875.4474,0.769258975982666,0.8916556239128113,0.4761667549610138,0.16471143,0.23148258,0.28110415,0.17134635,0.15135545,0.8835399,0.7881219,0.8956179,0.93308896,0.95790964
1770208876.0507,0.7378286123275757,0.8756930232048035,0.9471990466117859,0.17390603,0.2298047,0.24883293,0.1715051,0.17595129,0.8158346,0.8129631,0.83529645,0.963299,0.9510722
1770208908.7337,0.4819881021976471,0.8778196573257446,1.0,0.15772107,0.12692736,0.27914652,0.19975482,0.23645021,0.9193431,0.9356676,0.79677445,0.79132676,0.9459865
1770208908.8418,0.48356562852859497,0.8898465037345886,1.0,0.15387677,0.13028194,0.30633387,0.27028662,0.1392208,0.8898465,0.8898465,0.8898465,0.8898465,0.8898465
1770208908.8913,0.4895661473274231,0.8778196573257446,1.0,0.15508626,0.1919198,0.18556783,0.39601746,0.071408704,0.9193431,0.9356676,0.79677445,0.79132676,0.9459865
1770208908.9502,0.49458009004592896,0.8778196573257446,0.8804066777229309,0.1246125,0.20834684,0.13051513,0.4951015,0.041424006,0.9193431,0.9356676,0.79677445,0.79132676,0.9459865
1770208909.0164,0.49467360973358154,0.8778196573257446,0.6215124726295471,0.10929696,0.19967216,0.09827678,0.5608118,0.03194227,0.9193431,0.9356676,0.79677445,0.79132676,0.9459865
1770208909.0612,0.4959377944469452,0.8778196573257446,0.4744962155818939,0.10091935,0.17482877,0.099261954,0.5910244,0.033965513,0.9193431,0.9356676,0.79677445,0.79132676,0.9459865
1770208909.1046,0.5179791450500488,0.8898464441299438,0.37613916397094727,0.103682905,0.19980717,0.103910975,0.55603814,0.036560792,0.9234583,0.9825832,0.78768146,0.80642414,0.9490852
1770208909.2436,0.5269719362258911,0.8898464441299438,0.23393163084983826,0.10553867,0.17131324,0.13190179,0.53796744,0.053278815,0.9234583,0.9825832,0.78768146,0.80642414,0.9490852
1770208909.3182,0.5399397611618042,0.8898464441299438,0.18731233477592468,0.10033808,0.1678283,0.13827111,0.5382684,0.055294167,0.9234583,0.9825832,0.78768146,0.80642414,0.9490852
1770208909.4426,0.5624006390571594,0.8898464441299438,0.15428999066352844,0.09130386,0.14835122,0.1709283,0.5273987,0.062017906,0.9234583,0.9825832,0.78768146,0.80642414,0.9490852
1770208909.5690,0.5727801322937012,0.8898464441299438,0.16204026341438293,0.09438982,0.15860544,0.15875764,0.524816,0.063431114,0.9234583,0.9825832,0.78768146,0.80642414,0.9490852
1770208909.6321,0.621720552444458,0.9329242706298828,0.17634204030036926,0.16800949,0.15332824,0.20388074,0.32474187,0.15003967,0.9329243,0.9329243,0.9329243,0.9329243,0.9329243
1770208909.6978,0.6334245204925537,0.9329242706298828,0.2385571449995041,0.231214,0.12597412,0.26680046,0.19676997,0.17924146,0.9329243,0.9329243,0.9329243,0.9329243,0.9329243
1770208909.8282,0.6528236865997314,0.9329242706298828,0.3652140498161316,0.16212972,0.12542345,0.2752617,0.25052747,0.18665761,0.9329243,0.9329243,0.9329243,0.9329243,0.9329243
1770208909.9696,0.6756812334060669,0.9148740172386169,0.41667428612709045,0.13865282,0.15255511,0.27177757,0.24829994,0.18871455,0.9402893,0.9769538,0.8082739,0.8876333,0.9612196
1770208910.0424,0.6895757913589478,0.9148740172386169,0.38442525267601013,0.13526772,0.12432169,0.30911675,0.25228605,0.17900777,0.9402893,0.9769538,0.8082739,0.8876333,0.9612196
1770208910.1406,0.7000958919525146,0.9148740172386169,0.29897600412368774,0.1370332,0.14446038,0.21348594,0.3627738,0.14224668,0.9402893,0.9769538,0.8082739,0.8876333,0.9612196
1770208910.2417,0.7295098304748535,0.9148740172386169,0.23957516252994537,0.13497597,0.11037769,0.33734447,0.2329119,0.18438996,0.9402893,0.9769538,0.8082739,0.8876333,0.9612196
1770208910.3845,0.7425205111503601,0.8803116679191589,0.2652554512023926,0.2111462,0.094035305,0.29686752,0.20061262,0.19733833,0.88031167,0.88031167,0.88031167,0.88031167,0.88031167
1770208910.5268,0.7563025951385498,0.9329242706298828,0.3367900550365448,0.14147767,0.11529444,0.3246318,0.24845482,0.17014122,0.95500356,0.98891896,0.8747742,0.8738354,0.9720891
1770208910.6128,0.755677342414856,0.8803116679191589,0.37960579991340637,0.19775343,0.08224061,0.2971969,0.19732834,0.22548074,0.88031167,0.88031167,0.88031167,0.88031167,0.88031167
1770208910.6922,0.7721538543701172,0.8803116083145142,0.4172494411468506,0.14587489,0.11523086,0.29954332,0.2967788,0.14257212,0.94280314,0.9579584,0.6791545,0.85826945,0.96337223
1770208910.7530,0.7730920910835266,0.8803116083145142,0.42535337805747986,0.13782579,0.11861431,0.2814723,0.27680087,0.18528676,0.94280314,0.9579584,0.6791545,0.85826945,0.96337223
1770208910.8826,0.8089181780815125,0.8803116083145142,0.379255086183548,0.14055797,0.1566897,0.21161523,0.36833742,0.12279963,0.94280314,0.9579584,0.6791545,0.85826945,0.96337223
1770208910.9924,0.7826913595199585,0.9112197756767273,0.2667292356491089,0.15421964,0.12279154,0.24773724,0.2977441,0.17750746,0.9112198,0.9112198,0.9112198,0.9112198,0.9112198
1770208911.0654,0.7920370101928711,0.9329242706298828,0.20368976891040802,0.11910576,0.12695959,0.3095291,0.33281285,0.11159269,0.95500356,0.98891896,0.8747742,0.8738354,0.9720891
1770208911.1448,0.7846863269805908,0.9112197756767273,0.1603984236717224,0.1746255,0.15775706,0.24358167,0.29707256,0.12696326,0.9112198,0.9112198,0.9112198,0.9112198,0.9112198
1770208911.2638,0.8125807642936707,0.9329242706298828,0.17104923725128174,0.16477698,0.13809213,0.24176365,0.32024238,0.13512489,0.95500356,0.98891896,0.8747742,0.8738354,0.9720891
1770208911.3197,0.8172980546951294,0.9112197160720825,0.20393981039524078,0.1739627,0.17966576,0.24460824,0.28116593,0.12059738,0.9525008,0.9493855,0.82806104,0.8555646,0.97058636
1770208911.4458,0.7816592454910278,0.9112197160720825,0.28789442777633667,0.18705395,0.19322954,0.26279533,0.22762819,0.12929296,0.9525008,0.9493855,0.82806104,0.8555646,0.97058636
1770208911.5521,0.787031352519989,0.8803116083145142,0.38128742575645447,0.16142932,0.1923538,0.3160928,0.20365982,0.1264643,0.94280314,0.9579584,0.6791545,0.85826945,0.96337223
1770208911.6445,0.8274451494216919,0.9112197160720825,0.4373762905597687,0.15603746,0.21741307,0.2327698,0.2564318,0.13734788,0.9525008,0.9493855,0.82806104,0.8555646,0.97058636
1770208911.7931,0.8530012965202332,0.9107068181037903,0.45084473490715027,0.18654679,0.20642976,0.17041373,0.2726212,0.16398856,0.94217944,0.97832483,0.7977318,0.87239766,0.9629003
1770208911.8818,0.8071668148040771,0.8867786526679993,0.45092248916625977,0.19639362,0.14299588,0.25556302,0.21224594,0.19280158,0.88677865,0.88677865,0.88677865,0.88677865,0.88677865
1770208911.9833,0.7714113593101501,0.9107068181037903,0.46871212124824524,0.15258543,0.16537249,0.3512287,0.19066815,0.14014521,0.94217944,0.97832483,0.7977318,0.87239766,0.9629003
1770208912.0598,0.8112049102783203,0.9107068181037903,0.4815073311328888,0.1229834,0.18015848,0.28585538,0.2595835,0.1514192,0.94217944,0.97832483,0.7977318,0.87239766,0.9629003
1770208912.1912,0.7735872268676758,0.9107068181037903,0.4528740644454956,0.13860962,0.14073558,0.3487162,0.20717603,0.16476256,0.94217944,0.97832483,0.7977318,0.87239766,0.9629003
1770208912.2902,0.7991989850997925,0.8867786526679993,0.40835151076316833,0.19387192,0.10842677,0.32712367,0.1955953,0.17498231,0.9265954,0.97832483,0.76886636,0.80862015,0.95148635
1770208912.8252,0.8382559418678284,0.8867786526679993,0.24863086640834808,0.17054725,0.16056299,0.26175192,0.22199002,0.18514784,0.9265954,0.97832483,0.76886636,0.80862015,0.95148635
1770208913.2349,0.8400217294692993,0.8867786526679993,0.3035423755645752,0.22825697,0.13732749,0.22727105,0.19019654,0.21694794,0.9265954,0.97832483,0.76886636,0.80862015,0.95148635
1770208913.7566,0.8350083231925964,0.8867786526679993,0.2605160176753998,0.22442222,0.15131739,0.24223803,0.1855227,0.1964996,0.9265954,0.97832483,0.76886636,0.80862015,0.95148635
1770208914.0374,0.83673495054245,0.8867786526679993,0.2241237312555313,0.19962451,0.12436351,0.2838595,0.22681785,0.16533467,0.9265954,0.97832483,0.76886636,0.80862015,0.95148635
1770208914.1915,0.780637264251709,0.8867786526679993,0.24570602178573608,0.14344889,0.11505083,0.3392068,0.25063822,0.15165526,0.9265954,0.97832483,0.76886636,0.80862015,0.95148635
1770208914.5661,0.8269762992858887,0.9107068181037903,0.2745715081691742,0.19090451,0.14410055,0.25850672,0.24561937,0.16086885,0.94217944,0.97832483,0.7977318,0.87239766,0.9629003
1770208914.8395,0.8213995695114136,0.8867786526679993,0.17828845977783203,0.14230044,0.13857946,0.32503477,0.24679115,0.1472941,0.9265954,0.97832483,0.76886636,0.80862015,0.95148635
1770208915.5994,0.7666097283363342,0.8867786526679993,0.19454579055309296,0.20221524,0.114457294,0.32240957,0.1866474,0.17427051,0.9265954,0.97832483,0.76886636,0.80862015,0.95148635
1770208916.3287,0.853166937828064,0.8867786526679993,0.424373060464859,0.1533053,0.18863875,0.28089908,0.22391726,0.15323958,0.9265954,0.97832483,0.76886636,0.80862015,0.95148635
1770208916.4612,0.8101568222045898,0.8867786526679993,0.4677441716194153,0.19339298,0.20029438,0.28181106,0.16939047,0.15511112,0.9265954,0.97832483,0.76886636,0.80862015,0.95148635
1770208916.5116,0.8236634731292725,0.8867786526679993,0.46443846821784973,0.18183725,0.21703817,0.23237585,0.19408327,0.17466545,0.9265954,0.97832483,0.76886636,0.80862015,0.95148635
1770208916.6158,0.7935674786567688,0.8867786526679993,0.4397180676460266,0.18291822,0.18475911,0.31243178,0.17570478,0.14418603,0.9265954,0.97832483,0.76886636,0.80862015,0.95148635
1770208916.6850,0.8253660202026367,0.8867786526679993,0.4091169238090515,0.19236888,0.1570903,0.23208411,0.21353272,0.20492394,0.9265954,0.97832483,0.76886636,0.80862015,0.95148635
1770208916.8395,0.781409502029419,0.8867786526679993,0.3668247163295746,0.21182111,0.13056085,0.26611573,0.18235359,0.20914875,0.9265954,0.97832483,0.76886636,0.80862015,0.95148635
1770208916.8855,0.8082901239395142,0.8867786526679993,0.35460346937179565,0.15926807,0.20257416,0.28156683,0.2073914,0.14919953,0.9265954,0.97832483,0.76886636,0.80862015,0.95148635
1770208917.0021,0.8047819137573242,0.9107068181037903,0.288593590259552,0.14567794,0.13830832,0.30327561,0.25390288,0.15883523,0.94217944,0.97832483,0.7977318,0.87239766,0.9629003
1770208917.0763,0.7469098567962646,0.9107068181037903,0.24986697733402252,0.14024878,0.12359949,0.27601692,0.2858598,0.17427503,0.94217944,0.97832483,0.7977318,0.87239766,0.9629003
1770208917.2013,0.8173051476478577,0.8867786526679993,0.24890552461147308,0.14147322,0.18254584,0.26215753,0.23424236,0.17958109,0.9265954,0.97832483,0.76886636,0.80862015,0.95148635
1770208917.2864,0.8114683628082275,0.8867786526679993,0.30552613735198975,0.12905619,0.17361872,0.25597897,0.29172707,0.14961904,0.9265954,0.97832483,0.76886636,0.80862015,0.95148635
1770208917.4214,0.7753707766532898,0.9139014482498169,0.3891757130622864,0.17155488,0.15787022,0.2619229,0.22921027,0.17944175,0.87399006,0.85186416,0.8945815,0.9860334,0.963038
1770208917.4768,0.8046247959136963,0.9107068181037903,0.41545170545578003,0.13817272,0.13383809,0.27549905,0.27148578,0.18100442,0.94217944,0.97832483,0.7977318,0.87239766,0.9629003
1770208917.6349,0.827526330947876,0.8821310997009277,0.6580294370651245,0.14652637,0.15292127,0.23198707,0.2907655,0.17779973,0.8491656,0.81996775,0.7808662,0.9950866,0.9655694
1770208917.6808,0.8059625029563904,0.9139014482498169,0.7985233664512634,0.15337443,0.1680995,0.27032873,0.26439536,0.143802,0.87399006,0.85186416,0.8945815,0.9860334,0.963038
1770208917.8029,0.8332576751708984,0.8963168263435364,1.0,0.24980493,0.12090974,0.22643366,0.25994384,0.14290778,0.8963168,0.8963168,0.8963168,0.8963168,0.8963168
1770208917.8834,0.8407062888145447,0.8867786526679993,1.0,0.21918143,0.14285381,0.23630944,0.24556407,0.1560912,0.9265954,0.97832483,0.76886636,0.80862015,0.95148635
1770208918.0406,0.8270387649536133,0.8867786526679993,1.0,0.1320135,0.1866931,0.25757954,0.28013268,0.1435812,0.9265954,0.97832483,0.76886636,0.80862015,0.95148635
1770208918.1202,0.8260118961334229,0.8804640173912048,0.780092716217041,0.22009681,0.1777338,0.21917763,0.2075913,0.17540045,0.880464,0.880464,0.880464,0.880464,0.880464
1770208918.2144,0.7741446495056152,0.8867786526679993,0.45820140838623047,0.2256947,0.16924681,0.23591465,0.1909302,0.1782136,0.9265954,0.97832483,0.76886636,0.80862015,0.95148635
1770208918.2876,0.7503114938735962,0.8867786526679993,0.3398370146751404,0.20270301,0.20156099,0.24455956,0.18205069,0.16912584,0.9265954,0.97832483,0.76886636,0.80862015,0.95148635
1770208918.4061,0.8403904438018799,0.8867786526679993,0.3269738554954529,0.16369838,0.19912174,0.25535092,0.20285138,0.17897758,0.9265954,0.97832483,0.76886636,0.80862015,0.95148635
1770208918.4863,0.811648964881897,0.8867786526679993,0.3608585298061371,0.17359987,0.21071194,0.28409013,0.15413176,0.17746629,0.9265954,0.97832483,0.76886636,0.80862015,0.95148635
1770208918.5838,0.829317033290863,0.8867786526679993,0.48096027970314026,0.21670027,0.1812658,0.21201792,0.20391192,0.18610407,0.9265954,0.97832483,0.76886636,0.80862015,0.95148635
1770208918.6771,0.7997990250587463,0.8867786526679993,0.5605242848396301,0.18241374,0.22255886,0.26009727,0.17340063,0.16152948,0.9265954,0.97832483,0.76886636,0.80862015,0.95148635
1770208918.8329,0.7607207298278809,0.8747894167900085,0.5636388659477234,0.1572513,0.17186576,0.26514,0.2461611,0.15958178,0.8439072,0.8363193,0.83344376,0.91670483,0.9435717
1770208918.8820,0.7457475066184998,0.8747894167900085,0.5386051535606384,0.22749665,0.20764326,0.22668353,0.15891643,0.17926022,0.8439072,0.8363193,0.83344376,0.91670483,0.9435717
1770208918.9945,0.7501944303512573,0.8730141520500183,0.4230315685272217,0.12527163,0.22134258,0.28644133,0.19989161,0.1670529,0.84989595,0.82571495,0.8006975,0.93675464,0.9520078
1770208919.0949,0.7050800323486328,0.8867786526679993,0.37682515382766724,0.19569445,0.20818931,0.23632768,0.17730391,0.1824847,0.9265954,0.97832483,0.76886636,0.80862015,0.95148635
1770208919.2083,0.7905470728874207,0.8867786526679993,0.39762982726097107,0.28552642,0.16462278,0.18217063,0.13793507,0.22974506,0.9265954,0.97832483,0.76886636,0.80862015,0.95148635
1770208919.2990,0.747878909111023,0.8747894167900085,0.4072675406932831,0.24865101,0.19278184,0.20077859,0.15626174,0.20152682,0.8439072,0.8363193,0.83344376,0.91670483,0.9435717
1770208919.4404,0.8456689715385437,0.8867786526679993,0.4009220004081726,0.22323503,0.16826007,0.21020836,0.17840225,0.2198943,0.9265954,0.97832483,0.76886636,0.80862015,0.95148635
1770208919.5034,0.7407630681991577,0.8867786526679993,0.4064474403858185,0.24717622,0.18829127,0.1976392,0.18478762,0.18210572,0.9265954,0.97832483,0.76886636,0.80862015,0.95148635
1770208919.6176,0.7858872413635254,0.9107068181037903,0.4199652671813965,0.21253705,0.18604718,0.19722891,0.19416992,0.21001695,0.94217944,0.97832483,0.7977318,0.87239766,0.9629003
1770208919.7186,0.795372724533081,0.8750430941581726,0.42299771308898926,0.22701742,0.19200253,0.2253465,0.1843137,0.17131987,0.8086632,0.798007,0.8937409,0.93137234,0.9434319
1770208919.8065,0.7859036922454834,0.8750430941581726,0.41774308681488037,0.21951425,0.22541626,0.20142327,0.18338032,0.17026594,0.8086632,0.798007,0.8937409,0.93137234,0.9434319
1770208919.9582,0.8251953125,0.8963168263435364,0.4601770043373108,0.17992531,0.20710173,0.24865809,0.19901195,0.16530296,0.8575534,0.7881368,0.8978576,0.98739827,0.9506382
1770208920.0272,0.7750917673110962,0.8867786526679993,0.5158953070640564,0.21395896,0.20008737,0.22519949,0.19009933,0.17065486,0.9265954,0.97832483,0.76886636,0.80862015,0.95148635
1770208920.1475,0.7828357815742493,0.9095882773399353,0.6637388467788696,0.25814286,0.17297733,0.18784435,0.19228612,0.18874928,0.9039803,0.8120128,0.89392793,0.995968,0.94205195
1770208920.1976,0.8144955039024353,0.9107068181037903,0.7145206332206726,0.20709313,0.19392511,0.22242017,0.23892215,0.1376394,0.94217944,0.97832483,0.7977318,0.87239766,0.9629003
1770208920.3668,0.8613177537918091,0.8867786526679993,0.8265145421028137,0.19441491,0.19353138,0.2294096,0.22600326,0.15664084,0.9265954,0.97832483,0.76886636,0.80862015,0.95148635
1770208920.4480,0.7760615348815918,0.8867786526679993,0.8112160563468933,0.19114274,0.20353515,0.22670126,0.22917534,0.1494455,0.9265954,0.97832483,0.76886636,0.80862015,0.95148635
1770208920.5660,0.7603827714920044,0.9095882773399353,0.6711090803146362,0.23207986,0.28637242,0.17971158,0.16613337,0.13570277,0.9039803,0.8120128,0.89392793,0.995968,0.94205195
1770208920.6370,0.7689047455787659,0.8533731698989868,0.5880454182624817,0.2326436,0.22927238,0.21289264,0.19172964,0.13346173,0.82499087,0.8135804,0.8159789,0.866421,0.94589466
1770208920.6838,0.7914566993713379,0.8867786526679993,0.5433951020240784,0.17429172,0.1866916,0.30288038,0.2015071,0.13462918,0.9265954,0.97832483,0.76886636,0.80862015,0.95148635
1770208920.8725,0.746603786945343,0.895590603351593,0.5402775406837463,0.21597375,0.32016826,0.19375929,0.14244893,0.1276498,0.89559054,0.89559054,0.89559054,0.89559054,0.89559054
1770208920.9742,0.7680684924125671,0.8867786526679993,0.616454005241394,0.16749053,0.18780473,0.2522596,0.21706903,0.17537609,0.9265954,0.97832483,0.76886636,0.80862015,0.95148635
1770208921.1482,0.8273105621337891,0.8867786526679993,0.6843866109848022,0.19549727,0.17113192,0.27748337,0.19178677,0.16410066,0.9265954,0.97832483,0.76886636,0.80862015,0.95148635
1770208921.2724,0.7469431757926941,0.9016348123550415,0.6960600018501282,0.21039458,0.19421518,0.22476771,0.20613341,0.1644891,0.8880644,0.8046722,0.87408185,0.99995947,0.9413958
1770208921.4066,0.750136137008667,0.8867786526679993,0.8318936824798584,0.18158843,0.2101327,0.22223866,0.20427243,0.18176769,0.9265954,0.97832483,0.76886636,0.80862015,0.95148635
1770208921.5206,0.7512206435203552,0.8955904841423035,0.9188466668128967,0.18569852,0.2342059,0.21732794,0.18035685,0.1824108,0.9204522,0.8195696,0.7916325,0.9997676,0.9465309
1770208921.6076,0.8039847612380981,0.8900808691978455,0.9188466668128967,0.21601112,0.18726811,0.2208197,0.20713069,0.16877039,0.89008087,0.89008087,0.89008087,0.89008087,0.89008087
1770208922.0565,0.78041011095047,0.9095882773399353,0.7854582071304321,0.17600648,0.2629918,0.21024917,0.18159191,0.16916062,0.9039803,0.8120128,0.89392793,0.995968,0.94205195
1770208922.3949,0.7967537641525269,0.8867786526679993,0.29077625274658203,0.18625331,0.21742558,0.2163141,0.1814666,0.19854036,0.9265954,0.97832483,0.76886636,0.80862015,0.95148635
1770208922.5730,0.7758088111877441,0.8867786526679993,0.18064390122890472,0.17067555,0.25446236,0.22881252,0.16055945,0.18549012,0.9265954,0.97832483,0.76886636,0.80862015,0.95148635
1770208922.7309,0.7615228295326233,0.8867786526679993,0.25045081973075867,0.16538064,0.24365449,0.2080446,0.19006477,0.19285549,0.9265954,0.97832483,0.76886636,0.80862015,0.95148635
1770208922.8262,0.7527449131011963,0.9107068181037903,0.34307077527046204,0.19367057,0.2207924,0.19450313,0.19751367,0.19352023,0.94217944,0.97832483,0.7977318,0.87239766,0.9629003
1770208922.9490,0.7783058881759644,0.8547565340995789,0.4686392545700073,0.21139486,0.21415985,0.21096395,0.18950069,0.1739807,0.85475653,0.85475653,0.85475653,0.85475653,0.85475653
1770208923.1961,0.8063642978668213,0.8867786526679993,0.651099443435669,0.18910857,0.2128555,0.23850621,0.18750836,0.17202134,0.9265954,0.97832483,0.76886636,0.80862015,0.95148635
1770208923.4120,0.8285977244377136,0.8955904841423035,0.5324345231056213,0.17011462,0.22357015,0.22126675,0.21100011,0.17404835,0.9204522,0.8195696,0.7916325,0.9997676,0.9465309
1770208923.5211,0.8274428248405457,0.9107068181037903,0.5150676965713501,0.18674587,0.21864235,0.22567761,0.18775143,0.1811827,0.94217944,0.97832483,0.7977318,0.87239766,0.9629003
1770208923.6046,0.7778041958808899,0.8867786526679993,0.5548239350318909,0.1708581,0.21116516,0.27559903,0.16821562,0.17416209,0.9265954,0.97832483,0.76886636,0.80862015,0.95148635
1770208923.8011,0.7990446090698242,0.8867786526679993,0.5835483074188232,0.1630203,0.217208,0.25706667,0.19575872,0.1669463,0.9265954,0.97832483,0.76886636,0.80862015,0.95148635
1770208924.1256,0.8476772904396057,0.9204433560371399,0.5233467817306519,0.19375066,0.19999552,0.26201463,0.17403676,0.17020242,0.92044336,0.92044336,0.92044336,0.92044336,0.92044336
1770208924.4302,0.7166194915771484,0.8547565340995789,0.4924442172050476,0.17256081,0.23194608,0.25248227,0.18827419,0.15473665,0.8669079,0.7686109,0.7572298,0.94548416,0.9355502
1770208924.7061,0.7871451377868652,0.8867786526679993,0.418760746717453,0.21416311,0.15301277,0.23775353,0.18009081,0.21497977,0.9265954,0.97832483,0.76886636,0.80862015,0.95148635
1770208924.7997,0.7480583786964417,0.8867786526679993,0.3552679419517517,0.16631424,0.20557755,0.24817427,0.18941349,0.19052047,0.9265954,0.97832483,0.76886636,0.80862015,0.95148635
1770208924.8757,0.7456403970718384,0.8955904841423035,0.3122260570526123,0.19605175,0.21140082,0.25249535,0.17312357,0.16692853,0.9204522,0.8195696,0.7916325,0.9997676,0.9465309
1770208925.1137,0.7585347890853882,0.9204433560371399,0.4232148230075836,0.19312663,0.19453137,0.25404388,0.17972806,0.17857006,0.92044336,0.92044336,0.92044336,0.92044336,0.92044336
1770208925.4000,0.744728147983551,0.8867786526679993,0.34612947702407837,0.18635926,0.19218487,0.22983928,0.19774853,0.19386801,0.9265954,0.97832483,0.76886636,0.80862015,0.95148635
1770208925.8219,0.778139591217041,0.8867786526679993,0.2857685089111328,0.18858549,0.18814051,0.257464,0.17125763,0.19455238,0.9265954,0.97832483,0.76886636,0.80862015,0.95148635
1770208926.0081,0.7724466323852539,0.8955904841423035,0.34610000252723694,0.20672612,0.22268173,0.21560529,0.16404167,0.19094516,0.9204522,0.8195696,0.7916325,0.9997676,0.9465309
1770208926.0942,0.7962839603424072,0.8963168263435364,0.3779893219470978,0.20547867,0.23479857,0.2315901,0.15615995,0.1719727,0.8575534,0.7881368,0.8978576,0.98739827,0.9506382
1770208926.2066,0.7633299827575684,0.8867786526679993,0.3873460292816162,0.18454942,0.18257229,0.25817648,0.19367525,0.18102656,0.9265954,0.97832483,0.76886636,0.80862015,0.95148635
1770208926.2526,0.7971153259277344,0.8955904841423035,0.38366812467575073,0.21394517,0.24734719,0.19912848,0.15864839,0.18093075,0.9204522,0.8195696,0.7916325,0.9997676,0.9465309
1770208926.5918,0.7761373519897461,0.9107068181037903,0.2544809579849243,0.19631279,0.2119918,0.21788855,0.17659464,0.19721226,0.94217944,0.97832483,0.7977318,0.87239766,0.9629003
1770208926.6823,0.8180614709854126,0.9204433560371399,0.21702910959720612,0.17404981,0.23973398,0.24303855,0.16937609,0.17380165,0.9284447,0.82842237,0.90936834,0.9826387,0.95334244
1770208926.7889,0.8124069571495056,0.8701774477958679,0.17638155817985535,0.18952112,0.24928357,0.25179407,0.15577994,0.15362127,0.87017745,0.87017745,0.87017745,0.87017745,0.87017745
1770208926.8930,0.7871184349060059,0.8867786526679993,0.17712830007076263,0.1975977,0.20218757,0.22270198,0.1934639,0.18404886,0.9265954,0.97832483,0.76886636,0.80862015,0.95148635
1770208927.3245,0.7832739949226379,0.9204433560371399,0.42992767691612244,0.19019014,0.30421346,0.21526071,0.14224981,0.14808586,0.9284447,0.82842237,0.90936834,0.9826387,0.95334244
1770208927.4000,0.8544687032699585,0.8867786526679993,0.4451580047607422,0.17171045,0.19755442,0.25832632,0.2071313,0.16527751,0.9265954,0.97832483,0.76886636,0.80862015,0.95148635
1770208927.5069,0.769126296043396,0.9329288601875305,0.457680881023407,0.20710886,0.2122457,0.22814101,0.18261565,0.16988875,0.93292886,0.93292886,0.93292886,0.93292886,0.93292886
1770208927.7210,0.7687360048294067,0.8867786526679993,0.6527819633483887,0.16321307,0.21814603,0.25358963,0.18674079,0.17831048,0.9265954,0.97832483,0.76886636,0.80862015,0.95148635
1770208928.0421,0.7692961096763611,0.8963168263435364,0.6790823340415955,0.19369848,0.1973897,0.25202143,0.18788053,0.16900983,0.8575534,0.7881368,0.8978576,0.98739827,0.9506382
1770208928.4841,0.7867836952209473,0.8701773881912231,0.5519388318061829,0.1976267,0.20988026,0.22593156,0.18805136,0.17851016,0.86989653,0.78374416,0.76796925,0.9832065,0.94607043
1770208928.8572,0.7527233362197876,0.8955904841423035,0.5053292512893677,0.19189136,0.22658142,0.23006949,0.18139099,0.17006682,0.9204522,0.8195696,0.7916325,0.9997676,0.9465309
1770208929.0739,0.769193172454834,0.9107068181037903,0.5521898865699768,0.18969095,0.19902998,0.22902007,0.19063494,0.19162403,0.94217944,0.97832483,0.7977318,0.87239766,0.9629003
1770208929.1456,0.7821852564811707,0.8867786526679993,0.6123059391975403,0.17579725,0.2149091,0.22808345,0.18790746,0.19330272,0.9265954,0.97832483,0.76886636,0.80862015,0.95148635
1770208929.2646,0.7471921443939209,0.8867786526679993,0.8381189703941345,0.2143019,0.19135809,0.20462193,0.1872078,0.20251027,0.9265954,0.97832483,0.76886636,0.80862015,0.95148635
1770208929.4185,0.8258071541786194,0.8701773881912231,1.0,0.20349562,0.23761754,0.21428345,0.16832301,0.17628044,0.86989653,0.78374416,0.76796925,0.9832065,0.94607043
1770208929.4802,0.7432132363319397,0.8955904841423035,1.0,0.20734286,0.27315557,0.18316823,0.14937943,0.1869539,0.9204522,0.8195696,0.7916325,0.9997676,0.9465309
1770208929.5329,0.7862738966941833,0.8867786526679993,1.0,0.20557015,0.1958173,0.20689665,0.19097824,0.20073773,0.9265954,0.97832483,0.76886636,0.80862015,0.95148635
1770208929.6198,0.8183842897415161,0.9016348123550415,0.9741501212120056,0.22260721,0.16355334,0.20155922,0.20221312,0.21006705,0.8880644,0.8046722,0.87408185,0.99995947,0.9413958
1770208929.8868,0.7628185749053955,0.8867786526679993,0.5506142377853394,0.1987617,0.20434128,0.21717934,0.18970029,0.19001737,0.9265954,0.97832483,0.76886636,0.80862015,0.95148635
1770208930.2416,0.7628138065338135,0.8955904841423035,0.764959990978241,0.19438297,0.2641992,0.20690683,0.16085085,0.17366008,0.9204522,0.8195696,0.7916325,0.9997676,0.9465309
1770208930.5831,0.8074703216552734,0.8829936385154724,0.5750839710235596,0.19521207,0.2296322,0.2325503,0.16379169,0.17881376,0.83577937,0.7942541,0.8725986,0.97647345,0.9358625
1770208930.7799,0.773559033870697,0.8547565340995789,0.5216023921966553,0.16323364,0.2454235,0.24719256,0.17778124,0.16636911,0.8669079,0.7686109,0.7572298,0.94548416,0.9355502
1770208930.8734,0.7493139505386353,0.8867786526679993,0.4446030557155609,0.14670856,0.229874,0.26703945,0.18072116,0.17565688,0.9265954,0.97832483,0.76886636,0.80862015,0.95148635
1770208930.9243,0.7562646865844727,0.9204433560371399,0.38976994156837463,0.18889625,0.22901706,0.2299536,0.18396513,0.1681679,0.9284447,0.82842237,0.90936834,0.9826387,0.95334244
1770208931.0743,0.8147144913673401,0.8986461758613586,0.41845232248306274,0.1449172,0.25249922,0.29083854,0.14529608,0.16644901,0.8986462,0.8986462,0.8986462,0.8986462,0.8986462
1770208931.4011,0.7621691823005676,0.9204433560371399,0.8226845264434814,0.17947982,0.23901698,0.23948637,0.18016373,0.16185313,0.9284447,0.82842237,0.90936834,0.9826387,0.95334244
1770208931.6333,0.7505202293395996,0.9095882773399353,0.8851267695426941,0.22631574,0.22219023,0.20548399,0.16771291,0.17829712,0.9039803,0.8120128,0.89392793,0.995968,0.94205195
1770208931.7676,0.839840829372406,0.8867786526679993,0.8260137438774109,0.21986505,0.21155901,0.2155736,0.1793334,0.17366901,0.9265954,0.97832483,0.76886636,0.80862015,0.95148635
1770208931.8322,0.7629824876785278,0.8986461758613586,0.7788292169570923,0.17224851,0.23642513,0.24444568,0.1603963,0.18648444,0.9243201,0.82825714,0.80340046,0.98752034,0.949733
1770208932.1447,0.7562496662139893,0.9329288601875305,0.8574566841125488,0.20131265,0.226155,0.22367783,0.17174335,0.17711118,0.9406052,0.806851,0.9572508,0.99450266,0.96543425
1770208932.6097,0.7521148324012756,0.8955904841423035,0.514071524143219,0.20713393,0.24168779,0.19936387,0.17195114,0.1798633,0.9204522,0.8195696,0.7916325,0.9997676,0.9465309
1770208932.8890,0.7573963403701782,0.8955904841423035,0.6706532835960388,0.23561724,0.23213169,0.1909522,0.1701947,0.17110421,0.9204522,0.8195696,0.7916325,0.9997676,0.9465309
1770208933.1796,0.7498363256454468,0.8963168263435364,0.5562816262245178,0.20846409,0.23970646,0.20675904,0.18626538,0.15880506,0.8575534,0.7881368,0.8978576,0.98739827,0.9506382
1770208933.3027,0.8008527755737305,0.8643476366996765,0.42060673236846924,0.1701266,0.2504416,0.27325767,0.1432561,0.162918,0.86434764,0.86434764,0.86434764,0.86434764,0.86434764
1770208933.5004,0.8207199573516846,0.8701773881912231,0.42976778745651245,0.16713727,0.23021069,0.28173852,0.16439196,0.15652153,0.86989653,0.78374416,0.76796925,0.9832065,0.94607043
1770208933.7017,0.7456411123275757,0.8955904841423035,0.5063576698303223,0.19194706,0.23912564,0.22080164,0.1867016,0.1614241,0.9204522,0.8195696,0.7916325,0.9997676,0.9465309
1770208933.7993,0.753989040851593,0.8955904841423035,0.4617820978164673,0.18472715,0.2647857,0.2209194,0.16773574,0.16183202,0.9204522,0.8195696,0.7916325,0.9997676,0.9465309
1770208934.2248,0.7753293514251709,0.8750430941581726,0.7052464485168457,0.18171145,0.21950023,0.22983325,0.20657918,0.16237594,0.8086632,0.798007,0.8937409,0.93137234,0.9434319
1770208935.2170,0.8441940546035767,0.9329288601875305,0.34878233075141907,0.16170698,0.23111047,0.27682677,0.16833384,0.162022,0.9406052,0.806851,0.9572508,0.99450266,0.96543425
1770208935.6797,0.7362160682678223,0.8955904841423035,0.3688863515853882,0.19677849,0.23300296,0.22583582,0.17170726,0.17267546,0.9204522,0.8195696,0.7916325,0.9997676,0.9465309
1770208935.7266,0.7692912220954895,0.8701773881912231,0.3646394908428192,0.19145128,0.2338635,0.2369303,0.17962681,0.15812816,0.86989653,0.78374416,0.76796925,0.9832065,0.94607043
1770208935.8727,0.7763450145721436,0.8867786526679993,0.3349897861480713,0.19500534,0.20141296,0.24219911,0.17552905,0.1858535,0.9265954,0.97832483,0.76886636,0.80862015,0.95148635
1770208935.9372,0.7611715197563171,0.8955904841423035,0.3213839530944824,0.19833352,0.25223824,0.21414995,0.15654545,0.17873281,0.9204522,0.8195696,0.7916325,0.9997676,0.9465309
1770208936.0191,0.7788366675376892,0.8533731698989868,0.3308604061603546,0.20960505,0.22688936,0.21440051,0.16638142,0.18272363,0.82499087,0.8135804,0.8159789,0.866421,0.94589466
1770208936.1888,0.775017499923706,0.8547565340995789,0.3855730891227722,0.17987195,0.26544833,0.25530005,0.13894416,0.1604355,0.8669079,0.7686109,0.7572298,0.94548416,0.9355502
1770208936.2656,0.7595412135124207,0.8867786526679993,0.3928084671497345,0.19720061,0.19720584,0.2402211,0.18896572,0.17640676,0.9265954,0.97832483,0.76886636,0.80862015,0.95148635
1770208936.4269,0.7909660935401917,0.9095882773399353,0.42165666818618774,0.20862322,0.19596545,0.23397607,0.17798819,0.18344711,0.9039803,0.8120128,0.89392793,0.995968,0.94205195
1770208936.4836,0.798099160194397,0.8955904841423035,0.4482230842113495,0.19168977,0.22054249,0.23730253,0.17359218,0.17687304,0.9204522,0.8195696,0.7916325,0.9997676,0.9465309
1770208936.6893,0.7658212184906006,0.8867786526679993,0.6609882712364197,0.18897834,0.21488269,0.2276298,0.19297804,0.17553103,0.9265954,0.97832483,0.76886636,0.80862015,0.95148635
1770208936.7481,0.7723571062088013,0.8955904841423035,0.7001729607582092,0.19876775,0.21631156,0.22670288,0.18246643,0.17575134,0.9204522,0.8195696,0.7916325,0.9997676,0.9465309
1770208937.2995,0.7616180181503296,0.9135875701904297,0.7544609308242798,0.19204606,0.20947349,0.23853613,0.1768456,0.18309873,0.9214473,0.84139305,0.90080935,0.95417714,0.9501113
1770208938.2061,0.7574030160903931,0.8955904841423035,0.430470734834671,0.20009594,0.259719,0.21429892,0.16483714,0.16104898,0.9204522,0.8195696,0.7916325,0.9997676,0.9465309
1770208938.8648,0.8300354480743408,0.8867786526679993,0.5338910222053528,0.196058,0.18288362,0.24700873,0.19430096,0.17974865,0.9265954,0.97832483,0.76886636,0.80862015,0.95148635
1770208939.4192,0.8099210858345032,0.8880136609077454,0.644335150718689,0.19382118,0.2524346,0.23246996,0.15735692,0.16391738,0.9079456,0.81908345,0.84217703,0.933441,0.9374211
1770208939.9773,0.8095148801803589,0.8880136609077454,0.426460862159729,0.17358303,0.2270495,0.27426144,0.16531263,0.15979339,0.9079456,0.81908345,0.84217703,0.933441,0.9374211
1770208940.4744,0.7665761113166809,0.8955904841423035,0.3445856273174286,0.18678111,0.23052794,0.2217186,0.18162748,0.17934492,0.9204522,0.8195696,0.7916325,0.9997676,0.9465309
1770208941.3894,0.7531224489212036,0.8955904841423035,0.5008137226104736,0.18448174,0.2568856,0.22272184,0.16584708,0.17006373,0.9204522,0.8195696,0.7916325,0.9997676,0.9465309
1770208941.8041,0.7847523093223572,0.9016348123550415,0.7519405484199524,0.1858275,0.24179602,0.22159243,0.18477717,0.16600695,0.8880644,0.8046722,0.87408185,0.99995947,0.9413958
1770208942.1431,0.7967262864112854,0.8533731698989868,0.5683475732803345,0.20266077,0.23422615,0.21113108,0.16388434,0.18809772,0.82499087,0.8135804,0.8159789,0.866421,0.94589466
1770208942.2482,0.8082723021507263,0.8867786526679993,0.41952601075172424,0.18870512,0.15661763,0.23570815,0.233734,0.18523505,0.9265954,0.97832483,0.76886636,0.80862015,0.95148635
1770208942.5605,0.7645325064659119,0.8643476366996765,0.9567597508430481,0.18704514,0.24140422,0.24358912,0.15419848,0.17376307,0.86434764,0.86434764,0.86434764,0.86434764,0.86434764
1770208942.8680,0.7990255355834961,0.8986461758613586,1.0,0.1995324,0.21064855,0.2425613,0.17384078,0.17341697,0.9243201,0.82825714,0.80340046,0.98752034,0.949733
1770208943.1692,0.8236416578292847,0.9329288601875305,0.731980562210083,0.16701792,0.20819989,0.30408835,0.16070144,0.15999238,0.9406052,0.806851,0.9572508,0.99450266,0.96543425
1770208943.6664,0.7670150995254517,0.8867786526679993,0.36484837532043457,0.19102438,0.21572585,0.22167283,0.1974433,0.17413363,0.9265954,0.97832483,0.76886636,0.80862015,0.95148635
1770208944.7540,0.7716853022575378,0.8701773881912231,0.5995978713035583,0.18931498,0.21274692,0.23853537,0.19003668,0.16936602,0.86989653,0.78374416,0.76796925,0.9832065,0.94607043
1770208945.9675,0.765535295009613,0.9107068181037903,0.5584571957588196,0.19065823,0.19855238,0.23260531,0.1933117,0.1848724,0.94217944,0.97832483,0.7977318,0.87239766,0.9629003
1770208947.7986,0.7555891275405884,0.8955904841423035,0.8004249334335327,0.20625027,0.23511389,0.21296531,0.17536813,0.1703025,0.9204522,0.8195696,0.7916325,0.9997676,0.9465309
1770208948.6991,0.7805368304252625,0.8867786526679993,0.5809413194656372,0.17843485,0.22119781,0.22424957,0.19313174,0.18298608,0.9265954,0.97832483,0.76886636,0.80862015,0.95148635
1770208949.3599,0.8068176507949829,0.9095882773399353,0.6994113922119141,0.20570086,0.25919878,0.22702728,0.1484805,0.15959255,0.9039803,0.8120128,0.89392793,0.995968,0.94205195
1770208950.2881,0.8335658311843872,0.9016348123550415,0.407240629196167,0.18151814,0.23513407,0.24302341,0.17628874,0.1640356,0.8880644,0.8046722,0.87408185,0.99995947,0.9413958
1770208950.6180,0.8181056380271912,0.9016348123550415,0.7304888963699341,0.2024845,0.24290293,0.21215734,0.1675281,0.1749271,0.8880644,0.8046722,0.87408185,0.99995947,0.9413958
1770208951.2052,0.7808475494384766,0.8643476366996765,0.5603229999542236,0.1904282,0.26206794,0.24256,0.13592519,0.16901866,0.86434764,0.86434764,0.86434764,0.86434764,0.86434764
1770208951.6674,0.7761453986167908,0.9095882773399353,0.5079792141914368,0.2177004,0.22762749,0.2163962,0.15825471,0.18002112,0.9039803,0.8120128,0.89392793,0.995968,0.94205195
1770208952.1941,0.7836469411849976,0.8643476366996765,0.6841374039649963,0.19063884,0.23118776,0.24306557,0.15963475,0.1754731,0.86434764,0.86434764,0.86434764,0.86434764,0.86434764
1770208953.5339,0.788386344909668,0.9107068181037903,0.4248841106891632,0.20486864,0.18976037,0.21692152,0.20389195,0.1845575,0.94217944,0.97832483,0.7977318,0.87239766,0.9629003
1770208954.3237,0.7624021768569946,0.8867786526679993,0.7544364333152771,0.18859151,0.22699659,0.22550088,0.18385324,0.1750578,0.9265954,0.97832483,0.76886636,0.80862015,0.95148635
1770208954.6394,0.7597600221633911,0.8955904841423035,0.8679190278053284,0.22095951,0.23850109,0.19559908,0.16489987,0.18004048,0.9204522,0.8195696,0.7916325,0.9997676,0.9465309
1770208955.1016,0.8140584230422974,0.9018949866294861,0.49455526471138,0.20026718,0.24441397,0.24140354,0.14639033,0.16752496,0.9137508,0.81768864,0.9138866,0.9210813,0.9430671
1770208955.4059,0.7626456618309021,0.8867786526679993,0.5194613933563232,0.18790527,0.21956383,0.23797032,0.17211434,0.1824463,0.9265954,0.97832483,0.76886636,0.80862015,0.95148635
1770208956.5962,0.8319603800773621,0.9204433560371399,0.5751647353172302,0.19846335,0.22320887,0.23495135,0.1794394,0.16393699,0.9284447,0.82842237,0.90936834,0.9826387,0.95334244
1770208957.0734,0.7853528261184692,0.8533731698989868,0.5781986117362976,0.194938,0.25204825,0.21492656,0.15649346,0.18159379,0.82499087,0.8135804,0.8159789,0.866421,0.94589466
1770208957.4676,0.7345612645149231,0.8955904841423035,0.7353612780570984,0.20246729,0.24280211,0.2043421,0.16825107,0.18213741,0.9204522,0.8195696,0.7916325,0.9997676,0.9465309
1770208958.0668,0.7675703763961792,0.8643476366996765,0.4555913209915161,0.18976316,0.24927096,0.2373105,0.15307342,0.17058201,0.86434764,0.86434764,0.86434764,0.86434764,0.86434764
1770208958.1810,0.7544956207275391,0.8955904841423035,0.3395669162273407,0.20182642,0.22057289,0.22286834,0.17302087,0.18171145,0.9204522,0.8195696,0.7916325,0.9997676,0.9465309
1770208958.3841,0.7583937644958496,0.9016348123550415,0.2896975874900818,0.19996218,0.23304014,0.21101548,0.18205239,0.17392974,0.8880644,0.8046722,0.87408185,0.99995947,0.9413958
1770208958.9150,0.7438724040985107,0.8955904841423035,0.9741220474243164,0.20023157,0.24003248,0.2086131,0.17603788,0.17508493,0.9204522,0.8195696,0.7916325,0.9997676,0.9465309
1770208959.1159,0.8336510062217712,0.9016348123550415,1.0,0.19717611,0.22758712,0.2108079,0.19639166,0.1680373,0.8880644,0.8046722,0.87408185,0.99995947,0.9413958
1770208959.3478,0.7975578308105469,0.9204433560371399,0.8742222189903259,0.17633511,0.27234012,0.22821961,0.15813924,0.1649659,0.9284447,0.82842237,0.90936834,0.9826387,0.95334244
1770208959.4589,0.7771987915039062,0.8867786526679993,0.7971773147583008,0.19090727,0.22180283,0.21677743,0.19251667,0.17799574,0.9265954,0.97832483,0.76886636,0.80862015,0.95148635
1770208959.7048,0.7577226161956787,0.8917778134346008,0.6873906850814819,0.20088744,0.21157864,0.22087304,0.20013347,0.16652733,0.8917778,0.8917778,0.8917778,0.8917778,0.8917778
1770208960.1612,0.788110613822937,0.9204433560371399,0.36885321140289307,0.19398786,0.2781789,0.2155918,0.14901139,0.16323005,0.9284447,0.82842237,0.90936834,0.9826387,0.95334244
1770208960.4609,0.8158057928085327,0.9329288601875305,0.2828323543071747,0.19823003,0.22185059,0.24055448,0.17229664,0.16706832,0.9406052,0.806851,0.9572508,0.99450266,0.96543425
1770208960.5713,0.7982370257377625,0.8867786526679993,0.27033618092536926,0.20593844,0.18928131,0.22099912,0.20761718,0.17616391,0.9265954,0.97832483,0.76886636,0.80862015,0.95148635
1770208960.7680,0.7549440860748291,0.8955904841423035,0.20327019691467285,0.19243951,0.24555184,0.22060446,0.16876948,0.17263468,0.9204522,0.8195696,0.7916325,0.9997676,0.9465309
1770208961.1453,0.8136842250823975,0.9107068181037903,0.17788907885551453,0.17440215,0.20669577,0.24906313,0.19760464,0.1722343,0.94217944,0.97832483,0.7977318,0.87239766,0.9629003
1770208961.5110,0.7765547037124634,0.9107068181037903,0.39964064955711365,0.1889105,0.20510727,0.23945597,0.18601212,0.18051417,0.94217944,0.97832483,0.7977318,0.87239766,0.9629003
1770208961.7890,0.8010446429252625,0.8867786526679993,0.283400297164917,0.17749897,0.20177016,0.2679258,0.19591872,0.15688637,0.9265954,0.97832483,0.76886636,0.80862015,0.95148635
1770208962.1826,0.7925807237625122,0.8986461758613586,0.34058964252471924,0.19148138,0.23476045,0.23926046,0.15865505,0.17584272,0.9243201,0.82825714,0.80340046,0.98752034,0.949733
1770208962.4025,0.7830199599266052,0.8867786526679993,0.2498796582221985,0.18422046,0.20759857,0.25963247,0.17648062,0.17206785,0.9265954,0.97832483,0.76886636,0.80862015,0.95148635
1770208962.5475,0.8027039766311646,0.8896231055259705,0.20616035163402557,0.17825218,0.21063432,0.27237502,0.16197929,0.17675921,0.8896231,0.8896231,0.8896231,0.8896231,0.8896231
1770208962.7848,0.8108882308006287,0.8867786526679993,0.15109117329120636,0.18856668,0.19712244,0.25602335,0.19088782,0.1673997,0.9265954,0.97832483,0.76886636,0.80862015,0.95148635
1770208963.2584,0.7795650362968445,0.8547565340995789,0.15713277459144592,0.18969376,0.26392448,0.23221828,0.13436186,0.1798016,0.8669079,0.7686109,0.7572298,0.94548416,0.9355502
1770208963.7917,0.7565571069717407,0.9018949866294861,0.23178116977214813,0.1923344,0.21937653,0.24279264,0.16774519,0.17775123,0.9137508,0.81768864,0.9138866,0.9210813,0.9430671
1770208964.2697,0.7366307973861694,0.8932852745056152,0.17541305720806122,0.18534972,0.21621661,0.23935184,0.17402717,0.18505467,0.8932853,0.8932853,0.8932853,0.8932853,0.8932853
1770208964.4172,0.7713667154312134,0.9194328188896179,0.17749936878681183,0.21856953,0.20147787,0.20927572,0.18549064,0.18518616,0.9194328,0.9194328,0.9194328,0.9194328,0.9194328
1770208964.4693,0.7545760273933411,0.8750430941581726,0.17564718425273895,0.19945541,0.21167488,0.20606394,0.20553428,0.17727156,0.8086632,0.798007,0.8937409,0.93137234,0.9434319
1770208964.6280,0.8029794096946716,0.8978517651557922,0.20522813498973846,0.21066448,0.23540907,0.20218398,0.17257518,0.17916733,0.8978518,0.8978518,0.8978518,0.8978518,0.8978518
1770208964.9714,0.8141309022903442,0.8955904841423035,0.4792976677417755,0.19274254,0.2541869,0.22332036,0.15956764,0.17018262,0.9204522,0.8195696,0.7916325,0.9997676,0.9465309
1770208965.2742,0.8143446445465088,0.8880136609077454,0.3903667628765106,0.18713957,0.21526994,0.262067,0.17031735,0.16520613,0.9079456,0.81908345,0.84217703,0.933441,0.9374211
1770208965.6391,0.8217911124229431,0.8701774477958679,0.5804328322410583,0.2066718,0.22731179,0.2338593,0.16800804,0.16414902,0.87017745,0.87017745,0.87017745,0.87017745,0.87017745
1770208965.9128,0.8004662394523621,0.8867786526679993,0.5547336339950562,0.20174012,0.17943133,0.23475334,0.2076634,0.17641187,0.9265954,0.97832483,0.76886636,0.80862015,0.95148635
1770208966.0617,0.7501718997955322,0.8547565340995789,0.4270890951156616,0.17717345,0.27224934,0.23743546,0.14629751,0.1668442,0.8669079,0.7686109,0.7572298,0.94548416,0.9355502
1770208966.6069,0.7768234610557556,0.8880136609077454,0.2105073779821396,0.18389708,0.23887444,0.24521707,0.17030005,0.16171138,0.9079456,0.81908345,0.84217703,0.933441,0.9374211
1770208966.9430,0.7581859827041626,0.8955904841423035,0.36485809087753296,0.18229613,0.24584523,0.22919458,0.17008728,0.17257681,0.9204522,0.8195696,0.7916325,0.9997676,0.9465309
1770208967.0174,0.7831799983978271,0.8955904841423035,0.42584410309791565,0.18515228,0.23311768,0.23554824,0.1771249,0.16905685,0.9204522,0.8195696,0.7916325,0.9997676,0.9465309
1770208967.1754,0.7372293472290039,0.8955904841423035,0.4667211174964905,0.19240923,0.23529597,0.22438012,0.1714569,0.17645772,0.9204522,0.8195696,0.7916325,0.9997676,0.9465309
1770208967.2501,0.7735357284545898,0.8867786526679993,0.4731992781162262,0.18465263,0.21561131,0.24161984,0.18876825,0.16934799,0.9265954,0.97832483,0.76886636,0.80862015,0.95148635
1770208967.6420,0.7355149388313293,0.8867786526679993,0.4917501211166382,0.19595206,0.21142574,0.22274658,0.19193034,0.17794532,0.9265954,0.97832483,0.76886636,0.80862015,0.95148635
1770208967.7141,0.7648975849151611,0.9204433560371399,0.44431397318840027,0.19258298,0.2598635,0.220099,0.15167925,0.17577523,0.9284447,0.82842237,0.90936834,0.9826387,0.95334244
1770208967.8475,0.7898179292678833,0.8867786526679993,0.3616379201412201,0.19264443,0.2109979,0.22911762,0.19145627,0.17578384,0.9265954,0.97832483,0.76886636,0.80862015,0.95148635
1770208968.1322,0.8372496366500854,0.8867786526679993,0.2852476239204407,0.20170794,0.21063517,0.2356049,0.18070936,0.17134261,0.9265954,0.97832483,0.76886636,0.80862015,0.95148635
1770208969.1611,0.7529067993164062,0.8955904841423035,0.5881108641624451,0.19960628,0.23363568,0.2139338,0.18079874,0.17202552,0.9204522,0.8195696,0.7916325,0.9997676,0.9465309
1770208970.0108,0.7630853652954102,0.8896231055259705,0.4421311318874359,0.19924353,0.21392503,0.2170847,0.18916404,0.18058266,0.8896231,0.8896231,0.8896231,0.8896231,0.8896231
1770208970.2010,0.8163607120513916,0.8986461758613586,0.23425684869289398,0.19495085,0.2387442,0.23030715,0.17120549,0.16479236,0.9243201,0.82825714,0.80340046,0.98752034,0.949733
1770208970.3731,0.7543136477470398,0.9194328188896179,0.5725436806678772,0.20887153,0.20393312,0.2159277,0.19040714,0.18086049,0.9194328,0.9194328,0.9194328,0.9194328,0.9194328
1770208970.5282,0.7522285580635071,0.8867786526679993,1.0,0.18863478,0.19869362,0.23027007,0.2062813,0.17612018,0.9265954,0.97832483,0.76886636,0.80862015,0.95148635
1770208970.6086,0.8034800291061401,0.9016348123550415,1.0,0.18053813,0.22824034,0.23586655,0.19480759,0.16054744,0.8880644,0.8046722,0.87408185,0.99995947,0.9413958
1770208971.1019,0.8125453591346741,0.9016348123550415,0.44749364256858826,0.17143857,0.25814518,0.24646387,0.17244917,0.15150322,0.8880644,0.8046722,0.87408185,0.99995947,0.9413958
1770208971.4324,0.7554739713668823,0.8867786526679993,0.40699902176856995,0.17906412,0.20971236,0.24218446,0.19704741,0.17199165,0.9265954,0.97832483,0.76886636,0.80862015,0.95148635
1770208971.6599,0.7684235572814941,0.8986461758613586,0.40443775057792664,0.17411652,0.24937092,0.24500142,0.16418354,0.16732751,0.9243201,0.82825714,0.80340046,0.98752034,0.949733
1770208971.7637,0.7811441421508789,0.8867786526679993,0.3506152331829071,0.17785741,0.22094521,0.2365712,0.19789164,0.16673444,0.9265954,0.97832483,0.76886636,0.80862015,0.95148635
1770208971.8680,0.8107384443283081,0.8986461758613586,0.2811531126499176,0.18275587,0.23429735,0.23608492,0.1823311,0.16453078,0.9243201,0.82825714,0.80340046,0.98752034,0.949733
1770208971.9767,0.8103750348091125,0.8867786526679993,0.2566995918750763,0.17530528,0.19825569,0.24959137,0.21758579,0.15926184,0.9265954,0.97832483,0.76886636,0.80862015,0.95148635
1770208972.3052,0.7585133910179138,0.8750430941581726,0.339668869972229,0.19647305,0.20381878,0.21153332,0.20664717,0.18152763,0.8086632,0.798007,0.8937409,0.93137234,0.9434319
1770208972.7854,0.7760165929794312,0.9095882773399353,0.7407258749008179,0.2062515,0.23162615,0.20566785,0.16566944,0.19078512,0.9039803,0.8120128,0.89392793,0.995968,0.94205195
1770208973.2134,0.7954419851303101,0.8955904841423035,0.6140978336334229,0.20914644,0.20359372,0.21090096,0.1943886,0.1819703,0.9204522,0.8195696,0.7916325,0.9997676,0.9465309
1770208973.3148,0.80121910572052,0.8986461758613586,0.6094088554382324,0.19514604,0.21733324,0.22701868,0.17869821,0.18180382,0.9243201,0.82825714,0.80340046,0.98752034,0.949733
1770208973.4892,0.7777482271194458,0.8955904841423035,0.6429646611213684,0.2044858,0.23082185,0.21056926,0.16513072,0.18899237,0.9204522,0.8195696,0.7916325,0.9997676,0.9465309
1770208973.8403,0.7530642151832581,0.8701773881912231,0.4026269316673279,0.20049834,0.23334399,0.22819217,0.1566081,0.18135741,0.86989653,0.78374416,0.76796925,0.9832065,0.94607043
1770208974.1715,0.8323759436607361,0.8952431082725525,0.36893054842948914,0.21475118,0.20795688,0.22658946,0.16588372,0.18481882,0.8952431,0.8952431,0.8952431,0.8952431,0.8952431
1770208974.2979,0.774786114692688,0.9284436106681824,0.3710414171218872,0.20624717,0.23127753,0.22450261,0.15913585,0.17883681,0.8885667,0.89709383,0.9040321,0.99851924,0.9540062
1770208974.4139,0.7610582113265991,0.9284436106681824,0.39180535078048706,0.20258243,0.23794389,0.21817844,0.16111755,0.18017772,0.8885667,0.89709383,0.9040321,0.99851924,0.9540062
1770208974.5381,0.8223085403442383,0.9018949866294861,0.42705848813056946,0.18400502,0.22679672,0.26761195,0.1538408,0.1677455,0.9137508,0.81768864,0.9138866,0.9210813,0.9430671
1770208974.8906,0.774633526802063,0.9135875701904297,0.3185306489467621,0.2138384,0.21876939,0.2101455,0.16661595,0.19063072,0.9214473,0.84139305,0.90080935,0.95417714,0.9501113
1770208974.9537,0.8152552843093872,0.8952431082725525,0.27735719084739685,0.19361365,0.23355195,0.2447342,0.15726624,0.17083396,0.8939418,0.87704927,0.8654072,0.9136944,0.9261229
1770208975.4756,0.7480500936508179,0.9194328188896179,0.2200239896774292,0.19983399,0.21816652,0.21464647,0.18665524,0.18069781,0.9194328,0.9194328,0.9194328,0.9194328,0.9194328
1770208975.8314,0.7722198963165283,0.8978517651557922,0.16014748811721802,0.21989363,0.24174751,0.19105737,0.16335937,0.18394211,0.8978518,0.8978518,0.8978518,0.8978518,0.8978518
1770208976.2669,0.7679932117462158,0.9329288601875305,0.152119442820549,0.19880916,0.22395928,0.21681646,0.1819928,0.17842223,0.9406052,0.806851,0.9572508,0.99450266,0.96543425
1770208976.7604,0.842931866645813,0.9329288601875305,0.25869593024253845,0.18904178,0.23140343,0.24729972,0.16849639,0.16375875,0.9406052,0.806851,0.9572508,0.99450266,0.96543425
